barcode,in_tissue,array_row,array_col,pxl_row_in_fullres,pxl_col_in_fullres
TGAGTAGTCTCAGAGC,,1,1,,
TGTGTGTCCAGATGCA,,1,3,,
ACATGCGTCCGAACAT,,1,5,,
CACATTGGTGGACCTT,,1,7,,
ACACTACGGTTTCGAG,,1,9,,
AGAATCGCTCCTCTAG,,1,11,,
ATGTGCCACGAGAGTA,,1,13,,
TCGCTAAGTTGATCCG,,1,15,,
CAGAAGTCGTTCTCAC,,1,17,,
ATTCCTGTAGCAGTCC,,1,19,,
AGAGTAACCTAGTGGC,,1,21,,
GATGCTGGAAACCTGA,,1,23,,
GATGGCATTCCTGAGT,,1,25,,
GTCGGATAGCGTATCA,,1,27,,
GAAGGCTATCTTCCCA,,1,29,,
GGCATCGTAGTGACTA,,1,31,,
CATCTGGGAGGTCAAA,,1,33,,
TTGACCAGTGAGGATC,,1,35,,
AGAAGCGTGTACACGT,,1,37,,
TTGTCGTCATAGAGGC,,1,39,,
AATGGCATGGTTACGC,,1,41,,
TTCAATGGCACCTAGC,,1,43,,
ATGTACCGAATGCCAG,,1,45,,
ACCTTCAGTTGAGCAC,,1,47,,
GACGTGTCCAGTTCAT,,1,49,,
ACGAAGAGACCGTTCT,,1,51,,
GTCTGCCTCATGGATA,,1,53,,
TGCGATCACCAGATAG,,1,55,,
GGAGTATGATACACCC,,1,57,,
TAACGCTTGATGGCAG,,1,59,,
ATGCTCTCGTATCGCA,,1,61,,
GGTATCCTAGTGCAAC,,1,63,,
ATGCAGGTCACCTACT,,1,65,,
TTGCACCTGACATAGG,,1,67,,
TACACTTCTTGGGACG,,1,69,,
CTCAGATCGTACCTGA,,1,71,,
GTCACGATGGATGTCA,,1,73,,
CCAAGTCGAATCATCG,,1,75,,
GGATTGCACTCGGATA,,1,77,,
CGTGAACGTTTCTAGG,,1,79,,
AAGGGTGCTCTCATTC,,1,81,,
GCATAGTACACGTGGT,,1,83,,
TAGCATTCTCTCGGAG,,1,85,,
GTTCACTTGTACAGCG,,1,87,,
TAGATGGAAGGTCCAC,,1,89,,
ACTGGGACGTTAGATC,,1,91,,
GCTAGCTGTTACAACC,,1,93,,
GGACAGTGTCTGCTAA,,1,95,,
TACTGATGTCCAAGGG,,1,97,,
GGTTCTGCATTCAACC,,1,99,,
TTGGTTACGACCTACG,,1,101,,
ATAGCCAGCGTATGAG,,1,103,,
GATGCAAGCTAGCTTC,,1,105,,
CTTCCTAGGAAGTCCT,,1,107,,
GAGAACTGGTCTCAAG,,1,109,,
GCCACCTCAAGTGTTA,,1,111,,
GTTTCTCAGAGCGAGT,,1,113,,
GTCTCCGTACATACAG,,1,115,,
TTCACGCATGCAGCTA,,1,117,,
ATGGCAGGTCTATGCA,,1,119,,
TCGCTTTGACAGCGAT,,1,121,,
ATCCATCGTGGGTTAC,,1,123,,
TGGATACGTACCATGC,,1,125,,
GTCCAACTAAGTCTCG,,1,127,,
CTTCCAGGAGAAACTG,,1,129,,
ACTGAGGTGCAGCTTA,,1,131,,
GTTCCACACATGGGAT,,2,2,,
GAAAGTTCTGGTGTCC,,2,4,,
ACGTGAAACGCTGGAT,,2,6,,
GTACATGGAGAGCCAT,,2,8,,
ACGTTACAGCAGCTTC,,2,10,,
GTACCGATGCTCATTC,,2,12,,
CATGTCAACTAGCTGC,,2,14,,
CTTCCAGACAGGAGTA,,2,16,,
CTCGATTGCGTTAGAC,,2,18,,
GTACACTGCAGTAAGG,,2,20,,
TCTGACCTGAACTGCA,,2,22,,
GATTGGAACGATCCTG,,2,24,,
TCTCAACCGTCTAGGA,,2,26,,
TACTTTGCGACAGAGC,,2,28,,
TGTTTGCGAACACTCG,,2,30,,
TCTACGATGGACAGTG,,2,32,,
AAACGACGGTATGCTC,,2,34,,
GAAGCGATCTTGCAAC,,2,36,,
GCTAGACGTAGAGCAT,,2,38,,
ATGTCGTTCATGCACG,,2,40,,
AACTTGCACGTGCTGA,,2,42,,
TAGGGATTCCACACCA,,2,44,,
TGGTAGTGCCTACGAA,,2,46,,
TCTGTGTAGAGCTCAC,,2,48,,
GAGATCGAGTACTGCT,,2,50,,
CGTGATCGTACAGTCT,,2,52,,
ACAAGGGTTCTCGCAT,,2,54,,
TTCACAGTTTGGCACG,,2,56,,
AGCAGCGTCAGTAAGT,,2,58,,
AGCGAGGTATCTACCA,,2,60,,
GTCTCATCCTGAAGCT,,2,62,,
AGCAAGTAGCCTCTGT,,2,64,,
CTTCTCGTGGTACGAA,,2,66,,
TGTGATGAACGTGCAC,,2,68,,
TCCACGTCAAGGATAC,,2,70,,
TGAGAGTTCGCTCCAA,,2,72,,
CATCAGGAGTACTGTG,,2,74,,
GAATGGACTGATCTCG,,2,76,,
CATGGTGTCACATGTC,,2,78,,
GAGAGTCTAAGGACCT,,2,80,,
AACTTTGGACAGCGAG,,2,82,,
CAACGTGGAGGTCAAT,,2,84,,
TGGAGGACACTCTTCT,,2,86,,
AACTGTGGAAGGCTCA,,2,88,,
AGATCCAGTATGCTGC,,2,90,,
CTATGAACCTCGAGCT,,2,92,,
AGGTCCCTCTTGAGTA,,2,94,,
GTCGCACTTCTGACTA,,2,96,,
GTTTGCTGCAGAAGAC,,2,98,,
GATACGAACAGGCTTG,,2,100,,
CTACCGTGTCTGAGAA,,2,102,,
GACACTGCGATGCATA,,2,104,,
AGTTCAAGAGTGCTCC,,2,106,,
AATCTCCTGCCATGTG,,2,108,,
TACCCTCGTTGGGTAA,,2,110,,
CGTCCAGAAGCTGTAA,,2,112,,
GTTAGGAGCTTCTCAC,,2,114,,
ACCCAGGTTGTTGATC,,2,116,,
GTGGACACCTGTTGTA,,2,118,,
AGGTGGAAACTATGCC,,2,120,,
ACTAAGTCCCATCAGG,,2,122,,
AGGGATACGTCTTGAC,,2,124,,
GATTCTCGGAGCTCTA,,2,126,,
ACACCTGTGATCCTGT,,2,128,,
AGCCTCTATGTCATGG,,2,130,,
ATGGAGCAGCGATCAT,,2,132,,
TGTGACTGGACCAAGA,,3,1,,
CGGATCACTCACTAGA,,3,3,,
GGAAACCATGTAGGCT,,3,5,,
TGCCTCATGGAGGTAT,,3,7,,
TACATTGGCAAGGCAC,,3,9,,
AGAGTCCGTTTCTGCA,,3,11,,
AGTCTCTTGATGCAGG,,3,13,,
CACGACCATCAGTTAG,,3,15,,
CTAAGCGTGCCTCAAA,,3,17,,
GAAGAGTGCTTGCTCT,,3,19,,
ATCGTTGACAGAGGCT,,3,21,,
AGTGTGCCAATGCGAT,,3,23,,
CTAGGACTGACTCTGT,,3,25,,
CTGAGCTCGAACGTAT,,3,27,,
GGCTACGTTCACGAAT,,3,29,,
TGGTCGGAATGACATC,,3,31,,
AGGCAAACGCTTCTTC,,3,33,,
ACTAGTAGTCCAAGCC,,3,35,,
GGGTAGTTCAGATTCC,,3,37,,
CATGATGCGTGGTCAA,,3,39,,
GGTTAGACTCCTGACA,,3,41,,
AAGACGTCCTTGTCTG,,3,43,,
GACCTTACCATTCGGT,,3,45,,
GCGTAAGATCGTTTCG,,3,47,,
GTAGGACCGTTCCATT,,3,49,,
ATGCTATGCAGGCTAC,,3,51,,
CACTGTAAGTTCGAGC,,3,53,,
TTCCGAGAGATCACTC,,3,55,,
GAGAACCAGTCAGCTT,,3,57,,
AGAGCAACCTTGATGG,,3,59,,
TGCGTGACAAACTGAC,,3,61,,
CTGCTCTGCATCGAAT,,3,63,,
CCTGAATGCTGAAGAG,,3,65,,
GCCAACTGCATCAGAT,,3,67,,
TAGTTGGTCCAAGCAC,,3,69,,
GACTTCCAAGCTTGCT,,3,71,,
TACGAGTCTGCTTCCA,,3,73,,
GCAGTTACTGGACTGT,,3,75,,
ACCGAGGTCATGCTAT,,3,77,,
ACCGTTCTTACGTCGA,,3,79,,
TACAGATCCCAAGTGC,,3,81,,
ATCGTCACCATGGACA,,3,83,,
CGCTAACGTTGCTGAA,,3,85,,
TTAGTACCTCCTACGG,,3,87,,
TCGTGTCAACGACTCT,,3,89,,
TTGCAGGCACTGGTTA,,3,91,,
CGCTTAGCTTCATCGA,,3,93,,
GTTCGAACCTATCGCT,,3,95,,
TGTCTTTCCAGACGAC,,3,97,,
CTACTGGCTTCAGGAT,,3,99,,
TCAGGCTACTTCAAGC,,3,101,,
CGCTGAGGAATCTACT,,3,103,,
GACTCTGTCAACGTTG,,3,105,,
CCCTAAGGTGTGAGTA,,3,107,,
CAATGTGCTGAGGTAC,,3,109,,
TAGGTGGTTACGCATC,,3,111,,
TTGGTGTCCAGACACA,,3,113,,
CCGATGTGTCTACTAC,,3,115,,
GGATACGGATTCTGCT,,3,117,,
TCGGATGACAGGCTTA,,3,119,,
TCGGAGGCATCATCTA,,3,121,,
TCATACCTCACGGAGT,,3,123,,
CACTATCACACTGGTG,,3,125,,
CGCACCATTCAGTGTT,,3,127,,
ACTGCTGGAATGGACT,,3,129,,
TGCTTGCGACTAGTCA,,3,131,,
CAACGAAGTGCACTTG,,4,2,,
ACCGATGGTCCTATCA,,4,4,,
AACCCAGGTATGTGAC,,4,6,,
ACGCTCAGCTGATTGA,,4,8,,
TTAGGACATCGGTCTC,,4,10,,
AGTGCGTCGAAACAGT,,4,12,,
ATTGCCTGGCAGAGAT,,4,14,,
AGACTCTCTGTGAGGT,,4,16,,
GATAGTCGAGACGCTT,,4,18,,
CCAGATCTCTAGGTTG,,4,20,,
GTACCTGACCTCTTAG,,4,22,,
ACATTGCACTGTGGGA,,4,24,,
CTTCAAGGCTTCCGTA,,4,26,,
CTCTGTCAAGGAGACT,,4,28,,
TGTAACTGAAGCTCGG,,4,30,,
TATCCTGACTGACGGA,,4,32,,
TCCATCAATGTGCTCG,,4,34,,
ATCTGGTTCTCCGAAG,,4,36,,
TTCGGACCTGAAAGCT,,4,38,,
CATACCGTTTCGTAGC,,4,40,,
TGGTAAGCTGTCATCC,,4,42,,
CGTACGTAACTTCCTG,,4,44,,
ACGATCGATCGAAGGT,,4,46,,
AGGTTCAGTGTCGTAC,,4,48,,
CGACATACTGGGTAGA,,4,50,,
TTCGTCGGACATTCGA,,4,52,,
GCGTATCATCGCAAAC,,4,54,,
CTTCACAGAGACGTGA,,4,56,,
GACTGGCTAAGATGCT,,4,58,,
GACTCGAGTTACAAGG,,4,60,,
TAGTGTGCCAGTGCAT,,4,62,,
GTAGCAACACTTGGTG,,4,64,,
GGTGCTACATGCAGAT,,4,66,,
GTCGTAGACAGTCTCA,,4,68,,
CGTGAAGTCTCCTCAA,,4,70,,
ATCCTGTGCTACGACA,,4,72,,
CGTTGCATGCAGCATT,,4,74,,
AAGTGGCTAGCGTCTA,,4,76,,
GACATAGCTTTCGAGG,,4,78,,
CCATACATGACTGCAG,,4,80,,
AACTTAGGTGCCACCA,,4,82,,
TCCAAGTCTGATGGGT,,4,84,,
GGCTCTACTCGTATCA,,4,86,,
TCGATAGAGTGGCACA,,4,88,,
TCTAGAAGAGGTGTCC,,4,90,,
AAGGCATCAGGACTCT,,4,92,,
ACTCGGTACTATGGAC,,4,94,,
CACGGAACTGAGCTTT,,4,96,,
AGTCTGGTAGTCGCAT,,4,98,,
CCACTAGGTATGGTCA,,4,100,,
ACCTGTAGAGTCACGT,,4,102,,
AAGTGTCCCTCGTCTA,,4,104,,
TCAATCGCTGTAGGGA,,4,106,,
ACTAGCTTCGTGAGTC,,4,108,,
TAGGCACCATCGTACA,,4,110,,
ATGGATCGTCCGAAGT,,4,112,,
GCATAGCTGGACTAGA,,4,114,,
TCCGAACTCGTTGAAC,,4,116,,
TTCTGACCCTGACTGA,,4,118,,
GGTTCAGATGTCTGAC,,4,120,,
AACTGTACTGCACACG,,4,122,,
GAAGATGTCTCGCTAG,,4,124,,
TGCGACGAAACATCCT,,4,126,,
GGCTATGCAAACGTCT,,4,128,,
TAGTGCCAAGTCGTAC,,4,130,,
ATGAACGATCCATCCG,,4,132,,
GGTAAGAGCATTCTGC,,5,1,,
CCCTTACGAAAGGTAC,,5,3,,
TAAGTCACTAGGAGGC,,5,5,,
GGTATCGAACACTTGG,,5,7,,
TCATGTCTCACAGCGA,,5,9,,
GCATAGTTCAGTCCGA,,5,11,,
AACAACTGTCTCGAGG,,5,13,,
CACGAGAAGTGACCTT,,5,15,,
GGCAACACTCGTCTAT,,5,17,,
TGCTACACTTAGTGGC,,5,19,,
TTCGCACATCGATCGT,,5,21,,
CTCTCGAAGGACTTCA,,5,23,,
ACCCTTTGCGAGAGTT,,5,25,,
AATCCTCAGATGCTCG,,5,27,,
ATGAAGCTGACATGGC,,5,29,,
GCTGTCTTCACAGTAG,,5,31,,
ACAGGTGCTTAGTCCA,,5,33,,
TCTCTCCAGATAGGCA,,5,35,,
TGCGAACAGTCACATC,,5,37,,
CTGTACAAGGCTAGCT,,5,39,,
TAGAGATTCCTGTGCC,,5,41,,
CCAGGAGCATTCTTAG,,5,43,,
GGAGCACTACAAGTTG,,5,45,,
ACGAGGCTTCAACGTA,,5,47,,
CTAGTAGGGATTCCTC,,5,49,,
CTGATGCGAACTGCAA,,5,51,,
TGTCCGAGAGAACGTA,,5,53,,
ACGTCTGAGCACTCAT,,5,55,,
ATTCGCAGGGTAGCTT,,5,57,,
TGCTTGAAGTCCACCA,,5,59,,
AACCGTATGGGTCTCT,,5,61,,
TGCTTCTAGGAAGCAC,,5,63,,
AAGAGTATCAGGCTGC,,5,65,,
AGGATCAGACTCTACC,,5,67,,
ACCTCTTGGACAACGA,,5,69,,
CTCACCAGGGATACTT,,5,71,,
AGCACATCTGCAGTCA,,5,73,,
TACGAGGATCACGAGT,,5,75,,
GGACGTTACAAGTCGT,,5,77,,
GCTCATACGTGAGACT,,5,79,,
CCATCCATGGTGGATA,,5,81,,
ACTCGAGTTCAAGGCT,,5,83,,
CGTAACCTCGAGAGTA,,5,85,,
CCTAAGTTCGTGACCT,,5,87,,
TGATCGTGCAACTACG,,5,89,,
GGACTCACAGTCAAGT,,5,91,,
AGGACTATCGTTCGGA,,5,93,,
GCTCCGAAACTTGTAG,,5,95,,
CACGTTTGCGAGTATC,,5,97,,
TGTGATCCAGACCACT,,5,99,,
TCTTCGCAACTGAAGC,,5,101,,
CTGGTACGACCAGAAT,,5,103,,
CCGTTTCGAAGCAACA,,5,105,,
GTTTCGATTCCAGGAG,,5,107,,
ATAGTCACGACTGTCC,,5,109,,
CTCTACGATTGCCATG,,5,111,,
TCGAGACCTGGACATA,,5,113,,
AGCAATGAAGGGTCTC,,5,115,,
TAGAGTCCGATGTCAG,,5,117,,
GTTTCTCACCGACTGA,,5,119,,
TGTACCTTGGAGACTG,,5,121,,
TGACCTTCTAAGACGG,,5,123,,
AACAGTTCACGGACGT,,5,125,,
CGATTCTGAAGCCTGT,,5,127,,
ATCGTACCAAGTGCCA,,5,129,,
GGCAGTCAGTAGTAAC,,5,131,,
GTGCTAGACTAAGTCC,,6,2,,
CTACATACCGTTGCTG,,6,4,,
TTGAACCTTGGTGCCA,,6,6,,
AGTGACATGTCCGAGT,,6,8,,
GCAGGTGGTTCATACT,,6,10,,
GGACCTACTCGTAAGT,,6,12,,
CAGCTTCGTGAGGTAT,,6,14,,
ACGTCTCAAGGACGAT,,6,16,,
GAATGATCGAACGCTG,,6,18,,
TGTCTGGTTCCACAGA,,6,20,,
GGACGTTTGGCTACTA,,6,22,,
CTGTCGTACAGTGACA,,6,24,,
GAGTTCGCTCTACCTA,,6,26,,
GGAAGATGTCTCCGAT,,6,28,,
ACTAGTGGTCGTTCCA,,6,30,,
CAGCGTAGTACTAGCT,,6,32,,
GCTTAGAACTCTCGCA,,6,34,,
ACGTTTCCGTGGAGTA,,6,36,,
ATTGGCTGGATGCATC,,6,38,,
TCCGACTATGTAGCCA,,6,40,,
GTGACCATGACCTTGT,,6,42,,
ACATGTCGAATGGCTG,,6,44,,
ACCGATGCACATGTAG,,6,46,,
CGTGTCATTGACGTCA,,6,48,,
ATTCGCACCGAACTAG,,6,50,,
ACGAGACAGTACTTGG,,6,52,,
GTAGATTGACCTGCCT,,6,54,,
AGCAGCTTACGCTAAG,,6,56,,
GACGCAGTCATCTTAC,,6,58,,
CAGAAGTTACCCTACG,,6,60,,
GATGCGATCTAACAGG,,6,62,,
CTTCCACATAGGCTAG,,6,64,,
GCACAGTCACTGGTAA,,6,66,,
ACCACAGTTACAGTGG,,6,68,,
CACCATGAGTGCATAG,,6,70,,
CTTCTCAAACGTTGGC,,6,72,,
ATGCTTGCAACTTGCG,,6,74,,
TTGATCGGTGCTCAAC,,6,76,,
ATGTGCCACAGTTTGC,,6,78,,
CAGCGTGCTTCATGAT,,6,80,,
GATTGCAAGCACCGTA,,6,82,,
CTAAGCAGCTGATGTG,,6,84,,
AGTCAGGTCAGTCAAC,,6,86,,
GATCTGACAGTGAGCA,,6,88,,
TGTCGAACCTTGGCTA,,6,90,,
TGGTTTGGCATACGAC,,6,92,,
GTGGTAGCCTTGAACT,,6,94,,
GGACTGGCATCATTGA,,6,96,,
GCCTGAATCTGTCTAG,,6,98,,
ACGGTGACAATGTCGT,,6,100,,
AAGTAGTCAGTCGCAC,,6,102,,
ACAGGATGCCTTTCAG,,6,104,,
CATCGATTCTGAGGTC,,6,106,,
ATGTGACCCTAGGAGA,,6,108,,
CGAGGTTACGTCCATT,,6,110,,
TGTGATACGATCCGTG,,6,112,,
GGAACTTGAAGATCCG,,6,114,,
AGCAAGCATGTCTGGT,,6,116,,
TGTGAGACCTAACGCT,,6,118,,
CCCTAGAGACGTATCT,,6,120,,
CTATCGTTGTCAAGCG,,6,122,,
ATCCAAGATTGCTGCG,,6,124,,
ATAGTGCCAGTAGCGT,,6,126,,
GCTGAGGAAACTGCTA,,6,128,,
GAAGCGTGACTATCAC,,6,130,,
TGGAACTTAGGATGCC,,6,132,,
GTTGACCACTAGCATG,,7,1,,
TCATCAGCGTCTTGCA,,7,3,,
TGACACCGAGTTGCAA,,7,5,,
GAACAACCTGACCTTG,,7,7,,
CACTTGATCCAGGGAA,,7,9,,
CACGCATGAGAATGTG,,7,11,,
AGCGTAGCTTGTAACC,,7,13,,
ACATCTGGTGCAGCTT,,7,15,,
GACATGCGACATGCTA,,7,17,,
ACTGGCTCTACTGCTA,,7,19,,
AGCCTAGGAGCTATGT,,7,21,,
TCGATTCTGCCAGTAG,,7,23,,
GATGCATCTCGTGATG,,7,25,,
GACTACTGGTTGACAG,,7,27,,
GGTCTTACCATCGTAG,,7,29,,
TTGATTCGCAGCATCC,,7,31,,
GGTCTGCACTTCAGAA,,7,33,,
GTCAAGGATCTGCAGT,,7,35,,
TTGGCTAAGTGTCGAC,,7,37,,
TACATGGTGGGACCAT,,7,39,,
TCTTGTCTCAGGGAAG,,7,41,,
GCATCTGCGACATTGA,,7,43,,
TTGAGTGCGTTCAGCA,,7,45,,
AGACATGGCAACTTCC,,7,47,,
GGATCCACAACATGTC,,7,49,,
GACATCTTGTGTCGAG,,7,51,,
GACACTCTGTATCACG,,7,53,,
GAGCCAGTCAATCGTT,,7,55,,
TACATTGGAGCCTGGA,,7,57,,
GAAGTACTCGTGACCA,,7,59,,
GCTCCCAAGATGTAAC,,7,61,,
CAAGAGCCTGCTATCT,,7,63,,
TCTGTGTCGACAGTCA,,7,65,,
AATGCTAGGAGATCCG,,7,67,,
GATAGGGTATCCTCCA,,7,69,,
GCTAACGGAGTTTCGT,,7,71,,
CAGACTCAGTCGTTCA,,7,73,,
TCTACCACCTTGTGGA,,7,75,,
TTGGAAACTGTCGTCC,,7,77,,
AGTGTGTTAGCAACCG,,7,79,,
TAGTCGTAGAACGCTC,,7,81,,
CTATCGACGACTCAGT,,7,83,,
CTGTGCAAGCGATCAA,,7,85,,
TCCATGAGGTCCCTAT,,7,87,,
TGGCTACGAAGCATCT,,7,89,,
TCGTTACCGTTCACGA,,7,91,,
CGTGACTTAGGTGCAA,,7,93,,
TGAGTCTCCCATGACA,,7,95,,
ATGTACGTGACCAGTG,,7,97,,
ACATTGCTTACCAGGG,,7,99,,
CGATTGTTGACAGCTC,,7,101,,
CGTTACGTTAGGAGAC,,7,103,,
TAACCTACGGTGTTCC,,7,105,,
ACTTTGCTGTGACCGA,,7,107,,
TCCTGATGCGAGAAAG,,7,109,,
GGTACCATAGGCTACA,,7,111,,
AGAGTGCCAGAGCTTA,,7,113,,
TCTGATGCCTCTGGAA,,7,115,,
ATTCCACCATGGGTGA,,7,117,,
TCCGAAACGGTTAGCT,,7,119,,
TCATTGCGATGTGCAG,,7,121,,
GGCACTGATCTAGAGT,,7,123,,
CACATCGAGAGTGCAT,,7,125,,
GGAGTCTCATCGAGAT,,7,127,,
TCGTCTAGGAACATGC,,7,129,,
GCCATGTTGATTCGAC,,7,131,,
CTTAGTCAGAGTCCAG,,8,2,,
CAGATGTGCAATGCAG,,8,4,,
GTTCCACGATCCAATG,,8,6,,
AAGTGACAGCTTGCAG,,8,8,,
AGGGACTCTATCACCA,,8,10,,
GCATCTGCTAAGATGC,,8,12,,
TCGTTAGCGAGCCATT,,8,14,,
ATCTCCATGGGTACCT,,8,16,,
TCTAAGTGCACGGTTG,,8,18,,
CTCAGGTCATCTACAG,,8,20,,
AGTCACACTCTAGTGC,,8,22,,
GTTACCGTGCGTAGAT,,8,24,,
CACTGCAGGAACGATT,,8,26,,
CACTGGACATGTTACC,,8,28,,
TCAGCACTAGGTTCGT,,8,30,,
TTACCGTCAACTGGCA,,8,32,,
TCACAGCTGCCATGTA,,8,34,,
CATGGACACGAGTTAC,,8,36,,
AAACGTCTGGACCTCA,,8,38,,
TCACTGGCTCGACTAA,,8,40,,
GGTACTGGACACTGTA,,8,42,,
CTCCTTCAAGGTTGCA,,8,44,,
TGATGCTGATCAGTCC,,8,46,,
GGTATGCAACTTGCCT,,8,48,,
TCAACCGTAGCTTGGA,,8,50,,
TGGTACAGACTGCCAT,,8,52,,
TCAGCAAAGGATGCCT,,8,54,,
AGTCGATCGTAGACTG,,8,56,,
GAGTCCCAGTCTACAT,,8,58,,
GTCTGAGAACCTAGTC,,8,60,,
GTGGCTGAACACATAG,,8,62,,
GCATACGTAGCTTCTG,,8,64,,
CCTCTAGCATTGGCAT,,8,66,,
ATTGGTGCTGTCACGA,,8,68,,
CGGAACTTCTCTGTGA,,8,70,,
GGTGTCTAGAAGCCTT,,8,72,,
TCACTCCAAGGGTAAC,,8,74,,
AAGTGGTTTCGAACCC,,8,76,,
TGTACATGAGAGCAGC,,8,78,,
GTGTTGACGCAGCTTA,,8,80,,
AATGCTCCAAAGTCCG,,8,82,,
TAGCTTCTCCAGAGCA,,8,84,,
ACGCTGTTCACGATTG,,8,86,,
CTCGCTTAGGTCCTAA,,8,88,,
CTTCAAGAACGGTTCC,,8,90,,
GTCCATTCAGGATGAC,,8,92,,
ATACCCTCTTGAGCGA,,8,94,,
TGTCCAGGAACGTTTG,,8,96,,
AAGCCTTCGCTTAGAG,,8,98,,
GGCTAAGTACGCTTAG,,8,100,,
TCAACCGTCCGTTGAA,,8,102,,
GGTAGAAGGCTCCAAT,,8,104,,
GAGCGTAGATTGCACA,,8,106,,
TCCCTATGGCACATAG,,8,108,,
TAGGTCTCACTCAGGA,,8,110,,
AACCCTGATTGACGGT,,8,112,,
GCGAGTGTATCTGCAA,,8,114,,
TTCTGGAGCGTATCGA,,8,116,,
ATCGTTTGAGCATGGC,,8,118,,
CCGTCTGTACTAAGTG,,8,120,,
ATGCCATCTGCGAAAC,,8,122,,
TCGACATGTCCAGAGT,,8,124,,
CAACTGGTGTGTTAGC,,8,126,,
CAGACTGTGGCACTTA,,8,128,,
CTCTTACCCAAAGTGG,,8,130,,
GATTCACTCGCAGTCA,,8,132,,
AGGTACGCATACCGAT,,9,1,,
CTGTCGAAACTGTAGG,,9,3,,
CTAACGCTCAGGTCTA,,9,5,,
AAGGTGATCTCACACC,,9,7,,
TTAGGCACTTGGAGAC,,9,9,,
TGGACAAGCGACTGTA,,9,11,,
CGTTAGGATGCGATAC,,9,13,,
GTGAATCCTAGACCTG,,9,15,,
GGTACCCATCCAAGTT,,9,17,,
GTGCAGGACACATTCA,,9,19,,
GGGACTATCACCTACA,,9,21,,
CTCGACGTGAAGTCTT,,9,23,,
GACGCTTACTGAACCA,,9,25,,
CGTACTAGAACCTACG,,9,27,,
ATGCTCTTTCGGACCA,,9,29,,
CTGTTAGGTAAGCTCC,,9,31,,
CCTACAGTACCATTGG,,9,33,,
CTCAGAAACCGTTAGG,,9,35,,
GCAACAGTTGTAGCGT,,9,37,,
CGAGCTACAGTCTTAC,,9,39,,
TCCGTCACTAAGACGA,,9,41,,
GTGCTAACGTTCGATG,,9,43,,
ACGGTACTGCACACAT,,9,45,,
TAAGTTCTGTGCACCC,,9,47,,
CTTACACTAGCTGGCT,,9,49,,
CTTAGCTGGTCAGATG,,9,51,,
ACCATTCAGCATAGCG,,9,53,,
ATTCATTGCAGGCAGG,,9,55,,
TTCGTATGGGTACCAG,,9,57,,
TGCGAAAGTACCTAGG,,9,59,,
GGACGTTGCCTATGAT,,9,61,,
TAGAGATTGCCTGGTC,,9,63,,
CCAGTTGTAGCAGTAG,,9,65,,
GACATCAGTAACGTGG,,9,67,,
GAACGTCCGTCTCATT,,9,69,,
GTCAGTCACTTAGTCG,,9,71,,
GTACGATGACCATTCG,,9,73,,
CTGAAGGCTGATCATG,,9,75,,
ACGTCTGTCTCAGAAC,,9,77,,
GAAAGTCTGTCAGCCA,,9,79,,
CTTACAGGTAGCTAGG,,9,81,,
TACTTTCGCAGCACGT,,9,83,,
TGACATGGCAAGGCTA,,9,85,,
GCGAGATGTCTGCAAA,,9,87,,
GAGACAGCATACTCTC,,9,89,,
GCACTGTCACATCTTG,,9,91,,
GTGATCAGGTTCACCA,,9,93,,
CTGATACTTGACGTGC,,9,95,,
AGGAGTCATCGTCTAC,,9,97,,
AACCTCGTATCTACGG,,9,99,,
GGCACTTGACTCTTGA,,9,101,,
GTTTCACACGTACGTG,,9,103,,
AGGTATGACCTGAGCT,,9,105,,
CTGGGAGCTCTAACTA,,9,107,,
ATCCACCTGGATCAAG,,9,109,,
ATTCCTGAGCGACAAG,,9,111,,
AAAGGTCCTGCGACTT,,9,113,,
GCTATGATGTCGTGCA,,9,115,,
TTACGTTGCGTCGAAG,,9,117,,
ACCGAGTCTTTCGAAC,,9,119,,
AACATGGTAGGCATGC,,9,121,,
CTTTGCGATGGAATGC,,9,123,,
AGACTCGGAGATGACT,,9,125,,
CTCCTCGATTGCAAGT,,9,127,,
CTTACACGCAAGTGTC,,9,129,,
ATGAAGTAGCCTGGCT,,9,131,,
AGTATCGCAGGCTAGT,,10,2,,
ATGGAGAGCCTCTATG,,10,4,,
CGATCGAAAGCTTGCT,,10,6,,
ATCCTGTTCCAGTGAG,,10,8,,
GCACTTGCTAGAACGA,,10,10,,
GTTAGCGAACTTTCGG,,10,12,,
TTAGACGAGAGCTGCA,,10,14,,
ATGACGATCCCTAGTG,,10,16,,
TGGATCTCGTTCCGAA,,10,18,,
GCTCTTACTAGGCACT,,10,20,,
CTTGGACCAGTTAGGA,,10,22,,
AGCAGATGACATTGCC,,10,24,,
TCACACGAGTGCCATT,,10,26,,
CAGTATCACGGTAGGT,,10,28,,
TGAACATGCACCGTAG,,10,30,,
AGGATTCCTGAAACCG,,10,32,,
TGTGCGATCAAGTCTC,,10,34,,
AGAGTAGTCTCCGATG,,10,36,,
ACTGTCCAGACGCAAT,,10,38,,
AGACTGATTCAGTGCC,,10,40,,
CATCTGCAACGAATGG,,10,42,,
AGCTCAATCCTGAGCT,,10,44,,
TCTAACACGAGCTAGG,,10,46,,
GTAACTGCGTAACTGG,,10,48,,
TTAGAGTGCCAGTCAG,,10,50,,
ATGAAGTCTGGACCAC,,10,52,,
GCGTTTGTACAACACG,,10,54,,
CAACTAGAGACGTCGT,,10,56,,
GAACTGAGTTCGCATG,,10,58,,
GAGATCCTGGCTACAA,,10,60,,
CGATGTCCGAACGTAA,,10,62,,
ACGAGGTCCTGAAGAT,,10,64,,
CAGGCTTAGTCAAGGT,,10,66,,
TCAGTTAGTGCCATGC,,10,68,,
GCCTCATAGTAACGTC,,10,70,,
TACGATGCTTCAGCTC,,10,72,,
GAGACACTTCAAGCTG,,10,74,,
ACGTTGAAGGCTCCTT,,10,76,,
CAGTGTCGGTAGACAA,,10,78,,
GGTAAGCTCAGACTTC,,10,80,,
GGTAACTTCGAAGACG,,10,82,,
ATCTATCCTCCATGGG,,10,84,,
AAGACCCTGCTCAGAT,,10,86,,
ATGTAGTAGGCTAGCC,,10,88,,
GATGAGCCTGTCCATT,,10,90,,
GATGATCCAGGCTGTT,,10,92,,
ACAGCACGAGTGTTTG,,10,94,,
TTGTCAAGCGATTGGC,,10,96,,
TAGTGCTGCCATGTCA,,10,98,,
GAACTTTGGCAAACCC,,10,100,,
AGCAAGGTGTTACGTC,,10,102,,
CATGTGAGCGACTCAT,,10,104,,
AATGAGGACGGTCCTA,,10,106,,
TCAGACCGTTCAGGAA,,10,108,,
CTCGTAGAGCTAGTTC,,10,110,,
TAACCGTCACTGGAAC,,10,112,,
GGCTCGTCATTGGAAT,,10,114,,
TCTTACCTGTCAGGAC,,10,116,,
GCCACAACGGTTCATT,,10,118,,
CTACCTTGCTAGAGGT,,10,120,,
CACTACATGCGAAGTC,,10,122,,
ATCCACGTAGGTTGCA,,10,124,,
CGCAGTTGTACGATAG,,10,126,,
GGGATCCGTGAACTTA,,10,128,,
TCTGCAAACCGTAGCT,,10,130,,
TACAGGGATTCGCTCA,,10,132,,
ACACCGAACATGGTCT,,11,1,,
GTATCCCAAGCTAGTC,,11,3,,
CTTGTAGTAGCACCTC,,11,5,,
ACTTGGCATCCTGAGT,,11,7,,
ATACGGACGACTTGGT,,11,9,,
CGTCGTTCACATGAGA,,11,11,,
TCAACGGACTTTGAGC,,11,13,,
GACCCAGTGACAAGTT,,11,15,,
CGATGCATTGAATGGC,,11,17,,
TTCGAGGAACTGTGAC,,11,19,,
TTGGACCAGTAACGCA,,11,21,,
TACCTGGTATGGACTG,,11,23,,
TACGATACTCGAAGGG,,11,25,,
CAGTTCTAGTGCGAAG,,11,27,,
ATCCTGTAGCGAGTTG,,11,29,,
AGCAACACAGTTGCCT,,11,31,,
GTTACGTATGAGCTCC,,11,33,,
TAGGAGGACTTCCATC,,11,35,,
CCTCAAGAAGTGACCT,,11,37,,
CGATTCAGATGTTGCG,,11,39,,
AAGATCCACTGTAGCG,,11,41,,
CCAAGGTTGTATGAGC,,11,43,,
CCTACATGGCATCATG,,11,45,,
TGTAGTCTTACGGACG,,11,47,,
GATCCGAACAAGTCTG,,11,49,,
CTATGGTAGCTTGCCA,,11,51,,
ATCGAATCGATGAGCG,,11,53,,
GAGAGTGATCTCTCTC,,11,55,,
CAACTTGATGGTGCCT,,11,57,,
TCGGTGATTGTCCAAG,,11,59,,
GTAACAGTACCGACTC,,11,61,,
AAGGGAGACAGCTTCT,,11,63,,
ACCTTAGGGTCCTTAC,,11,65,,
TATCCTCAAGCTCGGA,,11,67,,
TTAGCACCTGTAGGGA,,11,69,,
GGTCAGAAACTCTCGT,,11,71,,
ATCAGACTAGGTGCTC,,11,73,,
AAGGTCATTCCTACGG,,11,75,,
TCTCATGACGGAACTG,,11,77,,
TACCGTGAAGTGTGAC,,11,79,,
CCAGGTCTATGAGGTT,,11,81,,
ATTGAGGCACCTTCCT,,11,83,,
CATCCTGTTAGCTGCA,,11,85,,
CACAACACCTTTGGGA,,11,87,,
TAGCACGTATCGAGCA,,11,89,,
GAGAGGAACTCTCTCA,,11,91,,
GTACCAGCGACTCATA,,11,93,,
CTTGACCCAAGGTCAT,,11,95,,
TTAGCACCAGTGCAAC,,11,97,,
ACGTTCCATTGAGCTG,,11,99,,
TCAGGTGGAACGCAAT,,11,101,,
GTGACATGACATAGCC,,11,103,,
ACATCAGGTCTTTGCC,,11,105,,
AGCCTGTCTTAGATGC,,11,107,,
CAGTCACTCGGTCAAT,,11,109,,
TCTTCGGTAGACAGCA,,11,111,,
GAGGGATACCCTTACT,,11,113,,
CACACTCTCTAAGGAG,,11,115,,
GACGGACTGTACGTTA,,11,117,,
GACAGTTGTGACTACC,,11,119,,
CTCGTAGAATCTGCAG,,11,121,,
CCCTTTGAAGCATGGT,,11,123,,
TCGGTTCTCAAAGAGC,,11,125,,
CGATACTGGGTTCGAT,,11,127,,
AACGCTTTGTCGAAGC,,11,129,,
TCTGCATGAGATGCTC,,11,131,,
TACGAACGATCCTGGA,,12,2,,
ACCTAGCACGGATTGT,,12,4,,
GGGTACAACTTTGCGT,,12,6,,
GAATGACCTCTGTCAC,,12,8,,
GCGAACATACGTGCTA,,12,10,,
ATGCTACATCAGGGAC,,12,12,,
GTCCGAGCGATTCAAA,,12,14,,
TGATCGAGTCTCCATG,,12,16,,
AGCAAGTATCCACGTG,,12,18,,
GAGATCCTCTGAAGGT,,12,20,,
AGTCCACTGTATGGTG,,12,22,,
CCAGACCTTAGAGAGT,,12,24,,
GACACTCGTTGCATCT,,12,26,,
TAGGATTCGCACCGTT,,12,28,,
AACTGCATGATGGCTC,,12,30,,
GCATTCTTCGTCGAAG,,12,32,,
AGCATTGAGACCGTGT,,12,34,,
GAATGTACGGACCAGT,,12,36,,
CCCTTAGAGACAGGAT,,12,38,,
AACTGACCTGCGAAGT,,12,40,,
TGCCAAGATCAGGTAC,,12,42,,
CTAACATCGTCGCTGT,,12,44,,
AGCATGATCATCAGCG,,12,46,,
TGCTAAGCATGAACCG,,12,48,,
ACGTGTGCTTACCGAT,,12,50,,
ACGCTCGACTTAGTAG,,12,52,,
GAACTGTTCGACGGAA,,12,54,,
GACGTGCGTTTCAGTA,,12,56,,
GAGAACCTTCCTAGTG,,12,58,,
CCGTCACTATCGTAGT,,12,60,,
CTTGGAATGCTACTCG,,12,62,,
TAGACGTTCTCCAGGT,,12,64,,
GATGCACTCTGTCATG,,12,66,,
GTAGATCACAGGGTCA,,12,68,,
CGGTGAAGATCGACTT,,12,70,,
CGGACTTCACTGATCA,,12,72,,
CCACGGTTGATTGACT,,12,74,,
CGAATGTGAGGTCACA,,12,76,,
TTGGTACCTCGATCGA,,12,78,,
TATCCGTAAGCAGCAG,,12,80,,
TCAACATCTGAGGTCG,,12,82,,
CGAGTCTTGTACTACG,,12,84,,
CTGACTGGACTCGATA,,12,86,,
TCATGTCGTCACTAGC,,12,88,,
GATCCATGAAGTCGAC,,12,90,,
ACACGCTAGGTGATAG,,12,92,,
GCAGTTTGGACTAGAC,,12,94,,
CACTCAGTCATGCGAA,,12,96,,
CGATCAGTCGAAGCTT,,12,98,,
TTCCCTGTGGCAATCA,,12,100,,
CGTGCGATGCTACATT,,12,102,,
GCTGAGTACTATCGAC,,12,104,,
GGCTCATTGAGACGAT,,12,106,,
GTATGATGCCACCAGA,,12,108,,
GTCCAGCTTACTGATC,,12,110,,
TTCTGCGAACGCATCA,,12,112,,
GCCTGATAGCCAGTTT,,12,114,,
TTCGACTTGGACACTC,,12,116,,
AAACAGGATGTGTCGC,,12,118,,
ACAGCTGAGGCTAACT,,12,120,,
ATCGTGGATGACAGAC,,12,122,,
CCTGCTACATGTAAGC,,12,124,,
GACAAAGCTTGTGTCG,,12,126,,
ACGACGGACTACTACT,,12,128,,
AAGTGACGTTGGACAC,,12,130,,
TAGCTCTAGTCAGGAG,,12,132,,
TACTGGTGGTCCTGAA,,13,1,,
GAATCCCTAAGCCTGA,,13,3,,
GCTACCTGATCACTTG,,13,5,,
CCGTTAGGGAATCTGT,,13,7,,
TAACGGAACTCTCGGA,,13,9,,
ACGTTCGACGTTCACT,,13,11,,
TGAGCTTCGACACCTA,,13,13,,
ATGAAAGGTCCGTCCA,,13,15,,
TGCCATGTATGGGACA,,13,17,,
GGAATGGCTTCTGTCA,,13,19,,
CTACACTGTCGAGGAA,,13,21,,
TGCGTAAGAACGATCG,,13,23,,
CACGCAAGAAGTCTCT,,13,25,,
ATGACCTCGTCAGGTT,,13,27,,
TATCACAGAGCACGGT,,13,29,,
AAACGTGCCTTGAAGC,,13,31,,
CAGCAGTACCAGTGAT,,13,33,,
GACGGTCTCAAACTGA,,13,35,,
CTGAGTAACCGAACCT,,13,37,,
GTAGTCAGTCCCTACA,,13,39,,
TACCTAGTACCTCGGA,,13,41,,
GGAGAGACTACATCTC,,13,43,,
ACAGAGGTAGGACCTT,,13,45,,
TTGGCATTCCGAGTGA,,13,47,,
CTCGTTCCAGCTAGAT,,13,49,,
AGGGTCGTTGACCTAT,,13,51,,
AGGCTTACGACGTCAT,,13,53,,
TTGTCCGTGGCAAAGA,,13,55,,
ACCCTGTTCGATACAG,,13,57,,
CATGAGGCATCCGTAT,,13,59,,
ACTAACCTTCGCTAGG,,13,61,,
CCAGTTTGTTACGCAG,,13,63,,
GGTCTGGACAGTCAAT,,13,65,,
TGGAGGTGTCCACAAT,,13,67,,
ATTGCAAGCCACGTAG,,13,69,,
TGTGTTCCAACTCGGA,,13,71,,
CTGCCATGTCAGGTAA,,13,73,,
AACGTCACTGTAGTCG,,13,75,,
GTAGTGATGTTCCACC,,13,77,,
TTGCGTAGTGCTCACA,,13,79,,
GAAGCCTCTGCATTGA,,13,81,,
GTGCTCGTTGACTGAA,,13,83,,
ACCTACAAACTGGTGG,,13,85,,
AGGCTAGCTTGAGTCA,,13,87,,
CTAAGAGACACTCTGG,,13,89,,
TCTGCACAAACGAGCT,,13,91,,
ACTTGCAGCAAAGTGC,,13,93,,
TTTGGCAACTGGACTG,,13,95,,
GAGCATAGCATGGTCA,,13,97,,
AGTAGCTCCAGTCCTT,,13,99,,
GAAGCTCAACATGTCG,,13,101,,
TTCTGGCAGCACTACA,,13,103,,
GCCAAGTCAATCTCGT,,13,105,,
AGGCAGTGTTCTACCA,,13,107,,
CAGGATCTCTACAAGG,,13,109,,
TGGTTTCACAGCGAGA,,13,111,,
TGTTAGTCTGGAGCCA,,13,113,,
CCAGATTCGAAGGTTC,,13,115,,
AAGTGCACACCATTCG,,13,117,,
GACTCAGTTTCAGCCT,,13,119,,
GCATGTTCATGTAGCC,,13,121,,
GATCGTTGTACCAGGT,,13,123,,
TCGAGGAGGATTCAAC,,13,125,,
GTGTCGAATGTCACTC,,13,127,,
TCTCTAGTAGGGAGCA,,13,129,,
TCCATCGCTTGGATCA,,13,131,,
CGACAAAGGCTTCATC,,14,2,,
ACTCTACGGTGCTCTA,,14,4,,
TGATCTACGACGACAG,,14,6,,
AGGCTACTAACTCGCA,,14,8,,
GTAGAGATTCTCGCAC,,14,10,,
TGCATCGCAATGCCAA,,14,12,,
TCCTAGGTAGCAGGAT,,14,14,,
CGAATCTCCATAGGCT,,14,16,,
AATCGCAGGATCTTCG,,14,18,,
ACACGAGAGTTACGTG,,14,20,,
CAGGTTTCTCATGACG,,14,22,,
ATGTCTGAGCGTGATC,,14,24,,
ATTGCTCAACGGACCT,,14,26,,
TCTGCAGTTAGCCTAC,,14,28,,
GAGAGAATGCTTCCAC,,14,30,,
GGATCCTAGTTAGCAC,,14,32,,
GAGTGCGTCTGTTACA,,14,34,,
TTAGCAGGATCCCAAG,,14,36,,
ACCAGGATCTCGCTAT,,14,38,,
CGAATCGGTATGCCAA,,14,40,,
TACCTGCTCACGAGAT,,14,42,,
TCTGGTCAATCGGATG,,14,44,,
TGGTGTTACGCACATC,,14,46,,
TAACCTGCCTAACAGG,,14,48,,
AGTTAGACCAGGCTTC,,14,50,,
AGTCTCGTCAATGTCC,,14,52,,
TCCTGTGACCTCAATG,,14,54,,
GACCTGAGAACACTGT,,14,56,,
GAACCCATGTTCGTGT,,14,58,,
CAGGTGCTTTGATCGA,,14,60,,
TTCAGCGAAACCATGC,,14,62,,
GCGATTCTGCATGGAT,,14,64,,
GTATGGTTAGGCATCC,,14,66,,
TAACCAGAGCTGTCCA,,14,68,,
TAGGTGGTACCCAATC,,14,70,,
TCTGGCACATCCTTGA,,14,72,,
GAGTTGAACCTTCCAC,,14,74,,
TAGACTCCAGTGACCA,,14,76,,
TCGGACATACCGAATC,,14,78,,
ATGAACGCTGCCTAAC,,14,80,,
AAACCTCGTCGAATGG,,14,82,,
ATGACAGCTAGATGGC,,14,84,,
CCCTGTAGGATGGAAT,,14,86,,
GCCATACTGATACGGA,,14,88,,
AGACTGCGATGTCGTT,,14,90,,
CGTACACGTAAGACTC,,14,92,,
AAGAGCCAGTTACTGG,,14,94,,
GAAGCTGCTCAAGTCT,,14,96,,
TGGTGCACAGACCTAA,,14,98,,
CGGTTGGCTAAGCTTA,,14,100,,
GAAAGACTTTCCGTCG,,14,102,,
TTAGTGGCTATCAGCG,,14,104,,
TAAGACGTTCCCTGGA,,14,106,,
GTATGCTCAATCTCCG,,14,108,,
AGAGTCTATCGTGCCT,,14,110,,
CACATCGAACTTGGAC,,14,112,,
GACGATTGCACCTTCA,,14,114,,
TCATGAGGTCCAACCA,,14,116,,
TGACAATGTGCTCACC,,14,118,,
TCGAAGGATTGCAGCT,,14,120,,
CTGAGTGCAAAGCATG,,14,122,,
AAGTAGGTCTCCAACC,,14,124,,
CTTGGTTGAACGAAGC,,14,126,,
GTGGAATCGTGCTCTA,,14,128,,
ACTGCTCCTGGAACTT,,14,130,,
AAAGTCTTCGAGCGAC,,14,132,,
ATCTCCTGCAGACTGA,,15,1,,
GTCATCAGTGGAATCC,,15,3,,
CGCATTGCATCACGAA,,15,5,,
TAGCTAAGCGATTGCC,,15,7,,
TAGCATCCTAGCCTGT,,15,9,,
CCAGCAAAGGTGACTT,,15,11,,
ATGACCATCGTTCGTC,,15,13,,
CTTAGACGTCTAGTCC,,15,15,,
TCAAGTCCCTACAGTG,,15,17,,
CAGTTGCGAACGATTC,,15,19,,
TAGTCGTCGTCCAAAC,,15,21,,
TTCGATAGCTGTGGCA,,15,23,,
GTAGACTGCATGCACT,,15,25,,
CCTTTCAACGAAGGGT,,15,27,,
GGACTCCAAAGTGCAT,,15,29,,
AGTTCGACGTCTTCAG,,15,31,,
AGTGCTTCTCGAGGAA,,15,33,,
CTACAGCAACTCTAGG,,15,35,,
CGTGCGATACACATTG,,15,37,,
GTGAGCCACAGTTCTA,,15,39,,
CAGCATGGTCCATTCA,,15,41,,
GAACGACCATCGTTTC,,15,43,,
TCAGGTGGCTTGAACT,,15,45,,
CAGGTAAGCATTCTCC,,15,47,,
TCCAGGAGACTTACGA,,15,49,,
CAAGACGAGTCCTAGT,,15,51,,
GCTAACTCCCTAGTTG,,15,53,,
ACGCTGTTCCTTCAGA,,15,55,,
GCTCGTTAGTGCAATG,,15,57,,
ACAGCATCCTACGATG,,15,59,,
CATAGGTTCTGCAGCT,,15,61,,
CAAGTCTGCTTGACTG,,15,63,,
ACCTGGTCATCACTGA,,15,65,,
CTGTAGTCAGTGCGAA,,15,67,,
CTTGCCTAGCTTCAAG,,15,69,,
ATGTTGCCTATGACCG,,15,71,,
AACAGTGTCTCTAGGC,,15,73,,
CCGACTTGGATACGAA,,15,75,,
GGTTTCATACGCATCG,,15,77,,
TACTCAGGACGGTTCA,,15,79,,
AAGCTCTGTCCTGGAA,,15,81,,
TTCGGTTCAGCCATCA,,15,83,,
GATTGACACGTCCAGA,,15,85,,
CGGACTTTGAACAGAG,,15,87,,
CGGTTAGTCCTACGTA,,15,89,,
CACCTTACTACGGTTG,,15,91,,
GCTTACGCAACATACG,,15,93,,
GCTGATGTTCCATACC,,15,95,,
ACAGCAACCGTCTGTA,,15,97,,
AGGACACGCTAGTAGT,,15,99,,
CCCAAGTAGTTGACCT,,15,101,,
TTGAGACTCATCGGTC,,15,103,,
CGCTGAGTTACATCTG,,15,105,,
GCACCTAGACATCGAT,,15,107,,
GTACCCATAGGGTAGT,,15,109,,
CAAGTTCAAGTCACGG,,15,111,,
GCTAGATGTAAGCTCG,,15,113,,
GATCTACGAGTTGTCC,,15,115,,
ATTCGGTCGAACAGAG,,15,117,,
TTGGTCCATCAGCATC,,15,119,,
TTAGTGTGCCACGCAT,,15,121,,
ATACACCCTTAGGGTG,,15,123,,
TCAGTGGCTACCTGAA,,15,125,,
TGCCTAAGGCAAGAGT,,15,127,,
GTCCTAAGGTACAGGT,,15,129,,
TCAGATGCAAACGTCC,,15,131,,
GATGCTACCGATCAGA,,16,2,,
GGCTACACACATGCAT,,16,4,,
AGTTGCCATAGTCGCA,,16,6,,
CGTGTACTAGTGACAG,,16,8,,
GGCTATCCTACCAGTA,,16,10,,
AACTGGTCAACCATGC,,16,12,,
CAATGGTTCTACAGGC,,16,14,,
TCTTAGCCAAAGCGAC,,16,16,,
GGATGACCTCATGTTG,,16,18,,
TTGACGAAGCAACTCC,,16,20,,
CCATTCTGACATTGGG,,16,22,,
GCAATGACCAGCTAGT,,16,24,,
TTCGTGGTCGAGATCA,,16,26,,
TGCGTGGTGCTACAAT,,16,28,,
TCATAGCCTAAGGCTC,,16,30,,
AGAGTCAGTTCGACCA,,16,32,,
TTCAAGCTTGCTACGC,,16,34,,
ACCTCATACGATTGGC,,16,36,,
CCAGATGTGCCTAGAA,,16,38,,
CCCTAGTGAATGTACG,,16,40,,
CTGAGCTCCGATACTA,,16,42,,
TCCCAGACAGTCGATA,,16,44,,
CAACAGATTGAGGTCC,,16,46,,
AAGCTTGACGCTAGGA,,16,48,,
CCAATGTTGTTGCGAC,,16,50,,
GTACCAGGGTCTAGAT,,16,52,,
GATACGTTAGTGGCTC,,16,54,,
AGCAGGACTTGACATC,,16,56,,
CTAGCTGACACTTTGG,,16,58,,
CGCACCGTAGATAGAT,,16,60,,
CACGGTCTGTACATCT,,16,62,,
GAGCGATCCTGACTAT,,16,64,,
CAGTAACGATCGTACC,,16,66,,
AGGGATGCTACTTGTC,,16,68,,
GAGCACATCACTTGCA,,16,70,,
GTCCCAGTTGGAAACA,,16,72,,
GCTGTAAGTCTCACTC,,16,74,,
AGTGTCAAACGAGGTC,,16,76,,
GGATGAGCAGTACCAT,,16,78,,
GACGTCGTATGACGTT,,16,80,,
CGTAAGACAGGTACCT,,16,82,,
TAGACCTTCGTGTCAC,,16,84,,
GACAATCGTACGTGAG,,16,86,,
TACCAGTGAAGTGCAC,,16,88,,
AAGTCCACTCTGGCTT,,16,90,,
AATCCTGACCTAGTGC,,16,92,,
CACTGGTTGACAGGAT,,16,94,,
GACGACAACATGTCCT,,16,96,,
AGGATCGCATGTAGAC,,16,98,,
TACGTCGAAGAGGTCT,,16,100,,
ATGACAAGAGCTCTGC,,16,102,,
ATAGACGCTTAGGCAG,,16,104,,
AGTTCACATGTGCTGC,,16,106,,
GTGTTACCTGGCAGTA,,16,108,,
ACCATCTGTCGAGGAT,,16,110,,
TCACACAAGTGTTCGG,,16,112,,
TAGCTACCACGATTGG,,16,114,,
GTCATGCAGTCTGAGA,,16,116,,
CGGAGACTCTTGAACA,,16,118,,
ATGCGTACCATTGGTC,,16,120,,
ATGTCCAAGCACCGTA,,16,122,,
ATGACGAGGCTCTACT,,16,124,,
CAATGAGCTGTCGTCT,,16,126,,
AGTCATCGCATGACAG,,16,128,,
CTACCAGTGAGAGCTT,,16,130,,
TGTTTGATGCACGACC,,16,132,,
AAGTCTTAGCACCGAG,,17,1,,
ATCACGAGTGTCAAGC,,17,3,,
GTGAACAAGCCATCCT,,17,5,,
ACATTGACCAGATCCG,,17,7,,
ACTGGCACTACCATAG,,17,9,,
ACGTAGTCCATGGAGT,,17,11,,
GCGTTCAGAGACTTAG,,17,13,,
ACTAGACTAGCGTGTG,,17,15,,
TCAGAGGTACCAGTTC,,17,17,,
CCTCGGTGATTCTAAG,,17,19,,
GACGGACTTGACAAGT,,17,21,,
CCATTGCTACACTGAG,,17,23,,
GTGCTAAGTGAACCTC,,17,25,,
GGTATGGCTAGTACTC,,17,27,,
CTCGAGTCAACCTTAG,,17,29,,
AGGCACGACTACCTTA,,17,31,,
GCAATCGTGACAATGG,,17,33,,
TGTAGCCATTGAACGG,,17,35,,
GAAACGATAGCGTGTC,,17,37,,
CGGACAAGTGTCATGT,,17,39,,
TGCACTGATGACTCTC,,17,41,,
AGTGAGGACCACGATT,,17,43,,
CAGTTCCCAAGTTCGA,,17,45,,
CCGTGGATAGGTCTAA,,17,47,,
CCTAGGGACTATCACA,,17,49,,
TCAGGCTTGCAACCAT,,17,51,,
GGTGTCCTAACAAACC,,17,53,,
TAGGAAGTCTGCTCGA,,17,55,,
AGATGCCATCTAGCAG,,17,57,,
TCATTCTGGCACGGAA,,17,59,,
GAACCGAGATGTACCT,,17,61,,
TGCTGCTCCAGACAAT,,17,63,,
AGTTTGCTAGCCAGCT,,17,65,,
TAGCGTTACGGTGCAT,,17,67,,
AGCCAACGAGTTGAGT,,17,69,,
TACCAGTGCACATCGT,,17,71,,
CAGTCAAGTATCGTGG,,17,73,,
CCAATCCTTCAATGGG,,17,75,,
GATCCGTGGAACAGAT,,17,77,,
AATGGCATACCCTGAG,,17,79,,
TATGTGCGATAGGCAC,,17,81,,
GCGAAACGACACTTTC,,17,83,,
ACTGTGAGACACCTGA,,17,85,,
GTACATTCGCACCAAG,,17,87,,
GTTTGAACCAGGATCG,,17,89,,
CTTGACCGTGATCCTA,,17,91,,
AACCTGGTCTTGCACA,,17,93,,
TCGATGAGTGACATCC,,17,95,,
GTGTCTCCCATACGAA,,17,97,,
GCGACTACTGTAGGAT,,17,99,,
CGGTAGCTTCTTGCAA,,17,101,,
GCAGTCTGACATTGAC,,17,103,,
TCTGACCGTGTGCAAT,,17,105,,
GGATGCTTCGCTTACA,,17,107,,
GTCGATTGAAAGCACC,,17,109,,
AAACGCACGTGTTCGA,,17,111,,
CTTTCAAAGCCATGGC,,17,113,,
TGCAAGGTCAGTGCAA,,17,115,,
TGAGCAGCACGTGTTA,,17,117,,
CGATGACTCCATGCTA,,17,119,,
GATGGCTTTGCCATCA,,17,121,,
CTCGGAGTGTACATAC,,17,123,,
TTCCAACTCTGTAGCG,,17,125,,
CTACGCAGGTTAGATC,,17,127,,
AGTTGCCTAGCTACCA,,17,129,,
CGACGTATGGACAAGT,,17,131,,
ACTTTCAGCGAGACAC,,18,2,,
AGCAGATTGCGTTCAC,,18,4,,
GTTAGCTCCGTCAAAG,,18,6,,
GACAGGTATCCCTAAC,,18,8,,
TTCGATGCCATCCAAG,,18,10,,
TTGCATTCTGCCAGCA,,18,12,,
CTGGAGTGATCATCAG,,18,14,,
AGCTTCTGGTTAGCAC,,18,16,,
TGCGTATGATGGCTCA,,18,18,,
CAATGGCAGCGTCATT,,18,20,,
CATCCAATGGGAACGT,,18,22,,
AGCTCCACATGTCGAA,,18,24,,
TCGCTCGTACAGTAAC,,18,26,,
TTGCCTCCCAAGAGAT,,18,28,,
TCTGCAATGCGAACAC,,18,30,,
CAACTGCCTAGATACG,,18,32,,
AGAACATCCGAGCTTC,,18,34,,
ACCGTATGCATAGCAC,,18,36,,
CAAGTTGTCAAGTGCC,,18,38,,
CGACGGTACTTAGATC,,18,40,,
ATGCGAAGTTCTCACC,,18,42,,
ACGTGATGGTGCTAAC,,18,44,,
TGGAAAGGTCCTAACG,,18,46,,
ATCAGGGTCGACCTAA,,18,48,,
GCCAACATTGCTCTGT,,18,50,,
CCTCGAAGTGTTGCAT,,18,52,,
TAAGACGCAATGTCCC,,18,54,,
TCTGTCTGGAAGCGAT,,18,56,,
GACAAGGCTTGAGCTA,,18,58,,
AGTCCCTGAACGTGTA,,18,60,,
TGGTAGTATCCACGGA,,18,62,,
TGTTACACCTGTGAGG,,18,64,,
TGCATCCAATGAAGCC,,18,66,,
CCGAGTTGTCGATCAA,,18,68,,
AACATCTGGGAGCTAG,,18,70,,
CACTAGAAAGCTTGGC,,18,72,,
TGGTTGACCCATACCT,,18,74,,
TGGTCACAGCATAGAG,,18,76,,
TTGGCTATCGACACAC,,18,78,,
TTTGACCCTTGCAAGC,,18,80,,
TCAGTGTAGACCCACA,,18,82,,
TTGAGCAGGACTTACG,,18,84,,
AAGTCACTTGGCATGC,,18,86,,
TAAGGCATACCGAGTG,,18,88,,
TCAGTTCCCTGGGAAT,,18,90,,
AACCTGAGCTAGACTC,,18,92,,
GACCTCGTGAATCACT,,18,94,,
TCGCACGATGAGATGT,,18,96,,
CGTTCTCTGCAAAGCT,,18,98,,
TGAGAGATCATCGCTC,,18,100,,
GATACATTCGTGCTCG,,18,102,,
TATCACTCAGTGTCCG,,18,104,,
GTTCAACCTTACCTGG,,18,106,,
CAGTTGAATCTCGCTC,,18,108,,
TTACCTCGGAGCTCAA,,18,110,,
AATCCTGTCTCGTAGG,,18,112,,
TCCAGGAGTTACCATC,,18,114,,
TGACTTCTTCCAGCAG,,18,116,,
CAACTCACAGGTCAGT,,18,118,,
GCCTAAGAGGAGATCT,,18,120,,
AGTGCACACTACAGTC,,18,122,,
AGCCTAACATTGTGCG,,18,124,,
CGTGAAGCGAAGCTAT,,18,126,,
CTCAACTCGTAGAACG,,18,128,,
ACGATACGAGGTGTAC,,18,130,,
GTAACGCTTGCTCACA,,18,132,,
GGTGAAACTCCATGGT,,19,1,,
ATGTGGTCACAAGCTG,,19,3,,
ATGGACGACCTAGTGT,,19,5,,
CAAGTCTAGGACCTAG,,19,7,,
ATAGACCTTCGGTGCT,,19,9,,
TGCAACTCCAGCTATG,,19,11,,
CCCAGTGATTCGATTG,,19,13,,
CCGAAGTTACGTGAAG,,19,15,,
ACAGGACTAAGGTGTC,,19,17,,
TGAGGACCACTCATCA,,19,19,,
GGAACCCTGATGATTG,,19,21,,
CGAGCTAGAAAGTTCG,,19,23,,
ACGATTCTTGCACGGA,,19,25,,
CGTGTTGCTACAAGTC,,19,27,,
GGTACAGCAACACTCT,,19,29,,
AGAGCCTTGGTAACAC,,19,31,,
GCATCTACGCTAGCTA,,19,33,,
TTTGAGACATGGACCC,,19,35,,
ATGCATTCACGGAAGG,,19,37,,
AAGGTAGGCATCCATG,,19,39,,
CCCACTAGAAACGTTG,,19,41,,
GCTGATCGAAGACGTT,,19,43,,
GTGCTCTCTATCCAGA,,19,45,,
GTGGTCAATCGACCAA,,19,47,,
CCAGGATGACCATCAT,,19,49,,
CGTACGCTACAGTGTA,,19,51,,
ATCGAACTCTCGTGCT,,19,53,,
TGTCTCACCTGGTACA,,19,55,,
ACCACTTGTGCTCATG,,19,57,,
GCTGATGAACAGCATC,,19,59,,
TATCTGAGTCCGTGAG,,19,61,,
AGAATGTGCGTTCACC,,19,63,,
GTGCGACTTAGGACAA,,19,65,,
ATCTGGGACTTTCAGC,,19,67,,
TATGGTGTACCAAGCG,,19,69,,
TACCACAGGCATGGTT,,19,71,,
ATCACCTACGATGGCA,,19,73,,
GATGATGGCATAGTCC,,19,75,,
CTTCAGGACTGCATGA,,19,77,,
AGTCCATGTCTATGCG,,19,79,,
ACAACAGTAGCTGGTC,,19,81,,
AACTAGTGGGTTTCGC,,19,83,,
CATGACCAGAGTCCAT,,19,85,,
TGTATCATGCCTGCCA,,19,87,,
GTTGCAGCTAAGTCGA,,19,89,,
CCTCAAACTAGAGGGT,,19,91,,
CTTCTATCGCACGGTA,,19,93,,
TTGCGAACTCCAGCAA,,19,95,,
ATAGTTGACCGAAGGC,,19,97,,
GAAGCCTCCTTGTGAT,,19,99,,
TAGAGTTGAGTCTCGC,,19,101,,
CTTGCCTGTTACCGAA,,19,103,,
GGAAGTGTAACCCAGT,,19,105,,
GATGCCTCTAGTTAGG,,19,107,,
AGTAGCTGAGGACTCT,,19,109,,
CATCTGGACGTCGTAA,,19,111,,
TCCGTGAAACAAGTGG,,19,113,,
TGATGGCTCAATGGAC,,19,115,,
CCTCATGAGATCTGTC,,19,117,,
AGCATCTATCCGATGG,,19,119,,
TCACTGAGCTCTTGCA,,19,121,,
GACTACCGTGTTCGTA,,19,123,,
ACCATAGTGCAGCACT,,19,125,,
GCGTCACTGTCATCTA,,19,127,,
CTGGATGATGCGAATC,,19,129,,
GTCAACTGATCCACGA,,19,131,,
TGAACGTCTAGACGCA,,20,2,,
CAGTCATGGTCTCGTA,,20,4,,
TGGTTAGACACCACAG,,20,6,,
TCGTCGATGATCTGCA,,20,8,,
GGACGAACCTTAGTCT,,20,10,,
TCTTGAGTCCCACAAG,,20,12,,
AAGGATCCAGTTACGC,,20,14,,
CAAGTCTCGGTGAGTT,,20,16,,
ATGACACGCTTGGTAG,,20,18,,
CGTGATTGGACTACAC,,20,20,,
AACATGGCTGAGTAGC,,20,22,,
CCTCAAGGTGTTGACA,,20,24,,
GTGCCTTCTAAGTCCA,,20,26,,
TCGAAGAAGTGTCGAC,,20,28,,
GTCAATGGTGCTGAAC,,20,30,,
TCGCACATCATTGCGT,,20,32,,
TTGACCCTAGCAGTCA,,20,34,,
CATCATCGCAAGGGAT,,20,36,,
TCACTGACAGAGGTCA,,20,38,,
CCGTAGAACATTCCAG,,20,40,,
ACTACCCTGGGATGTA,,20,42,,
TGGAACTGGAATCACG,,20,44,,
TGAATGCCAGTGGACT,,20,46,,
TCAGACCCTACGTTGT,,20,48,,
CACGTCTAACTCTGGT,,20,50,,
CACTCATAGAACGGTG,,20,52,,
TGCGACGTAGTCTATC,,20,54,,
CGAGTACTCGAGGTTT,,20,56,,
ACAGCTGACCATGTCT,,20,58,,
TCAGTGAATGTCGCAG,,20,60,,
AGAACAATGCCTTGCC,,20,62,,
TGAGGTGGTACATCTC,,20,64,,
AAGCTGGCTGTGTCAT,,20,66,,
CGCTCATTCACTTGAG,,20,68,,
CATTCAGCCATGGAAG,,20,70,,
ATCGGTTTGCACGGAA,,20,72,,
CCCTCTAACGATGGTT,,20,74,,
TTGCCTTCGGACAACA,,20,76,,
TAAGGTCTCACGCTTG,,20,78,,
GGTGCATTCCATCCAA,,20,80,,
CATTCGCAGACCTGTT,,20,82,,
TCGTAGTTACTGACGC,,20,84,,
CAGCCATCCTTGAAGA,,20,86,,
TCACTCAGTGTCGGTA,,20,88,,
TAAGACGCTGACCGAT,,20,90,,
TTGGATCAGATCCCTG,,20,92,,
GTTGCTACATACACCG,,20,94,,
TCAGAAACAGTGCCTG,,20,96,,
GTTACTGACGATGCCT,,20,98,,
GATAGGATCTAGGCTC,,20,100,,
CGTCATGAGCTCGTAA,,20,102,,
AGACAATGTCCAGCTC,,20,104,,
TCAAGTTCGAGTCTCC,,20,106,,
TTGGGTCGATCCTACA,,20,108,,
ACCATCAGATGGAGCT,,20,110,,
TACCGAATGAGCGAGT,,20,112,,
GCGTGCGATTGATCAA,,20,114,,
AGATCCAGCTGAAGCT,,20,116,,
TTGTTGAGCGACCGAA,,20,118,,
CGTGAATCCTAGAGTC,,20,120,,
ATGCTCCTGATTCGAG,,20,122,,
AGTTCCGTCAAGGGTA,,20,124,,
TATGAGTAGGACTCCC,,20,126,,
GATCATCCTTCCGTGA,,20,128,,
GTTCCAGGTCTCAATG,,20,130,,
ACACATGTTGTCCACG,,20,132,,
TAACATGCTACGAGCG,,21,1,,
TGTGTCGAACATGCAG,,21,3,,
GCTAGACAAGACTGTC,,21,5,,
GTCGACCTAGCATTGT,,21,7,,
CGTACCCATAGGATAC,,21,9,,
ATCAGCTCGATAGGAG,,21,11,,
GCAGCTAAGCCAGATT,,21,13,,
CGTAGTACGCATGGTT,,21,15,,
GTCTACCCAGTATGCT,,21,17,,
AGGTGAACAGATGTCC,,21,19,,
CGATCGTTGCTAGGAT,,21,21,,
ACAACATGTCGGACGT,,21,23,,
TGTCATCGCATAGTCC,,21,25,,
ACGTACGTGCCAACAT,,21,27,,
AGTCGAACGCAATCGT,,21,29,,
ACCATGGTGCGTAAGT,,21,31,,
ACACTGTGGTGATCAG,,21,33,,
GATGCTGTTACACGCT,,21,35,,
ATGGATCGCTGCATGA,,21,37,,
GACGTTCCTTCTAGAG,,21,39,,
TCTGGCAACTTCAGTG,,21,41,,
GTACCAAGTTGGTTCC,,21,43,,
AGTGTGGCTAGTATCC,,21,45,,
CGTAGAGTCCATTGAC,,21,47,,
TCATCCAGATGCAAGC,,21,49,,
CAGCCATCCGATAGTT,,21,51,,
CTCCGTAGACTTGCTA,,21,53,,
AGTTGACAATCCGTGC,,21,55,,
AGATCGCAGAACGCTT,,21,57,,
AAAGTCCACTTGGTGG,,21,59,,
CTAGTTGGTCCATGAG,,21,61,,
CGTCATAGGGATCGAA,,21,63,,
GTCTTCTGCAAGTCAG,,21,65,,
AGACTGCGAACTCACT,,21,67,,
ACGTAGCTCTAAGGTC,,21,69,,
TCAGCGTCACTGATCA,,21,71,,
TCAGTCTCATGAAGGG,,21,73,,
TCGGATACATCGAAGG,,21,75,,
CGTTTCAGCGAACCTA,,21,77,,
GTCAATCGTCTCAGAG,,21,79,,
ACGAGTTCATTGCGAG,,21,81,,
GAACAGTTCTGTCGAC,,21,83,,
ACGGATCAACAGTCCT,,21,85,,
ATTCGTACACAGCAGG,,21,87,,
CATCCGTTGTGGTCAA,,21,89,,
TCACTGCAACAAGGTG,,21,91,,
GTGTAGCTCTAGCAAC,,21,93,,
AGATGAGAGCTGCCTT,,21,95,,
AGTTCATCAGGTGGTC,,21,97,,
GTATCGTACACACCGT,,21,99,,
GAATCCCTCACAGGAT,,21,101,,
GCTGGTAGGACTTACT,,21,103,,
ACACTGTGGAGGAATC,,21,105,,
TGAATGCAGGCTGACT,,21,107,,
AGCTGTGTACAAGCGA,,21,109,,
GAACCACGTGGAGTTA,,21,111,,
TGTTCTACAGACGAGG,,21,113,,
GCAGAACTCGTCATGT,,21,115,,
CGTGCATGTACATTGG,,21,117,,
CATTCTTCGCAGGGAA,,21,119,,
AATCTGCACGTGCCAA,,21,121,,
CCGAGTGATGTTGACT,,21,123,,
CCTCTAGGAACTACGA,,21,125,,
CTCGGATGAGCATAGA,,21,127,,
GAGTATCATCCGTCAC,,21,129,,
CGTGAATGATAGCACG,,21,131,,
TTCCACCTACGATGAG,,22,2,,
TTTGAACCTCGCAGAC,,22,4,,
GGCAATCACGTCTCTA,,22,6,,
CATTCACACTCGGTAG,,22,8,,
AGTTCTAACACGTCGC,,22,10,,
AGTAGACTGGAGTTCC,,22,12,,
GATCCCATGGATCAAC,,22,14,,
TGCTAGTGTCAGTCGA,,22,16,,
TCCAGAGTGTTCTGGA,,22,18,,
GTCAAGACAGGCTCAT,,22,20,,
GCTAGCTTACGTGTCA,,22,22,,
AAGACCATGCTACTCG,,22,24,,
AGGATGTCATCATGCG,,22,26,,
TAGAGGTCAACTGCGA,,22,28,,
CGATTCTCGATGTCAG,,22,30,,
CTTACCTTAGGGAAGC,,22,32,,
CTCGGTCCCTATGAAT,,22,34,,
TCGGTCGAGTCATACA,,22,36,,
AGCCATCTAGGTTCCA,,22,38,,
GGTCATACCTCATGCT,,22,40,,
GGTTACTTCATCGAGG,,22,42,,
TCCATACGTAGACAGG,,22,44,,
ACTGCTATCGGTCTAG,,22,46,,
TAGACTTACTGCCTGC,,22,48,,
TAGTCGCAGGAACCTA,,22,50,,
CTCTGGTAGAGGACAT,,22,52,,
CTGGTACTGTAAGCGT,,22,54,,
CTAACCCTAGATGGTC,,22,56,,
GCTGTTAGTAACCTCC,,22,58,,
GCATGATGCATCTCTG,,22,60,,
TGTAGTTCCACGAGAC,,22,62,,
CAAGGTAACTGCGTAC,,22,64,,
TCGTCGCATAGTGTCA,,22,66,,
CAAGCACAATGGTGTG,,22,68,,
CGTATGATGAAGCTGC,,22,70,,
GTGTAGACGTTGCACA,,22,72,,
GCGAGTACTGTACATG,,22,74,,
TTCCGAACAACTACGG,,22,76,,
GTGGAGTTGAACTACC,,22,78,,
ACTTACAAGCGTGACC,,22,80,,
ATAGATCCTCGTGAGC,,22,82,,
CGACCATGCTACTAAG,,22,84,,
TCTTCAGCTAACGAGG,,22,86,,
CCCAAAGGTCTTCGTA,,22,88,,
ATGCTGCAGTCTCAAG,,22,90,,
CCCAAAGACTGTTGAG,,22,92,,
ACATGGAGCTGATCAG,,22,94,,
TAGGCTCAGGACAATC,,22,96,,
GAGATACTATCCTGCG,,22,98,,
CATACGACATGCGTGT,,22,100,,
GTAACTTTGGAGCGAC,,22,102,,
TAAGCTGGAGTACCTC,,22,104,,
CGTGAAGAAAGTCCGT,,22,106,,
CTGCACTCAGAGTCTT,,22,108,,
GTTACGTGTGCAACGA,,22,110,,
CCTGAAGTTGGAAGCT,,22,112,,
GCTAGATCGTCCAAAC,,22,114,,
CTGGCACTAGAGAATG,,22,116,,
CGAACGTTAGCCATAG,,22,118,,
ATAGACTGCTGCAAGG,,22,120,,
GATCTCGTGTCAGAGT,,22,122,,
GAATCACCACGGTTGA,,22,124,,
CCAGACAGCAAGTCTT,,22,126,,
GGTACGACACGTGTTT,,22,128,,
GCCTTCAGATAGGGAA,,22,130,,
GTTCACATTCAGGTCG,,22,132,,
CAGTTGGAACTCCTTG,,23,1,,
GTCAGTTGTGACATGC,,23,3,,
ACTGCGACTAGAGACT,,23,5,,
TGTCCTACTGACGCAA,,23,7,,
GGTAAGACTCGATACC,,23,9,,
CTCTCGTGATCGCATA,,23,11,,
ATGACCTCGCAAGTGA,,23,13,,
CCGACACTAGTTCTTG,,23,15,,
TTTGATGTGGACCAGC,,23,17,,
AGTCACATTCGACACG,,23,19,,
GGATCACCTCAGTTAG,,23,21,,
TGAGCCAACACTGCAT,,23,23,,
GCTTCCATGTAAGACC,,23,25,,
GTAAGCTTGTGGTACC,,23,27,,
GAAGCGTAACTAGCCT,,23,29,,
TCCGTACACAGGCTAT,,23,31,,
CCTTCTCACTGGGATA,,23,33,,
TGGTAGCACACTAGTC,,23,35,,
CAGTCATCGTAAGCCT,,23,37,,
ACAATGAGGTCTGTCC,,23,39,,
GTGAACCATGCGTCAA,,23,41,,
GTCAGAAGGTACGATC,,23,43,,
GTCCGTCATCAGAGAA,,23,45,,
AGGCACTAGCTGTCTA,,23,47,,
ATGAACACACGTTGCC,,23,49,,
GTAGTGTACCAGGTTC,,23,51,,
ACAACGCTGTCATGGT,,23,53,,
ATGTCGACTGTGGATC,,23,55,,
GGTTAGGAGCAACACT,,23,57,,
CATGCCAGGATAGTGT,,23,59,,
ATGGGAATCACTGGTC,,23,61,,
ATCGGATGACGACTAG,,23,63,,
ACTAGCAGGTTTCCTC,,23,65,,
ATACGATGGCTAGTCG,,23,67,,
CGCTGTGTAAGAGCTT,,23,69,,
GTACCAAAGCTGAGTC,,23,71,,
CCCAGATCTAGTATGC,,23,73,,
AGAGGCTAGCTATCCA,,23,75,,
AGAGACAATGCCTTGG,,23,77,,
CAAAGTATGCCTCCGA,,23,79,,
GCGACCTTACATGGTA,,23,81,,
ACCTGATGGAATCGTG,,23,83,,
TTCGATCGAGCGATGA,,23,85,,
CGAGGAATCCGAGTTA,,23,87,,
AAGACTCGCTTACGTG,,23,89,,
TCGAGTTAGTTCGAGC,,23,91,,
TGGCAAGTGTCCAACT,,23,93,,
TAAGTCGTGCAACTGG,,23,95,,
AGTGAGGTTCTCACAG,,23,97,,
TATCCAGACAGATCGC,,23,99,,
TCAATGTGGTGCGTCA,,23,101,,
TATCACGTCGGAACAC,,23,103,,
CTGACTCCGTTGTAAC,,23,105,,
GTCGATGCGTCTACAA,,23,107,,
TGTAGCGTAGGCTAAC,,23,109,,
CAATGGCTGTGTGCAT,,23,111,,
TACTCGACGAGCAATC,,23,113,,
AACGGTCAGTTTGCCT,,23,115,,
GTTCACCGTCTAGTAC,,23,117,,
GTTCGTGCCATACCTA,,23,119,,
GACGCAATGTTGTACG,,23,121,,
AACGGTCCTAGCTGAT,,23,123,,
CACCATGTGGAGCTAT,,23,125,,
TACCAAGCTGTGTTGC,,23,127,,
GTGATCTCGATCAGAG,,23,129,,
AAGTGTTCCTCTGGAC,,23,131,,
TAGACTTACCCAGGAC,,24,2,,
CTGAACTGACTAGCGA,,24,4,,
GTGGAATCATCAGCTC,,24,6,,
AGGTCCACTAGCTCTT,,24,8,,
CAGCCTTACAGGTTAG,,24,10,,
TTGTCTGAGTGCAGCA,,24,12,,
AACCTGTTCATGTCGC,,24,14,,
TAAGATCACTCCAGGC,,24,16,,
CTGGTAGAACTCTGAC,,24,18,,
AGGCTTGCTAAGGACA,,24,20,,
GACCTGGAATGTTCTG,,24,22,,
CAACCTTGGCTGACTA,,24,24,,
CAGGACACGTGTCTAA,,24,26,,
TCAGGGATCACAGGAT,,24,28,,
CACTGGTGAAGTGTCT,,24,30,,
TCACTGGTACCGAAAG,,24,32,,
TCTACTGGAGAAGTGC,,24,34,,
ACACGAATGTGCGTTC,,24,36,,
AAGTTCTGGGATACGC,,24,38,,
TGAAGCAACCTAGCCT,,24,40,,
CCATGTTACACTGGGT,,24,42,,
ACTCAGTTGCTGCAAC,,24,44,,
CCGTATGATCACAGTG,,24,46,,
GATTCAGGTTCACGGT,,24,48,,
GTCCAATCCGATGCTA,,24,50,,
GCGATCGTCTTCCAAT,,24,52,,
GTTGCAAGAGTAGCTC,,24,54,,
CCGTGATGCATCATTC,,24,56,,
GCTGATCTTTGGAAGC,,24,58,,
ATCCGTTAGGTGTCGA,,24,60,,
TCGTGGATCTGGTAAC,,24,62,,
AGTCACTGTGACTGTC,,24,64,,
TGGACTTTGCACGATG,,24,66,,
ATCCACGCAATGCGAT,,24,68,,
TTCAGGAAACTCACGG,,24,70,,
CATAGCGATGTTGGAC,,24,72,,
GCTCGTAGTCAAGCTT,,24,74,,
TCCTCTTCAGAGGACT,,24,76,,
ATCCGTACATGTGGTG,,24,78,,
TGATACTCCAGTGCTC,,24,80,,
ACATCAGCCAAGGTTG,,24,82,,
CCAGACTCACATGAGT,,24,84,,
ACTCACGATGACTGCA,,24,86,,
TCAAGTGCTCGAGAAC,,24,88,,
TCTGTGACCTAGAGCT,,24,90,,
ACTCCTTGGTGAAACC,,24,92,,
GTCTACCAGGATACAC,,24,94,,
TCATGGGATACAGGTC,,24,96,,
CACTATCGTAGGATGG,,24,98,,
GGCACTTTCAATCGAC,,24,100,,
ACGACAGTGGCTTAGA,,24,102,,
CTGCACATGTGCTAGT,,24,104,,
TAACGACTCACCGTGT,,24,106,,
TCCTGTTGGAGAAGCT,,24,108,,
TAGCGAGTTGTACGAC,,24,110,,
TCTAGTCACCGATGGT,,24,112,,
ATTGACGGATGCCTTC,,24,114,,
CTACTACGTGTGCTGA,,24,116,,
TTGCAAGCCAGTGGAA,,24,118,,
ACGTGTGAAGCGTCTT,,24,120,,
GTCTTGCGATAGACGA,,24,122,,
GTATCCAGTGCTATCG,,24,124,,
TACCTGACATGGTGTC,,24,126,,
TTTCCAGCCAGGAACT,,24,128,,
CAGTGTACGTGAAACG,,24,130,,
GTATGTCGAACCGTAG,,24,132,,
ACCACAGCTTGTTAGC,,25,1,,
CGGTACATCGTATCGT,,25,3,,
AAACCCTGGTCTGAAC,,25,5,,
AATGCAGGACCTCTTG,,25,7,,
CTCGGATGGCTATCTA,,25,9,,
CAAGTGAAGTCGTGCA,,25,11,,
CATCAGCGTGCTCATA,,25,13,,
ATGTTCAGACCCAGAG,,25,15,,
TCGCAATGTCTAAGGG,,25,17,,
CTTGGTGACAGAAACG,,25,19,,
CCACTGGACTATGGAT,,25,21,,
TGTGATTGACAGCAGC,,25,23,,
GAATGGTTAGCCTGCA,,25,25,,
GGTTGGCAACATTCAC,,25,27,,
CAGTTGGAGCAAACCT,,25,29,,
GCCAGTTACATGTTGC,,25,31,,
GTGTAACAACCTCGCT,,25,33,,
CACCGACTAAGTGTGA,,25,35,,
TCTTGTGAACACGTCC,,25,37,,
ACGAGAACCTTCATGC,,25,39,,
TGACCTACGAACCTGA,,25,41,,
TGGTAGCAAGTCCGAA,,25,43,,
GCCTACTATCGGTGTA,,25,45,,
GTCAGAACCGTCACAT,,25,47,,
AGGTTCTCACTCGTAC,,25,49,,
ATCCAGTCGATGATGG,,25,51,,
AACTCAGATCCGAGCT,,25,53,,
ACCCTGGATCTGAAAC,,25,55,,
CTGTGTACATGGCACA,,25,57,,
GCTTGGAATCCTCCTA,,25,59,,
CCACTCACTATGTGTG,,25,61,,
GACATGCTAGGTGTAC,,25,63,,
GAAGTCGCTACTCCTA,,25,65,,
GAGTATGATCCTGTCC,,25,67,,
GATGTGGCATCACTTG,,25,69,,
ATCGAGTCATGCCTCA,,25,71,,
TACGGAAGGAATCCTC,,25,73,,
TCCTCGTAGTACGAGT,,25,75,,
TGACCCTTAGCCAAAG,,25,77,,
CGACCAAGGTGTAAGT,,25,79,,
GATGTGGCTAACCGAT,,25,81,,
TCCCTCATAGGAATGG,,25,83,,
CGACCTAGGATGCATA,,25,85,,
TGCTTCTACCTGCGAA,,25,87,,
ACGGACCTGAGTAAGT,,25,89,,
AATCTCTTGGCAGGGA,,25,91,,
TAGGGTCACGGTTTCA,,25,93,,
ACGCAACTTACTGTCG,,25,95,,
CATCGACACCGTTTGA,,25,97,,
CATGGGAACGTTCCAT,,25,99,,
GCAAGTGTTACGCAAC,,25,101,,
GCCATCGATTGATGCT,,25,103,,
AGCACACTCTTAGTGC,,25,105,,
TAGACGCAGCGACTTT,,25,107,,
TCGTAGCGACAATGCT,,25,109,,
TAGGCACTTCACAACG,,25,111,,
TCTGTACAGGTTCGCA,,25,113,,
ATCTCAGACAGCGTTG,,25,115,,
CTTCACGAGCGTTAGT,,25,117,,
GTCTTCGCTCAAAGGT,,25,119,,
TTAGCTGGGACTATCC,,25,121,,
AGCAAGCTTTCGACGA,,25,123,,
TGCCTAGTAAGGCTTC,,25,125,,
GTACCTGAACAGTGCA,,25,127,,
AATGCTAGGACTCCGA,,25,129,,
TGTCGCTGTTGGAAAC,,25,131,,
AGGTCCATAGTGCACA,,26,2,,
GACTCCTACCGTTGAA,,26,4,,
CTCTGTCAATGCCTAG,,26,6,,
CAGTATGGAGGATCCA,,26,8,,
AGGGTCCTCATGAAAG,,26,10,,
GTCCACTGAAGCTTTC,,26,12,,
GGCTTACAGACTCTTC,,26,14,,
TGCCTTCTAAGAGACG,,26,16,,
CTGTTCGAATGATCCC,,26,18,,
CCAGGATCTTCTAGCA,,26,20,,
CATTGGGTGTCCATCA,,26,22,,
TACGTGCCACAAGTGA,,26,24,,
GTTCACCTAAGAGCAG,,26,26,,
CATTGCGACTGACAAG,,26,28,,
TCGTCAATGCCAACTG,,26,30,,
GGGACATCGTCAGATT,,26,32,,
TGGTCTTCGTACCAGA,,26,34,,
CTCAAGCCTTTGGATG,,26,36,,
CAGAGCTATCTAGCGT,,26,38,,
CAGATCCTTGTCCAGA,,26,40,,
ATCGACTTTGCGAGTG,,26,42,,
TTACTCGTGAGGTCGA,,26,44,,
TACCCAGATCGTGATC,,26,46,,
TCCTAACAGTCGGATC,,26,48,,
ACTTAGGTGTGATCCC,,26,50,,
GTGATAGACCCTGTAC,,26,52,,
TGAGCACCTTCACTTG,,26,54,,
CTTACACGTCCGTAAG,,26,56,,
CTCTTGAATCACTGCG,,26,58,,
ATGGCAGAAACTCGTC,,26,60,,
AGTTGTAGACACGGTC,,26,62,,
CTGATTCCGACTGAAG,,26,64,,
TTACAGAGCTGATCGC,,26,66,,
GCTGACCTTGCATTCA,,26,68,,
GTGAATCACTGAGGAC,,26,70,,
ATCTGCTAGTCACGTC,,26,72,,
ACATCGCTGATGGTGA,,26,74,,
CGTCAAGTTTCGTGCA,,26,76,,
GGAGTGTGTATCCAAC,,26,78,,
ACAGACATGCTGCTTC,,26,80,,
CCACTGAATGTACGTG,,26,82,,
CCCTACAGAGCATTGT,,26,84,,
AGAACGGAGAGTCTCT,,26,86,,
CGTGTTTCCAGCAAGA,,26,88,,
ATGCATGACCGAGGTA,,26,90,,
AGGCTATGAGGCTCAA,,26,92,,
TCCCTGTACAGGAGTT,,26,94,,
ACTCCGTGCAAACTGT,,26,96,,
GCAGCGTAGTTGACTA,,26,98,,
CCACTCTACGGATGTA,,26,100,,
AGACCACTTTGGCATG,,26,102,,
GACATTCTCACGGTAG,,26,104,,
AACTCTTGGTGGAGAC,,26,106,,
TGCTCTTGAGAATGGC,,26,108,,
CAACTCGGTGAGTTCA,,26,110,,
TTAGGACACCTGCACT,,26,112,,
CAGTCATGTCGTCAGA,,26,114,,
TGCAGCATCTCAACGT,,26,116,,
AAGGTCGAGCATACGT,,26,118,,
GACTCGATCTCAGACA,,26,120,,
CAGGATCGTATGGTCA,,26,122,,
TCACGAGACTTCGTAC,,26,124,,
AGTCTGGTGTAACGAC,,26,126,,
TACGAGTTGGACTTGC,,26,128,,
CTGACACCTTGTACTG,,26,130,,
GGCTTGAAGCATACGA,,26,132,,
TTCGTAGAGACCGTGA,,27,1,,
GCTCCACTAGTACTTG,,27,3,,
AACGAGTATCGTGGTC,,27,5,,
TAAGACTGCTCACTGG,,27,7,,
AACCTTAGCCAGTCGT,,27,9,,
ACTTACCCAACGGTTG,,27,11,,
CTGCCTGATAGTCAGA,,27,13,,
CTAGTCATCGTGAACG,,27,15,,
GTAGGCAACTCCCTTT,,27,17,,
ACCTGCTAGATGCGTA,,27,19,,
ATGAGTCCCAACGAGT,,27,21,,
GGAACTTTCGCACACT,,27,23,,
TCTTGGATGCAAGCGA,,27,25,,
TGCAGGAGTATCACGT,,27,27,,
GTACAGGACACTGATC,,27,29,,
CTCATGCGAGACTTAG,,27,31,,
TCAAGCGATGCACCAT,,27,33,,
TGTAGCTCCAGCACAA,,27,35,,
CACATTCGTGTCGAGA,,27,37,,
CATGATGCGACGTAGT,,27,39,,
GTGGGTTTCACAAAGC,,27,41,,
ACACCCACATTGGGTA,,27,43,,
AAGAGCCTTTCTACGC,,27,45,,
ATCCACTCTCTGGGAT,,27,47,,
CCATTGACACGTCTGT,,27,49,,
TAACTCACGTGGGAAG,,27,51,,
ACCTAACGTGGGTAAG,,27,53,,
GCGAATCTTCAGTTCG,,27,55,,
TGCTAGATGCAGACAC,,27,57,,
ATGTGGAGACTCCTCA,,27,59,,
ACTACGACTTGCCAGA,,27,61,,
GTCTAGCACTTCCAGA,,27,63,,
CCGAGTCAAGTTCAGT,,27,65,,
AGCCAATCCAGCTTGT,,27,67,,
GGATCAGGCTATCGTT,,27,69,,
TAGACATGGAGCTTCC,,27,71,,
GGACAAACTGCGATTC,,27,73,,
AACGTCGTACCGATAC,,27,75,,
AGAGCTTCAGGTTCAC,,27,77,,
ACTCAGCTTACATGGG,,27,79,,
TCACCAAAGTGGTTCC,,27,81,,
CAGAAACGCTTCGTAG,,27,83,,
ACTACGTGTCTTAGCC,,27,85,,
TCTGAGTCAGAGATCC,,27,87,,
TACAACAACGTCCTGG,,27,89,,
GGAGTGACTGAACTAC,,27,91,,
TTTGACGATAGGCACG,,27,93,,
TTACGCTAGAACGGTG,,27,95,,
GAACTTGCTGTTCCCA,,27,97,,
CAGCTGTGTCATGAAC,,27,99,,
ACATTGCGATGACTCG,,27,101,,
GAGGGTCCTACTCTTA,,27,103,,
GTCACAACTACAGGGT,,27,105,,
GTCGAAAGTCCAATGG,,27,107,,
CGCAATCGAAAGGTTC,,27,109,,
AACTGCTCGATGGAAG,,27,111,,
GCCATAGTTCTGGTGA,,27,113,,
GTGTCTCAGCCAGTTA,,27,115,,
CGTCAAAGACTCACGT,,27,117,,
GTATGACGACCCTTAC,,27,119,,
TGCATACGAGAGCACT,,27,121,,
TTCTCACCACGTAGGT,,27,123,,
TAGGGTTCATCGACAC,,27,125,,
CTGTGCTGTCAAGTGA,,27,127,,
CAGACGGATTGTTTCC,,27,129,,
ACTCGCAGGTTGTTCA,,27,131,,
ACATGGTCAGGTCAAC,,28,2,,
TCGTCAGGCATACAGA,,28,4,,
GGATACTAAGTGGCTC,,28,6,,
TGCGTTAGACAGTCTG,,28,8,,
CCAAGTCTCGAGTTCA,,28,10,,
TGGTAAGCAATCCTGG,,28,12,,
TGTATCCCACACGGAA,,28,14,,
CGCTTAGACCATGTGA,,28,16,,
AATGTGTGCTACCGAG,,28,18,,
GGAGACATTGCTTCGA,,28,20,,
TACATGTGGCAGGCAA,,28,22,,
TGGCAACCTCTTAGGT,,28,24,,
ATACTGGTTAGCGACC,,28,26,,
GTAACCCTTGGCTCAA,,28,28,,
TTCTAACGTAGCGACC,,28,30,,
ACCCAAGAGCAGTCTT,,28,32,,
GCATACATGCCTAAGG,,28,34,,
TGGAACACTACCTTCG,,28,36,,
TGAACGACTTGGACGT,,28,38,,
GGTACAGTCATGACGT,,28,40,,
CAGGTATCTACGGAGA,,28,42,,
TCTGACAGCACATGTG,,28,44,,
GACTCTACCGTGTCAA,,28,46,,
TAGCAGGTCTCCCTTA,,28,48,,
TGGTCTTCCAAGGTGA,,28,50,,
CCGACTACAGACTAGT,,28,52,,
GAAACGACCTGTCTGT,,28,54,,
GATGCACAACGGTGAT,,28,56,,
GGAACGAATGACGCTT,,28,58,,
CCATGTCGCACTGAAT,,28,60,,
CGTTGGAAAGGACCAT,,28,62,,
TTCCCATCATCTAGGG,,28,64,,
TACCGTACGGATGACA,,28,66,,
GAACGTCACATGCGTA,,28,68,,
ACTCGTGGTCGACATA,,28,70,,
TCTGGACACATACGGA,,28,72,,
TCGGATCAGTCTGGAA,,28,74,,
CATACTCGTGGGTACA,,28,76,,
CATAGGGTTACTAGCG,,28,78,,
GATTCTACGCATTCCG,,28,80,,
GGTTCTAGCCATAGCT,,28,82,,
TGGTCACAAAGTCGTG,,28,84,,
GAGTCAACGGTGCAAT,,28,86,,
AATCGTCAGTCGTTGG,,28,88,,
CGTGGAGCTTTGAACT,,28,90,,
ATCGCTGCCAATGTCT,,28,92,,
TCAACAGAGAGCTCGT,,28,94,,
GACCAGATCCAGCTAT,,28,96,,
TTGTTGGCAGGAACTC,,28,98,,
TAAGCGAAGACCCTGT,,28,100,,
TCGTTGTCCACGAAGT,,28,102,,
CCCTAAGATAGTACGG,,28,104,,
GTTACCCAGGACACAT,,28,106,,
TATCGTCACGTGGGAA,,28,108,,
CATAGCTGCAGCAGAT,,28,110,,
CCATGGTCATGCAACA,,28,112,,
CTGTTCGATGGTGCAA,,28,114,,
GTCAACATCTGCTAGC,,28,116,,
CGACGTATCCATGTTG,,28,118,,
GGACTGGTTAGAACAC,,28,120,,
GAGCTACCATTGAGAC,,28,122,,
TCCTCGAAGTAGTCGT,,28,124,,
TAACTCGTGAAGTCCG,,28,126,,
CCGAAGTTCCCTTAGA,,28,128,,
CCTTAGCTCTAGAAGG,,28,130,,
CCATGTACCCTGGATT,,28,132,,
AGCTAGTAGCCTTCTG,,29,1,,
ATTGGATCGAGTTCGC,,29,3,,
ACAACCCTGGTAGATG,,29,5,,
TGATCGCAACAGTCCT,,29,7,,
ATTGCTCGACAATGGG,,29,9,,
CTAGCTACCACAGTGA,,29,11,,
TGGACGAGTTCGATCT,,29,13,,
CCTGATGTCTCAACAG,,29,15,,
GCAACAGTAAGCGTCT,,29,17,,
TCAGTGCGTACTCACT,,29,19,,
GCTTAGCTCGATCTAC,,29,21,,
TCGGTAACCATCAGAC,,29,23,,
GAACCCTCGCTTAGTA,,29,25,,
GGATCTCTGACCCTAT,,29,27,,
TCGATCACTGGAGGTA,,29,29,,
GTCCAGTTAGTCATCG,,29,31,,
TCTCCTGCATGCTAAG,,29,33,,
CCATGGTTACCGATAG,,29,35,,
TCATAGTCGTGGGTCA,,29,37,,
GTGGTACATCGAGATC,,29,39,,
ATCCCTCCTATGAGGT,,29,41,,
TTCAGCTGAAGACTCC,,29,43,,
GGTTCGCAAAGTTCGT,,29,45,,
GAAGACTTGGACTCGT,,29,47,,
ACGTTCGTGACGAAGT,,29,49,,
GCCATAGAGCATTCCT,,29,51,,
CAGAGGAGACTGTTAC,,29,53,,
TCAGTTCCGAAGTACC,,29,55,,
GTCCCAACAGTGTTTC,,29,57,,
TAGTAGCCACCTAGCA,,29,59,,
GTGTCCAACTTGGGAT,,29,61,,
AGTGACCGTTGTTGCA,,29,63,,
ACTCTGTCGACGTATG,,29,65,,
GCAGTTACAACTGCAG,,29,67,,
TGCATCGTCGCAATCA,,29,69,,
CGATACTCGCTAGTCA,,29,71,,
AATGGTCGTGATCCCT,,29,73,,
TCATGACCAACGATCG,,29,75,,
ATCACGAAGCTTTCCG,,29,77,,
CTTCTCATAGAGCACG,,29,79,,
TTGTGGACCCTTGAGA,,29,81,,
GTCTACTGTACACCGA,,29,83,,
ATGCGTCTCTGCACAT,,29,85,,
GTCACTCACTAAGGTC,,29,87,,
AAGTGAGGTTCCAACG,,29,89,,
CCCTTCAGGAATGGAT,,29,91,,
CAACAGCACGATTGTG,,29,93,,
GGAACGATCTTCATGC,,29,95,,
GCGTGCTAAGCTACTT,,29,97,,
TAGGTTCTGCCACACA,,29,99,,
GCCTACTCATGGACAA,,29,101,,
TGACAGCCTGAGCTTT,,29,103,,
TGATCCAAGCTAGAGG,,29,105,,
AGACTGTGCTAACGCT,,29,107,,
GCATGCGATACCCTAT,,29,109,,
TTCTGAAGTGCACGCT,,29,111,,
CTGTGATGAGCAGTTC,,29,113,,
TGACTAGCACAGCGAT,,29,115,,
CCACGATGTAGTGACT,,29,117,,
ACTGGTGCAGCTATGA,,29,119,,
TAGCTCAGCGTGATGT,,29,121,,
ATCGAGGATTCCACAG,,29,123,,
ATCCGTTGCAGACATG,,29,125,,
CTGAAGTCTGGTCGAT,,29,127,,
TAGGCTGCACTTTCAG,,29,129,,
AAGCTCCCAGCTTGAT,,29,131,,
TTCAGCTCGGTTCAGA,,30,2,,
TAGGAGCAGTCATCAC,,30,4,,
TTGACTCCATCGTGGA,,30,6,,
GGAAACAGCCTTGTAG,,30,8,,
AGCGAGTACTACGGTT,,30,10,,
AAGCCTGAGTTACGAG,,30,12,,
CTCAAGGGAGATCGTT,,30,14,,
TGTTCAGAGCACTCGA,,30,16,,
TGCCAAAGGTGTTGCA,,30,18,,
CGAAGCTTGGTACTCA,,30,20,,
CTCAGATGCACATACG,,30,22,,
TCGACACACATAGTCG,,30,24,,
TACGGATGAATCGCTG,,30,26,,
TCCACCTTGAGATGTC,,30,28,,
CGTACAATGTGTCCGA,,30,30,,
AAGAGCCACCTGGTTA,,30,32,,
ACGTGGTGGAACTTCA,,30,34,,
TGAGCGATGGCAATCT,,30,36,,
TCTAGACATGCCTTGG,,30,38,,
ACTTAGCACGGTCCAT,,30,40,,
GTAGGGTTTCCACTCA,,30,42,,
TTGTCTCACGATCGAG,,30,44,,
CTAGATGGCACTAAGC,,30,46,,
CGTACAACGATTGCTG,,30,48,,
TGTCGATTGGACACGT,,30,50,,
CTTCTCCAGTAACGGT,,30,52,,
GGATACAGTCGTCTGA,,30,54,,
TAACCATCGTTGCAGG,,30,56,,
TACGGTTCTCTAGCCA,,30,58,,
CGACAGGTTGTTGCTA,,30,60,,
GAAGGATGCTTACCTG,,30,62,,
CGTGTACGTGTAAGCA,,30,64,,
TACTCACCAGTCTGGA,,30,66,,
CGCAGTGCACATCAAT,,30,68,,
ACCATCAGGCTGCTTT,,30,70,,
TGTCCTGAGATGACAC,,30,72,,
TCGAGTGACAGGAATC,,30,74,,
CTTGTAGGTCCACTCA,,30,76,,
CTTGTTACCACAGAGC,,30,78,,
TGGTACCTCCTCATAG,,30,80,,
CACGTTGGATTGAGTC,,30,82,,
TCCATCCATGGTAAGC,,30,84,,
CCATACCGATTGCAAG,,30,86,,
AGATCATGTGCCTCTG,,30,88,,
TGTCAGTCTGTCAACG,,30,90,,
GTCCTATGCGTAACAG,,30,92,,
GGTTGTAGGCTACATC,,30,94,,
GAGTAGACTTGCCAAG,,30,96,,
GAAAGTCGGACATCCT,,30,98,,
AACGGTTTGCATCAGC,,30,100,,
GGTTGACTACGCAAGT,,30,102,,
CCAGGATGTGTGCTAA,,30,104,,
CGTGAGAGACTTGCTA,,30,106,,
CTAAGCACTTGCAGGA,,30,108,,
GATCGGTTTGATCCAC,,30,110,,
TTGCTACCTAGAAGGC,,30,112,,
GCAGTTGATGACTGAC,,30,114,,
CGATGACCTGAACTCA,,30,116,,
GGCAGCTAGTTTGCAA,,30,118,,
CTGAAGGATCTCAAGG,,30,120,,
ACGACATAGCGTCATG,,30,122,,
TTCTCAAGTGCTCAGG,,30,124,,
TGTCACTTACGAGTCG,,30,126,,
ACGAGTTGTACCGAAG,,30,128,,
ACTACTAAGTCGGTCG,,30,130,,
GCAGATCCTCTCGTTA,,30,132,,
CGAGGCTACTTTCAGT,,31,1,,
GAAGCACGTGTTTCCT,,31,3,,
AGTCTGATTCGTGGAC,,31,5,,
CGTCCATCACTAGTGT,,31,7,,
CAAACTCGTAGAGTCC,,31,9,,
GTGCTACTAGGTACCA,,31,11,,
CCCTACATTGTGGATC,,31,13,,
GAACAGCTTAGATGCC,,31,15,,
TGGCTCATACGCATTC,,31,17,,
TGCAGCAAGTCCTGTA,,31,19,,
AAGTCACCCTGTTCAG,,31,21,,
CAGACCTCTGTGGTTA,,31,23,,
TTCTCATCAGTGGGAG,,31,25,,
GACAAGCCTCAGCATT,,31,27,,
AGCTAGTGTTACTGGC,,31,29,,
CAAACGTCTTTGAGGG,,31,31,,
CTGCAGATCTTGGGAA,,31,33,,
GATACGCTGGAGTACT,,31,35,,
CTGAACGTCCATTGCA,,31,37,,
CACTTAGTCCTAGAGG,,31,39,,
GTTCTAGACGGATCTC,,31,41,,
CACAGTCAGCTTGACA,,31,43,,
GGAGTCTAGCACTTCA,,31,45,,
TAAGTCACTTGGTCCG,,31,47,,
CCCAGAAGTTGTATCG,,31,49,,
AGTTACCCTCAGGGAA,,31,51,,
TCGACTCTGAGACACT,,31,53,,
GACGCTTTCGGTGTAA,,31,55,,
ACTGATGTTGACCGTC,,31,57,,
GAGTAGCACTTCTGTC,,31,59,,
CCTTGAAACTTCGAGG,,31,61,,
ATGCACTAACGTCTGG,,31,63,,
ACGCTCATCTAAGGGA,,31,65,,
GACAGGTGTGATCTTC,,31,67,,
CCGTACAATGGGTAAC,,31,69,,
TAGGAGGCTGTACACA,,31,71,,
CCGAGTGCGAATCTAA,,31,73,,
CGGACTAACGTTTCGA,,31,75,,
GTTCAGATCACGGATG,,31,77,,
TACGATGGCTTCAGAG,,31,79,,
AGCTCCAAAGGTGATC,,31,81,,
GGCACACTTCCTTGAA,,31,83,,
CACACTCGTTGAGAAC,,31,85,,
GAGAACTCTATGGACC,,31,87,,
AATGACTCTGACGCAC,,31,89,,
CGGATACTCAACTGTG,,31,91,,
TCTCTCCGAGAGCAAA,,31,93,,
CCCTACGGAATCAGAT,,31,95,,
CAACCCAGTTGTGGAA,,31,97,,
CATAGTGCTGCTTAGG,,31,99,,
ATCAGGACTACCAGCT,,31,101,,
TTTGTCTCGAACCGAG,,31,103,,
TTGGACTATGCTCGAC,,31,105,,
AGTCGAGCTTCAAAGC,,31,107,,
TCATCCACGTTACGGA,,31,109,,
TCAGGTACTGCGAACT,,31,111,,
GGTTGTGAACACTTGC,,31,113,,
TCAATCGCTAGAGCCT,,31,115,,
CTCACCGTATGTCATG,,31,117,,
TAGCCAACGGTATCGT,,31,119,,
TCAATGGATGTCGAGC,,31,121,,
ATCCACGGTCAGAGTT,,31,123,,
CAGTGCCACTGATTCA,,31,125,,
TAACTGGGTTTCAGCG,,31,127,,
GTGTCAACCTGTCCAA,,31,129,,
AGCCATTGCAATGGAC,,31,131,,
GGGTCATCAACACTAG,,32,2,,
GCTCACGGTATCCAAA,,32,4,,
GGAGCTGTCTAGCAAT,,32,6,,
ATAGCAAGTGTCCAGC,,32,8,,
TGTGTGCACTTGAGAC,,32,10,,
ACGCTGAGCTGACTAT,,32,12,,
CGCAAGCCTTAGTGAT,,32,14,,
AGAGGTCCCTTTCGAA,,32,16,,
GAACGTTTGCAGAACG,,32,18,,
GCGTAACATGACGTGA,,32,20,,
CCAATGAGGTACGAGT,,32,22,,
AATGACCTTCAGCGAC,,32,24,,
TGAAGTGTCGCTGCTA,,32,26,,
CGTACCTACGCTGAAA,,32,28,,
CTTACGAGCCTGATGT,,32,30,,
ACACGATCCGTGTTAG,,32,32,,
GTGGCTTCAATCAGAC,,32,34,,
GAGTGAACTGACTACG,,32,36,,
AGACACGGATAGCGTT,,32,38,,
AAGTTCCACACGTGTC,,32,40,,
GCTGCAGTGTTACGTA,,32,42,,
ACCTTGGTAGCCTATC,,32,44,,
TTGAACGAACGACTGC,,32,46,,
GCACGATGCGTATCAT,,32,48,,
ACGTGGATAGATCTCG,,32,50,,
GGTAGAACCCTGATCT,,32,52,,
AGATGGAACCTCTAGG,,32,54,,
AACCAGACGATTCGTG,,32,56,,
GACTCAATGATCTCGG,,32,58,,
TGAACGAACGTGTTCC,,32,60,,
TTGTAGGGTCCATCAG,,32,62,,
GCAGCGTTCATGTATG,,32,64,,
GGGTCTCAAACTTCAC,,32,66,,
ATAGACGCTACATCGC,,32,68,,
AGTACGCACGCTATGA,,32,70,,
TTGTCAGTCCACGCTA,,32,72,,
CGAGTAGACCTTGAGA,,32,74,,
ATGAGCTCGCTAGGTA,,32,76,,
CTTTGACGAGTCAGAC,,32,78,,
ATACAGCAGGTAGTCC,,32,80,,
GCTTGCACCATAGAAG,,32,82,,
GGTCTCATGCCTACAA,,32,84,,
CGTCAATGACCTAAGC,,32,86,,
CTCAATGGACCTAAGC,,32,88,,
AGATCGTCACGTCTAG,,32,90,,
GATTCGCTTGATCGAG,,32,92,,
ATTCACGATGGTTGGC,,32,94,,
TCCTCCTATGGCAAGT,,32,96,,
AATGCAGGTGCCTTCA,,32,98,,
TCCTGGTCGCAACTAA,,32,100,,
TGCTGAATCTAGAGCC,,32,102,,
ATTGGCTACCAGGTAC,,32,104,,
TATCGTCATGGACCTC,,32,106,,
GGAAGGCACGTTCAAT,,32,108,,
ATGGTGTCCTACCTAG,,32,110,,
ACCACGTAACGTACGT,,32,112,,
AGGTGAATGACCATGC,,32,114,,
ACCAAGCACTGTGCTT,,32,116,,
GTTCCTTTCGAGAGAC,,32,118,,
ACCCACAGTTGGCTAA,,32,120,,
GGAGTTCAATCGGACT,,32,122,,
TTGCGTGACCTCAAGT,,32,124,,
GACGTTGCACTGAGTA,,32,126,,
GTACATACGGATCGAG,,32,128,,
TGTCATTCGTCGCACA,,32,130,,
ATTCCAGCGTCTAGAG,,32,132,,
CACCAGTTCACAGATG,,33,1,,
GTCATGGAGCAACCAT,,33,3,,
CGAGTCTATGCAAGAC,,33,5,,
GTACTCGTGCAGGATT,,33,7,,
GCATGGCTTGAGACAA,,33,9,,
TAGGACAGGGTATCCT,,33,11,,
AATCACCTCAGAGGTG,,33,13,,
CAAGCTGTATGGTCTG,,33,15,,
CGAGATGCCTTGATCA,,33,17,,
CATCCGAGGTTCGATT,,33,19,,
TCGAGGTCAAACTTGC,,33,21,,
TCGGACAATGGATCAG,,33,23,,
CCACTATGGGAAGCTT,,33,25,,
AGGTTCTCCTAGGATC,,33,27,,
ACAGACCTCGTATGGT,,33,29,,
TTCCAACAGGACACTG,,33,31,,
ACATAGTGACGTCCGA,,33,33,,
ATTCTGCGACAACCAG,,33,35,,
TACCAGCGTATGCACT,,33,37,,
TAGCATGCTGGATGTC,,33,39,,
CCCATGGGTAAGTAGA,,33,41,,
CAAGCGTTGCTAACTC,,33,43,,
GTGCTGCCACTTAGTA,,33,45,,
AGACTCTGTTGATGCC,,33,47,,
TTCTCCTCGAAGGCAA,,33,49,,
GATACTCGGAGTTGCA,,33,51,,
TACTAGACCTGTGCGA,,33,53,,
CGTACCACGATAGTCA,,33,55,,
TTACAGTGCCACGTAG,,33,57,,
TTGGGACCGATGACTT,,33,59,,
CTGAGATCGCAAGTTC,,33,61,,
AGACACGATGCTTCTC,,33,63,,
ACGTAAGAGGGTCTAC,,33,65,,
AGATTGGATGGCTCCA,,33,67,,
ACAGCTTGCATCGGTT,,33,69,,
AGTCTGGTTCTACCAG,,33,71,,
CGACTAAGCTATGCAG,,33,73,,
GACTCTAGATCACCGA,,33,75,,
CTTAGGAGGTCGTTAC,,33,77,,
GAGTTTGGAACGACTC,,33,79,,
GAAAGCGATTCGCTCT,,33,81,,
TAGCTAGAGTTCCACG,,33,83,,
ACGTTTCCAGCTTGAG,,33,85,,
GCCACATGATACGGAT,,33,87,,
CATCTCGCTGGTAGAT,,33,89,,
TAAGGACGTGACTCCT,,33,91,,
CTACCGAGCTTGTTGA,,33,93,,
TGTTGTGCCAGCAAAC,,33,95,,
TGCAGATCTTCATCCG,,33,97,,
CAAGTCGTCAGGAGTA,,33,99,,
GCCAGATGATGAGTCT,,33,101,,
TGGTTGCATTGAGCCA,,33,103,,
TCCGTTACCGAACAGT,,33,105,,
CCCTAAGCAACTTGGA,,33,107,,
GCACAATGTCGCTAGT,,33,109,,
CAACCAGATGCATCGT,,33,111,,
AACGTCTTACGGATCG,,33,113,,
CAGAATGTGCGTTCTC,,33,115,,
TCGAGGTTTCTAGGCA,,33,117,,
CTGTGCGAATCCATCA,,33,119,,
TTCTCTATGAGGGACC,,33,121,,
GCGAAAGGCTCTTGTA,,33,123,,
CCTAAGTAGCTACGAG,,33,125,,
CTGACAGATCTCCGAA,,33,127,,
TGACTACGAGTCGGTA,,33,129,,
TGCTTGAATGCCAGTG,,33,131,,
TGCTGTGTAGCTAACC,,34,2,,
CTTTCAACGTGGTACG,,34,4,,
ACTCTCGGTAGATTCG,,34,6,,
GACTGTTAGGTACCCA,,34,8,,
AACAGGATTCACGTCG,,34,10,,
AACGAGGTCAGCTCTT,,34,12,,
GAGACCTGTCGTAAGT,,34,14,,
GACAGCGACTTTCCTT,,34,16,,
AGGTGCTCCAAACACT,,34,18,,
AGATCACGCTTGCGTA,,34,20,,
CGAGTTGTGACAGACT,,34,22,,
TCCCTAAGTGAAGGCA,,34,24,,
GCTAGGCAATCTTACG,,34,26,,
CTGAGAATGCCTTCTC,,34,28,,
TACAGGTCGGTAGTAC,,34,30,,
AACGCTCATGCTGATC,,34,32,,
ACTTCATGACAGAGCC,,34,34,,
CCCTGTGAGCTTAGAA,,34,36,,
GTACCTTACCGAGATG,,34,38,,
AACAGACTCTGTCCAG,,34,40,,
ACTCGCAAGTGTACCT,,34,42,,
TTAGGTGTCGCAATCG,,34,44,,
AGGCACAACTTAGGTC,,34,46,,
CAACTGATTGCGTGAC,,34,48,,
CGTGATGTAAGCTGTC,,34,50,,
CTCATGATGAGCTACG,,34,52,,
TAACTCAGGTGTGCCT,,34,54,,
GACTGACTGCTCTCAA,,34,56,,
GACACATGAGTTTGGC,,34,58,,
GCACTCCCATGTATGA,,34,60,,
TAAGCCATTGTGCCTG,,34,62,,
ACTGGTGTCAGAATCG,,34,64,,
CGTTTCATCGGAGCAA,,34,66,,
GTTTGACCCTACAAGG,,34,68,,
CAAACCTGTGATGCCA,,34,70,,
GACTTGACCCATCTGA,,34,72,,
TGATCATGAAGCAGCC,,34,74,,
GATACATGGCAGGCTT,,34,76,,
CACTTGCATAGTCGCA,,34,78,,
AGAGATGCTCCAGGAT,,34,80,,
TTCTTGGTGCCAAGAG,,34,82,,
TCTCAGGAAGGTATCG,,34,84,,
TCATGCGTCGAGAGAA,,34,86,,
GATCCACGTTACGACA,,34,88,,
TGAGGAGACGTTCACA,,34,90,,
CTGTGCTAAGGTCAAG,,34,92,,
TCTTGACGGAGTAGAC,,34,94,,
TAAGGTGAAAGCGTCC,,34,96,,
AATGTTTCCAGCAGGC,,34,98,,
CCTGACTTGCCAGTAT,,34,100,,
CGGTTTGACGCTAGTA,,34,102,,
ATTCAGGCTCCTGAAG,,34,104,,
CAGGACTGTACATTCC,,34,106,,
AAGACGTAGGTATCGC,,34,108,,
ATGCTTGCATCACACG,,34,110,,
GGAGCACAACCTTGAT,,34,112,,
AAAGCAGGATGCTTCC,,34,114,,
ACCTAAGGGTTGCGTA,,34,116,,
GTAACATGCCTCACTG,,34,118,,
AGCTGACCATAGGCTT,,34,120,,
CAGGAACGTCATGGTT,,34,122,,
GGGACACTCTTTCAGA,,34,124,,
TCCGAGGCTAAGTCAT,,34,126,,
CAGTGTAACGTACGCT,,34,128,,
GGCTTAGCTTACTGGA,,34,130,,
ATGGCAGAACCTTGCT,,34,132,,
TCTTACCCAGTCAGGT,,35,1,,
TTCCGAAGGTTGGTCA,,35,3,,
CCTGAAGTCGCTAAGT,,35,5,,
CTTCAGCACGATGCAT,,35,7,,
CATGCATTGCGACATG,,35,9,,
CGCTTTCGAAACGGTT,,35,11,,
CGAAGTGACGGTTCTT,,35,13,,
TCTACAGTAGAGGCAG,,35,15,,
GTAGTCAGTATCCTGC,,35,17,,
TCTATGACGAAGCGAC,,35,19,,
CAATCGTACGTGACCT,,35,21,,
CACATTGGACTTGAGC,,35,23,,
AGCTCAGAAGCATCTG,,35,25,,
TCGCAAGACCGTCTTT,,35,27,,
CTAGCGTTTGGATCAC,,35,29,,
CCCTCAGAAGGTATGA,,35,31,,
GGCTTCAAACGTAGGT,,35,33,,
CTGTATCATCCTGCGA,,35,35,,
GCATGTACCACACGTA,,35,37,,
CATGGTCCTAGGATAC,,35,39,,
TCACCTGGAATGTACC,,35,41,,
GCTAAGCTTTCTGGGA,,35,43,,
AATGGTCTGCAACGTC,,35,45,,
ATCCCTGGATGGGAAT,,35,47,,
CGAGGTACACTAGTAG,,35,49,,
ACGAGCTCAACTAGGT,,35,51,,
GTCTCACACTTAGGGA,,35,53,,
GGTACGCATAGTCAGA,,35,55,,
TTGCACCGAGATCTCT,,35,57,,
TGGCTCTGAATCGAAC,,35,59,,
AGTCTGGCATCGTAAC,,35,61,,
CTGTCAATCGTGACTG,,35,63,,
TGACCCTGTGCTAAGA,,35,65,,
ATTCGTTCCAGGGTAG,,35,67,,
ACCAGTGCCTTAGGAA,,35,69,,
GCACGGATTCTGTAGA,,35,71,,
CTGTTACATGCGAACG,,35,73,,
TACGCAAAGTCGGATG,,35,75,,
AGATGCGTCGAAACTG,,35,77,,
AGCTGAGCTGTTACCT,,35,79,,
TTAGGACCAACCGTGT,,35,81,,
AGTGACAGTTGAAGCC,,35,83,,
AGTTACACGCTACCAG,,35,85,,
ATCGTCCAGCAGAATC,,35,87,,
GTTACAGTGACTCGGA,,35,89,,
TGTAGCGTTCACTCGA,,35,91,,
CGATCTATGGTAAGCG,,35,93,,
GGACCATTGCTGGTAT,,35,95,,
GGGACCTGCTATCATT,,35,97,,
AGACTGGTAGCTGTCT,,35,99,,
CGTAGGTTACATCCTC,,35,101,,
AAGTAGTTCCACGTCC,,35,103,,
CAGTAGGCATGATCCT,,35,105,,
TGTTCACATGTCGCAG,,35,107,,
CAGTGCCAACATACTG,,35,109,,
AACATTCAGCGTGTGC,,35,111,,
AATGGGACCGTCAGAT,,35,113,,
AACGTGACGTGCAACT,,35,115,,
CGATCGACTTTGATGG,,35,117,,
AGCACGGTCTTTCACA,,35,119,,
GGGAACGTAACGTTTC,,35,121,,
AACACTCGTGGTCCAA,,35,123,,
AGCTGTAGACGTCATC,,35,125,,
TTGAGGCTGGATCCAA,,35,127,,
GCGATACCTCTCGTTA,,35,129,,
CCGTTAGTAGCAGCAT,,35,131,,
GGTTACTCGATAGCAC,,36,2,,
CTAGGGTTCTGAACCA,,36,4,,
CGAGTAACGTACGACT,,36,6,,
TTCGTCGAGGAAGCTT,,36,8,,
GATGACTCGCTTAGAC,,36,10,,
CATGGACTTCACGACT,,36,12,,
CTTTCTAGGATCGAGG,,36,14,,
CCTGGAAACGCATAGT,,36,16,,
CGTATCAGTGATGACC,,36,18,,
CGTTCGAAGGTTGCAA,,36,20,,
ACGAATGTGGCTTCCT,,36,22,,
TGCACTACTCATGCAG,,36,24,,
TGGAGTCTGCATGAAC,,36,26,,
CGCTCTCACAATGTGA,,36,28,,
AAGGTCTAAGTCCACC,,36,30,,
GTTGCAACTAGGGACA,,36,32,,
ACAGTCTTTGGACCCT,,36,34,,
GAATGACTCGTCGTCT,,36,36,,
GTCACTTAGATGAGCG,,36,38,,
GTTGGGAACGTCCAAT,,36,40,,
CATCACGAGTCAGTGA,,36,42,,
AGCTCGCAAAGCCATT,,36,44,,
CTTACCATACGTGGCA,,36,46,,
ATAGCGACGGTTTCGA,,36,48,,
CAGCCTTGAGTCATTC,,36,50,,
CCCATTGACTGGAACA,,36,52,,
CCTAGACTCTGTGAGA,,36,54,,
GTCCATAGTAGCGTAG,,36,56,,
GTACTACTGGCTGCAT,,36,58,,
TGCGTAGACTGACACA,,36,60,,
TACTGCCTAGGACAAC,,36,62,,
TCAGTCTCGCAGAAGA,,36,64,,
GGAAGTGTCAGTATCC,,36,66,,
ACCCAATCCTGTGTGA,,36,68,,
ATGCACTATCTCTGGC,,36,70,,
GGCAGAACTACTTGGA,,36,72,,
AAACAGTACCTGGGTC,,36,74,,
TCCAGAGGCTTGATCA,,36,76,,
ACCTGGAAGTACCTAC,,36,78,,
ACTCTGGAAACTCCGA,,36,80,,
CGGAACTCTATGAAGG,,36,82,,
ACTGGAAGAACTCCGT,,36,84,,
AGTTAGCTCTCTCGCA,,36,86,,
TCATGAAGAGTCCGTC,,36,88,,
TACGAGTCCAGTAGCA,,36,90,,
AAGACCAGTGCACTCT,,36,92,,
AAGCAGCGATCTGTGA,,36,94,,
TATCAGACATGGCTCG,,36,96,,
GTCCCAGGTTGTTACA,,36,98,,
CGAATGATTGGAGCCA,,36,100,,
AGCGTTAGACAGCTAG,,36,102,,
CGCAGTAGTTGTCTAC,,36,104,,
ATCGTTGGACGGAATC,,36,106,,
CAGTGTCGTCTGATAC,,36,108,,
CACGAGTTCTACTCGT,,36,110,,
ATGGGACACTGGTACA,,36,112,,
CATAGGAGCTACGGTT,,36,114,,
TTCGCTCAGGCACTAA,,36,116,,
ACGGACTCGATCTTCT,,36,118,,
CCACTAAGGTCAGTCT,,36,120,,
GGCAAGTTACCGAAGT,,36,122,,
CAGCTCAGTGTTCGAA,,36,124,,
GGTACTCCATGTAAGG,,36,126,,
ACCCTAGGGATCTGTT,,36,128,,
CGCTTTGATCTCAACG,,36,130,,
TTGCGTAACGGTTAGC,,36,132,,
ATGGGTGCTAAGTACC,,37,1,,
CGTACTTAGGTCATGC,,37,3,,
ACATCTGTGTCCAGTC,,37,5,,
ACAATGATCCCTGGAC,,37,7,,
CAACCAGGTTCAATCG,,37,9,,
ACTCCTTAGGGTGACA,,37,11,,
CCGAATCAGATGAGGT,,37,13,,
GAAACTGCGTATCAGC,,37,15,,
CCTCGCATGTATGGTA,,37,17,,
ACTCCAGTAGTGTACC,,37,19,,
GATGCGACCGATGTAT,,37,21,,
CAGGAAGCTATGAGTC,,37,23,,
AGCTAACGAGGTGCTA,,37,25,,
ATGTGTCACCAAAGCG,,37,27,,
ACCTTGGAAAGACCTC,,37,29,,
TCACCCTTAGAACTGG,,37,31,,
CGGATTCAGCACTGAT,,37,33,,
CATGCGAGGAGTTCAA,,37,35,,
GTTCCGACAACTCATG,,37,37,,
CCGATAGAGAGGTCTA,,37,39,,
TCTCCACGAAGTGAGT,,37,41,,
ATGACGATCTCGTGAG,,37,43,,
AAACGCTTGGATTGCC,,37,45,,
GTTCAGCTGCTAGATC,,37,47,,
GCAAAGTGAGTGCTAC,,37,49,,
AGAGTGCACTTCCCTT,,37,51,,
TGTGCTCTCTCGAACA,,37,53,,
TTGCGACCTGGAATGT,,37,55,,
GGACAGTCACTGTTTG,,37,57,,
AGTCCATGGTCCATGA,,37,59,,
GTGAGACCTTTCGGAT,,37,61,,
ATGGCAAGTCCGTCTA,,37,63,,
AAGACCATTCCTGGAG,,37,65,,
ATCCAGTGACGTTACC,,37,67,,
TAGCCTAGAACGTGGA,,37,69,,
GACAATGTTTCGGACC,,37,71,,
CTTGGATCACTAGCGT,,37,73,,
TGAGGCTTCGATCAAG,,37,75,,
CGAAGCAAGCTTTGAG,,37,77,,
GCAACTGTCTCCATGA,,37,79,,
GGCATGATTCCGACTA,,37,81,,
CATACGGTCCAAGTAC,,37,83,,
TTCCATCGGATTCAGC,,37,85,,
AGTACCAGGAGTTCAC,,37,87,,
CGTAACACTTTGCAGG,,37,89,,
GAAGCCTCGTAAGCAT,,37,91,,
TTCGAGTCCATGAGTG,,37,93,,
GATTCACTGCACGCTA,,37,95,,
TTGCACGACCTATCAG,,37,97,,
AGATCCCTAGGTATCG,,37,99,,
TGTAGGAGTGCAACCT,,37,101,,
TGTCAAGCATACTGCC,,37,103,,
TGTTCCTGGAAGCAGA,,37,105,,
GACGTGTCGCTAGTAA,,37,107,,
ACAGTAGCTAGCGTGT,,37,109,,
ATGACGCAGTGCGTTT,,37,111,,
GGATCCTCATGTACCT,,37,113,,
ACTCGGAGTCATACGA,,37,115,,
GCAAGTTACTGCTCGT,,37,117,,
CAACTCGTTGAGCGTT,,37,119,,
AACTGCTGTCAGACTC,,37,121,,
GCGTCCTACATTGGAA,,37,123,,
GGGTTTGTATCCCACA,,37,125,,
TGACGTGGACATCGTT,,37,127,,
AAGTCGTGGCTCTGAT,,37,129,,
ATCTAGACGAGGTCTC,,37,131,,
TAACACGTCTCACAGG,,38,2,,
CAGATTCTCTGAGGTC,,38,4,,
CCGTTCAAGTATGTCC,,38,6,,
GGATCTAGCTCTTAGG,,38,8,,
TTACGGAACCGAGAGT,,38,10,,
GTGGGTAAGCACTCAA,,38,12,,
GGATGATGATGCCATC,,38,14,,
GTTCTGTGCAACAGCT,,38,16,,
CAGGCTTTCCATTGGA,,38,18,,
CCTTGATGAACCCAGT,,38,20,,
ACCGTTTGCTGGAAAG,,38,22,,
AGCTACGCATCCATAG,,38,24,,
CGTCATGAACGACTAC,,38,26,,
AACGGATTGGTACCTG,,38,28,,
CGAGCATGTAGTGCTA,,38,30,,
CGAAGATGGCTCTCTA,,38,32,,
GGCTGGAACTTGTACT,,38,34,,
ATGCATGGAGGCATCT,,38,36,,
GTCTCTATGGGAATCC,,38,38,,
ACAGATTCGTCACAGG,,38,40,,
AGTCCATTGGGAGCTA,,38,42,,
TATGAGAGTCACAGCC,,38,44,,
TTAGCTAGGCAGCAAG,,38,46,,
AGGTGTTACCGAGTCA,,38,48,,
GGGACATACCTTGTAC,,38,50,,
TAAGCAGACGCTATCC,,38,52,,
CGACATACATGATGGC,,38,54,,
GAAGCTACCTCTATGC,,38,56,,
CACATTGCGTGCTCAA,,38,58,,
TGCAGTGTGAACGCTT,,38,60,,
CCGTTGAAAGCACTAC,,38,62,,
AATGACGAGCTGCCTT,,38,64,,
CATCGTAGGTATGCTG,,38,66,,
GGACCCAGATAGTGTA,,38,68,,
TGTCCAAGGGTAGACT,,38,70,,
AACAGGGTATGTTCCC,,38,72,,
TGTCATCATGCACCGA,,38,74,,
CTTCAGAGGACTACCT,,38,76,,
CAGTGTCTACATTGGG,,38,78,,
ACTACGCAACTCGGTA,,38,80,,
CTGATCCGAGTGCTAA,,38,82,,
CTCGTCTCTAGAGATG,,38,84,,
CGTGGGAATCAAGATC,,38,86,,
GGTGGCATTCTATGAC,,38,88,,
TAGCACTCCGAACTTG,,38,90,,
GTTAGCACCTGTGTAG,,38,92,,
TCCGTGAGGAAGATTC,,38,94,,
TCGCAATGTTACACGG,,38,96,,
GTGTCATCTGCACTCA,,38,98,,
TCGGAATCTTCAGGTC,,38,100,,
GAACTGGCACTAGACT,,38,102,,
GTCAGAAGTAAGCTCC,,38,104,,
TATGACCTCCAAGGGA,,38,106,,
CATTGAAGCAGCTCCA,,38,108,,
TTCTAGTGGACCAGAG,,38,110,,
ATGGCTGCAGGAATCA,,38,112,,
TGGTACTTCATGACGC,,38,114,,
GGTGTGGCTCAACATT,,38,116,,
CTGTCACGGTTTGGAA,,38,118,,
ATCCGTAGCTCACGAA,,38,120,,
GAGTTGCTTCGCAATG,,38,122,,
GTAGTCGTCCTAAGTC,,38,124,,
AATGCTGTCGAGTCAG,,38,126,,
CGTGTTACCCTACGAT,,38,128,,
ATCCGTGAAGTCACTG,,38,130,,
GTACGCATTGCAGTAC,,38,132,,
TGGTCAACGTGAGTTC,,39,1,,
TAAGACAGTCGACCTC,,39,3,,
CTGGAACTTCTCGTAG,,39,5,,
CCAACCATTGTTCGGT,,39,7,,
ATCACGTTCGAGACGA,,39,9,,
CTTGGCACACATGAGT,,39,11,,
AAGTTCGGATGGATCC,,39,13,,
CCGAGAGTCAGTCAAT,,39,15,,
AGGGTACCCTGACTAA,,39,17,,
GCTAGACTACTGATCG,,39,19,,
AGCGACGCATGACTTT,,39,21,,
AGACTCTGAGCATACC,,39,23,,
TGGATCTAGCCAAACG,,39,25,,
TAGGTAGCCTCTGGTA,,39,27,,
CCACAGCTTGTATGCT,,39,29,,
TGCTACGTCCCAAAGT,,39,31,,
TCATCAGCTTTGGAGG,,39,33,,
GCGTATGAACTCGCAT,,39,35,,
CAATCGCAAGTCCGTA,,39,37,,
AGAGAACCTTGAGTGC,,39,39,,
GTCCTACAGGGTAACA,,39,41,,
AGTCGTCAGATCGACA,,39,43,,
TTCTGAGCAAGGAGCT,,39,45,,
ACAGGCTGTCTGAATC,,39,47,,
CCTCATCGTACGGTAT,,39,49,,
GACCAGGTATCCATTG,,39,51,,
GACACCGAGTCTGTAA,,39,53,,
CCCAATGTGGCTGTAT,,39,55,,
GAGTTGCAGTTCCTAC,,39,57,,
GCGTCATAGCTCAAGT,,39,59,,
TTCCAGGTCACCTTAG,,39,61,,
GACAATGGTGGCACAT,,39,63,,
ACCGTATGATCCTGCA,,39,65,,
GCGTAGAACACTTCTG,,39,67,,
TTCCACTAACGGAGCT,,39,69,,
GTCGATCAGTGCTCAT,,39,71,,
AACCACGTAGTGGTTG,,39,73,,
GCTACGACTGCTACTT,,39,75,,
GTTGCCAGCTTTGACA,,39,77,,
TTCCATCAGGTGCAAG,,39,79,,
CTTACTAGGAGATGCC,,39,81,,
TAAGGGAGCTACTTGC,,39,83,,
CATCTCGAGGTGAGAA,,39,85,,
TTGCAGGTTCAAAGCC,,39,87,,
ATGATCCCTGACCTGT,,39,89,,
TATGGAGCCTATCTCC,,39,91,,
AACGCTGTACAGGATC,,39,93,,
GTTCAGGACTAGACTC,,39,95,,
GGTTCAAGTGAACACG,,39,97,,
AATGTGACGTCTCCTG,,39,99,,
TCCCTAAGTTTGCAGC,,39,101,,
GCTAGGACTTTCAGTG,,39,103,,
GCAGACTTCTTGCATC,,39,105,,
GGGTGTCCACAACTAT,,39,107,,
GCGACTTTGCAGTCAA,,39,109,,
TATGGCTACTCAAGGC,,39,111,,
ATCCTCAGAAGTGGGA,,39,113,,
TTGACTCGACGACATC,,39,115,,
CAGTCATGCTAACACG,,39,117,,
CGATTCGTAAGCACAC,,39,119,,
TAGGCACTACATGCGT,,39,121,,
GATTCTCACGTGAGCA,,39,123,,
TAACCCTTGGACCGTA,,39,125,,
GTATGATGGTCAGCTC,,39,127,,
GTATCCGAGATGCTAG,,39,129,,
AAACGATCCACCTGGT,,39,131,,
CTCTCGAGATTGATGG,,40,2,,
TCTACCAAAGTGGCTG,,40,4,,
TGCCATGGTACGTATC,,40,6,,
CCAGGTTGAATCCTCA,,40,8,,
CGCTCATGCAATGCTT,,40,10,,
CGGAACGTCAACTGTA,,40,12,,
TACGAGTACCGTTCGT,,40,14,,
GCAATCGCTGTCCAAT,,40,16,,
GCTACTGAAAGCCACT,,40,18,,
AAGTCTGCTACCCAGA,,40,20,,
TGACGATCTAGTGGCA,,40,22,,
TCGAGTCATTCCCTAG,,40,24,,
GGTGAAACTTGCAGAC,,40,26,,
ACACTCCTTGTTAGGG,,40,28,,
AGCTGATGCATCGTCT,,40,30,,
TCATGAGCTCCTGTAG,,40,32,,
AGTGCATTGGCAACTG,,40,34,,
TGTCGAAGTAGCTCGT,,40,36,,
GGCTTACCTTCAGGTA,,40,38,,
AGCTAGCATCGAATGG,,40,40,,
TCTCCGAAAGTTGGTG,,40,42,,
GACTGGTAGTCGAAAC,,40,44,,
AGGAAGCTCGTTCCTT,,40,46,,
CAGACACCCTGTTGTT,,40,48,,
GTCCATCCCAGAGTTT,,40,50,,
TCATGAACTGCCAGAC,,40,52,,
TCAAGGCTTGCCAACT,,40,54,,
TAGCAGGCAATGACGT,,40,56,,
TTCTCTGGGAACAGTG,,40,58,,
GCTTACGATGCATACC,,40,60,,
GCTACTGCACCAAGTA,,40,62,,
GCTTCAATGCTAAGCG,,40,64,,
CCTTGCTCTGTGGAAA,,40,66,,
CGCAAGTGACAATCTC,,40,68,,
TCCTCTGGAGAACAAG,,40,70,,
ACAGACTTTCGCATGC,,40,72,,
TACGGTGCGAGACATT,,40,74,,
GGATCTGGACATCATC,,40,76,,
TGTACCAGCTAGGACA,,40,78,,
TACATGGACAGTCCGT,,40,80,,
CAACCGAAGGTCCATT,,40,82,,
TGAAGGATCCTCTCCA,,40,84,,
CGACTAGGAGTTTGCT,,40,86,,
TGTACGACTTGTCACC,,40,88,,
CAGTTCGACTCTCAAG,,40,90,,
CTTCGGATTCAGGGAT,,40,92,,
CGGTCTTGCAGAATGA,,40,94,,
GAGCGATCTTCATGGT,,40,96,,
AAGGTTTCTGCAGGCA,,40,98,,
GCAAGCATACTTGCGA,,40,100,,
CTAAGAAGTCCGTACG,,40,102,,
AAGTAGGTCCACCTTG,,40,104,,
CAGTACAAGGTTCACC,,40,106,,
TCATGCTTCGAATCGG,,40,108,,
ACGCTCGACGTAACTA,,40,110,,
ATAGGAGTCACTCCGA,,40,112,,
GATCGTCATGCTAGCT,,40,114,,
TTGGTGCATAGCATCC,,40,116,,
GTGAGCTCAAAGTCGA,,40,118,,
GTGGCTTCCCTAGATA,,40,120,,
TGGTGGATTGACCCAA,,40,122,,
AAGATCGCAGGGATTC,,40,124,,
ACAGTTAGCAGGTACG,,40,126,,
CAACCCTTGGTGATAC,,40,128,,
CCAAGATGTGCAGTCA,,40,130,,
TGCTACATTGCGTCCA,,40,132,,
CACTGACCGTTGTAAC,,41,1,,
CGATTCATAGCACGCT,,41,3,,
CAAGTCTGCGATCACA,,41,5,,
GTACGCATCTAGGAAG,,41,7,,
ACACTCCTGAGCTGTT,,41,9,,
ACAGTTGGTCTACCAG,,41,11,,
ACTGGAATCTGGCACA,,41,13,,
GTTCGCTTAGCACGAT,,41,15,,
CGTAGTCATCATGGCA,,41,17,,
ACTCCGTAGCAAGAGT,,41,19,,
CTGGATCATCCCTAGT,,41,21,,
AGACCTTTCCACTTGG,,41,23,,
GTCAATCGTGGGACAA,,41,25,,
TCAAGCACGTTGCCTT,,41,27,,
TCGTCATGACGGACTT,,41,29,,
GCTTCGTAACTCGCAT,,41,31,,
TTCATGGGTCAAAGGC,,41,33,,
CCAGAGCTAGTAGGTT,,41,35,,
CAATCATCCAGAGGGT,,41,37,,
GCGTGATCTCACACAT,,41,39,,
TAAGGTCTCGTCTACG,,41,41,,
ACCTATGGCTGAAGTC,,41,43,,
GCGTGACTTTCTGAAG,,41,45,,
GGAGGCTGTCTAACAT,,41,47,,
TTAGCTGACCTCAGAG,,41,49,,
GTTCGGAACCGTTTCA,,41,51,,
TACTGTCTGCAGAGCT,,41,53,,
CGTCGTTACCACAGTT,,41,55,,
AGCTGTTGCTCAAAGG,,41,57,,
GATCACCAGATTGCCA,,41,59,,
AGCAACCTCAGTGTCA,,41,61,,
TGCTCGTCACGTGTAA,,41,63,,
CTGGATCATCGAGGTA,,41,65,,
GGATCCAACATCGTAC,,41,67,,
ACAGTCGCTTCTTGAC,,41,69,,
GCATAGGTATGCATCG,,41,71,,
GACAGCATCTCGTCAA,,41,73,,
GATCGCAGCATTCATC,,41,75,,
AGCTGCTGGTAGACAA,,41,77,,
GACCGAAGTTTCCCTT,,41,79,,
ACTTAGTAGGAGAGCC,,41,81,,
GACTTCGACTAGTGGT,,41,83,,
CTGAGAATCGTGAACC,,41,85,,
GACCATGGACTAGCAT,,41,87,,
GCACGACAATGCGATT,,41,89,,
GGTGCAGTACCTTCTA,,41,91,,
CTTTGAGCTAGGACTG,,41,93,,
CAAGGTAGGCTTTCCA,,41,95,,
AGCATACAAGCTCTCG,,41,97,,
CGAGTTCACTGGTCAA,,41,99,,
CTGAAGGTCATCCACT,,41,101,,
TTCAGTCGAACCAGTG,,41,103,,
GTAGGCAGTCACTTGT,,41,105,,
ACACGTATGTCCATCG,,41,107,,
GACGATGATACTCCTC,,41,109,,
GATCTGGTCGAACTCT,,41,111,,
GGTTCTAGTGACACCT,,41,113,,
CGTACACTTCGCTTGA,,41,115,,
GCAGTGTCGTCTCTAA,,41,117,,
TCCGACTGGATCAAAG,,41,119,,
CGGTCTACGCAAAGTT,,41,121,,
ACTGTACCTGGTTAGG,,41,123,,
CATTCGTCTGGGATAC,,41,125,,
CGTTAGTGTAAGGCTC,,41,127,,
ACTTCTACCAACGGTG,,41,129,,
GATTGGATCACCCTCT,,41,131,,
GGTCGAATCAGCGATT,,42,2,,
TTGACCTGTGCGAACT,,42,4,,
ACGTGAACGTCCAGAT,,42,6,,
ATCGAGGTGAGTATCC,,42,8,,
TTGGGTCTCCAGATGA,,42,10,,
TCTTCCTAGAGAGCTG,,42,12,,
CTCCTAGTAGCCAAGA,,42,14,,
GATCAAGGTCCCAATC,,42,16,,
TAGTTCGTGAACCCTC,,42,18,,
CTTCATGGCTACGGAA,,42,20,,
GCGTTACAAGCCAATG,,42,22,,
TTCACCGATGATGTCG,,42,24,,
CGGACTTCAAACACTG,,42,26,,
GCAACGATGTAGCATG,,42,28,,
TCTAGACGTGGTTGAC,,42,30,,
ATCGAGAGCTCTCGTA,,42,32,,
AACTGCACGCATACGT,,42,34,,
CCTTAGGTGATCCACA,,42,36,,
TCCAGTTCAAGCGTTC,,42,38,,
TTCATGGACAGACTCC,,42,40,,
TGACAACACGTTGTGC,,42,42,,
ACTCGATGACTTGCGT,,42,44,,
TCATACGACTGAGGCA,,42,46,,
CAGTCTCACACTAAGG,,42,48,,
TCCAACAGACGTTGGA,,42,50,,
GCCTACTTCGTCTAGA,,42,52,,
GTTCCTCCAAGAGATC,,42,54,,
ACCGAGAATCCCTTAG,,42,56,,
TAGCATCAGGTTCTGG,,42,58,,
AACGTGCATGCTAGCT,,42,60,,
ATCAGTCAGGATCCCT,,42,62,,
TGTCGCAAGCTTGAGA,,42,64,,
ATCGGACCTAGGTAAG,,42,66,,
GAGTCTATCACGGAAC,,42,68,,
AATGTGTACGACTGGC,,42,70,,
CGATGAACCACGGATT,,42,72,,
GCTCTAAGACGTAGGA,,42,74,,
GGATTCACATGGGTAC,,42,76,,
CTTGGAGACAGAGTTC,,42,78,,
TGCTACCTGTGAAACG,,42,80,,
CCTCTATGAGAGTGTC,,42,82,,
AACTCTTGGGAGTAGC,,42,84,,
GACCAAGGCTAGCTTA,,42,86,,
TCTGTGTACCCAACAG,,42,88,,
ACGATCTGTCTCAACG,,42,90,,
TCCGACTTGTCTAGGA,,42,92,,
TCTGGTATGACAGCAC,,42,94,,
GACGTAGACAGGTCTA,,42,96,,
CGCAACTGCTAGAATG,,42,98,,
GAGAGATACGTTAGCC,,42,100,,
TCGCTATGACGGTATG,,42,102,,
CGATACGCTTGGTTAG,,42,104,,
CCAAGTGCTAGTCTAC,,42,106,,
TAGCGAGCTCGAGTTA,,42,108,,
GAATCTAGGCTAGACG,,42,110,,
ATTGAAACCGAGGCTC,,42,112,,
TAACCCTGGGTATCCA,,42,114,,
CGTAGGACATCCTTAG,,42,116,,
AGCTAGTTGAACCACC,,42,118,,
ACGTAGGGTGACCATA,,42,120,,
GCACAGTTGGGATACA,,42,122,,
GCATCTCGTAAGACGT,,42,124,,
TACAGGTAGGGTACAC,,42,126,,
CACGTTAGACTTGTCC,,42,128,,
CGCTGATCAGTGAGAT,,42,130,,
CTGTCCTGAAGGCTAA,,42,132,,
ACTCGAATGACGTGAC,,43,1,,
ATTCGATCGTCGCAGA,,43,3,,
GTGGATCTGACACTTG,,43,5,,
GTCCACAAGGATGCTT,,43,7,,
TATCGCAAGTCGTGGT,,43,9,,
CATCGGTATCTCACAG,,43,11,,
ACAACGTTGAAGTGCC,,43,13,,
TACGCTGCGTGAGTTA,,43,15,,
GAACGATCCTGATCTG,,43,17,,
CTTCGTCCCTAAGGTA,,43,19,,
GCTGCATTGCACAATC,,43,21,,
TGCAAGTCTCTGCATC,,43,23,,
CTTTGAGTCTCAAGGG,,43,25,,
ACTACCTCCTTAGGGA,,43,27,,
CAGCCTACGATGGTTT,,43,29,,
CAGCTAACGAACTTGG,,43,31,,
AGTCAGTTCGTAGCTG,,43,33,,
TCCATCGGTTCGAATC,,43,35,,
TCGTGACATGATGTCC,,43,37,,
ATACCGATGGGAGTCT,,43,39,,
GAAAGGTCGCTACTCT,,43,41,,
ATCGTTAGAGGACCAC,,43,43,,
AGTGACACTGTGACGA,,43,45,,
ACAGGTGGATCTAGCA,,43,47,,
CGTAGTCATCGGTCAT,,43,49,,
TTGTGATTCCACCAGG,,43,51,,
TCAACGGTGGATACCT,,43,53,,
TCTAGTCTGAGCAGAG,,43,55,,
CTAACAGCACGTGGTA,,43,57,,
TATCGACGATGAGCTG,,43,59,,
ACGTTCATAGCCAGGA,,43,61,,
ATCACTTCGAGTCCTG,,43,63,,
TCTACAACCTGAGTGG,,43,65,,
CAGACGTGATTCGCAA,,43,67,,
TTGCAAGACAGCTTCG,,43,69,,
TACAGTCTACACTGCG,,43,71,,
CGGTCACGACATTCTA,,43,73,,
TAGGGTACAACACTCG,,43,75,,
GCTGGTATGCACAGTT,,43,77,,
GGTGCTAGTTACGCAA,,43,79,,
GCTGATAGGTGTCTAC,,43,81,,
AGTTCTAGCAGTCTGC,,43,83,,
ATTGGTCACTGGAGCA,,43,85,,
TGTAAGCGTGTGTCAC,,43,87,,
GAGGCTTTCTTACCAG,,43,89,,
GGTCCAAAGGAGCTAT,,43,91,,
GCATTCTCGACGTAAC,,43,93,,
CAGTCCATAGTGCCTT,,43,95,,
TCGAGATGTGCCTTAG,,43,97,,
TAGACGATACTCGGAC,,43,99,,
AACAGTGCCTGCCTTA,,43,101,,
TCCACGAGATAGGCTT,,43,103,,
GACGTGAGGAACTTAC,,43,105,,
TCGCTCTATCTCAGGA,,43,107,,
TAGCGTCTGTTGAACC,,43,109,,
GATCTCGATGTCGAGT,,43,111,,
AGTGATGAGATCACCC,,43,113,,
TGTCAAAGTGCGTACC,,43,115,,
CGTTGGCAAGAAGACT,,43,117,,
GATTCGTCTCCAAGAG,,43,119,,
AGCATCACGAGGTTCA,,43,121,,
AATCGGATTGGTCCGA,,43,123,,
ACTACCGTTCCAGAAG,,43,125,,
TTGTCGGACGAGACAA,,43,127,,
GGGTACATCACGGATT,,43,129,,
AGGATCCAGAACTGCT,,43,131,,
ATCCACCTTTGGGTAG,,44,2,,
TCGACCATGGTCTAAG,,44,4,,
GGACACTTGTTGCGTA,,44,6,,
GCGAACACTGTTTGCT,,44,8,,
CTCTATGTCGTGAAGC,,44,10,,
CACTAGGAGCTTGTAC,,44,12,,
TTGCACGACTAAGACG,,44,14,,
TCGACCTGTATGAGGT,,44,16,,
CGTCTAGTAGATTCCC,,44,18,,
ATGCCACTGTAGGTCT,,44,20,,
ACTCCTTCCAGGGAAA,,44,22,,
AGGGTAACGTCACCTT,,44,24,,
GACTAAGCTTAGGGTC,,44,26,,
AGATCCGATACCCTTG,,44,28,,
CCATTGGATCTGTACG,,44,30,,
GCCTTTGTAAGCCAAG,,44,32,,
GAGCTAAGACCAGCTT,,44,34,,
GCATCTGTAACGTTCG,,44,36,,
CGTTACATGTGAGGCT,,44,38,,
CTCCTTGGACTCATGA,,44,40,,
AATCGACCGAGTTGAC,,44,42,,
CGACTACGGATGAAGT,,44,44,,
TACATGCGTCAGTGCA,,44,46,,
CGCAGACTGTCTGAAA,,44,48,,
TGGTCCACGATCAAAG,,44,50,,
CGGATGTTGCACTAGT,,44,52,,
CATGGAGTCGACCAAT,,44,54,,
CTTTCGTGAGAAGCGT,,44,56,,
GGTATCTAGGGAAACC,,44,58,,
CCTGAACAACGTGACT,,44,60,,
AGCTGTGACTAGTCCA,,44,62,,
CTGTTAGGCTCGTAAC,,44,64,,
GCTGTCTGACCAAGTA,,44,66,,
CTAGTCAACGAGGATG,,44,68,,
CATCCTGCTACGAGTA,,44,70,,
AGTCGCACAGTAGTCA,,44,72,,
CGGTGTAGTACGCAAT,,44,74,,
GTCTACTGCTATGCAC,,44,76,,
GGAAGCTACGGTTTCT,,44,78,,
CGCTGACTAGTCATGA,,44,80,,
ATAGGAGCACTATGCG,,44,82,,
GCTGCAAAGATACTGC,,44,84,,
AGGTCGTGATCACCAT,,44,86,,
CCATCGGACCATAGAT,,44,88,,
ACGCTGCAACCTGTTA,,44,90,,
TACGAGTAGCTTCTGC,,44,92,,
AGCCAAGATGGCTCAT,,44,94,,
CCGTAGGAAGTGTTCA,,44,96,,
GGAGTACCTATGTCTG,,44,98,,
GGTCAACGTACCTCTT,,44,100,,
ACGGTAGCTAACCTAG,,44,102,,
TCGATACGTGCACTTG,,44,104,,
CTGGTGCGTTAGACTA,,44,106,,
TCGTACTCATGGGAGT,,44,108,,
TCATGGGAACGACAGT,,44,110,,
CTGTGTAGAGCCAGAT,,44,112,,
TGCGAGTAGTCGCATA,,44,114,,
CGTCCGTAGAAAGTGA,,44,116,,
ACAAGTCTGGTTGGTC,,44,118,,
CACGTTAGGATCACGA,,44,120,,
GAACGTGAAACCTGGT,,44,122,,
TAAGGTCCTGCTGGTA,,44,124,,
GTACGAGCACAGTACT,,44,126,,
AGATAGTGCAACTCGC,,44,128,,
ATCGCTAGTGCACTAC,,44,130,,
ACGTAACTGACAGTCC,,44,132,,
TAGGACCTGAATCTGC,,45,1,,
CAGATCTGTACCGAGT,,45,3,,
TGGATACGACCACGTA,,45,5,,
CATGTATGGACTGACG,,45,7,,
TCTGAGGCACAACTTG,,45,9,,
CACTATGTGATCCAGC,,45,11,,
TACGTTGTGTCAACGG,,45,13,,
GACACGCTAGATGTCT,,45,15,,
AAGATTGCACCAGGTC,,45,17,,
AATGTGCTAGTGCTCC,,45,19,,
TCGAACCTGCTTGACA,,45,21,,
CATTGAGACTGTAGCC,,45,23,,
CCGAGATGTTGTACGA,,45,25,,
GAACTCCTAGCTGCTA,,45,27,,
ATTGGTCCTGAGAACC,,45,29,,
CCATACATGGTACCTG,,45,31,,
GCTTGGTACAACCACT,,45,33,,
GTAACTTGGTACACCC,,45,35,,
AAACCAGGGTAGCTCT,,45,37,,
CTGAGTTCCCTTCAGA,,45,39,,
TGGACTAGGACCACAT,,45,41,,
CTGGATCCCATGCAAA,,45,43,,
CCACTTTCGGAGATTC,,45,45,,
ACCAGGGATCGTTGAA,,45,47,,
TAACCTATGGTCGGTG,,45,49,,
GACCTTGACTGAGTGT,,45,51,,
CGGTAGGTTCTCAAAG,,45,53,,
CAACCTGTGGTTCAGT,,45,55,,
ATGCTCAGACCATTCG,,45,57,,
CGCAAAGGGACTTTGT,,45,59,,
GCCAGGAGATACGTTT,,45,61,,
GATGACTGTACGTGAC,,45,63,,
TCTGGACATGATCCGA,,45,65,,
CATTGCGACAGTGACA,,45,67,,
CCAGTAAGCTCAGATG,,45,69,,
GACTACTAGAGCCTAG,,45,71,,
GCACCTAAGTATGCCT,,45,73,,
GACTCTAGGATACCCA,,45,75,,
GGATACTAGTAGCGAC,,45,77,,
GAGTAGCACTAACGGT,,45,79,,
ACGGTTACTCTCAACG,,45,81,,
TTGAGACATGCGACGT,,45,83,,
GTTCCAGCAGATCGTT,,45,85,,
CTCAAGTCCAACTGTG,,45,87,,
TTGACAGGAGTTCACG,,45,89,,
CCGAAGTTGTTCTAGG,,45,91,,
AGTGACCTTGACAGGA,,45,93,,
GCTTGAGGTGCATACT,,45,95,,
AAGGAGGTCTGACTTC,,45,97,,
CTAGTACTGCGAATCC,,45,99,,
CCTCAAACTTAGGCTG,,45,101,,
TCCGTTACCCTGGATA,,45,103,,
TAGTACCCAGTTGGAC,,45,105,,
GCTCATGCGAAGTGAA,,45,107,,
ACAGGTCCATGAACTG,,45,109,,
GCATGACTCAACTAGG,,45,111,,
AAGCCAACTGGACTTC,,45,113,,
ACTCCCAGAGTGATAC,,45,115,,
GCTCTCTAGAGCTTGA,,45,117,,
GCAGTCTTAGACGAAC,,45,119,,
TGCATTGTCGCAGTAG,,45,121,,
CGTGAAGCTCTCAATG,,45,123,,
TGACATTCGACGCAAG,,45,125,,
GTGACACACTCTACGT,,45,127,,
GCACGGTTACATTGGT,,45,129,,
ATTCGAGAAGTGCTCC,,45,131,,
CCTTGCGTTCAGATAG,,46,2,,
ATCGATCATACCCTGG,,46,4,,
GAAGCTTGCACTACGA,,46,6,,
GATGGCTGACTCTACT,,46,8,,
TGGAGTGACCGATACA,,46,10,,
GTGTCAAGTTCATGGC,,46,12,,
ACCTGTGTCATACGAC,,46,14,,
CTCACATTCAAGCGAG,,46,16,,
GTACAGATCCTTACGC,,46,18,,
TACATGCTAGGGAGAC,,46,20,,
GTCATGGCTACGTAAG,,46,22,,
ACACTTGATGAGCTGG,,46,24,,
GACTAGGTAAGCCATG,,46,26,,
GTAGTAAGCTACCAGG,,46,28,,
CTATGTGGCACAACCT,,46,30,,
CACGTGTTCGAAAGTC,,46,32,,
TTTCCCTTGACGGAAG,,46,34,,
CCTAGCATTGATAGCC,,46,36,,
AGTTACCTCCGAGAGT,,46,38,,
CGTATGCGATGCAACA,,46,40,,
GTCCATGACCGTCAAA,,46,42,,
AAGAGTCTGACGCTTC,,46,44,,
ACCGTGATGCGAAACT,,46,46,,
AGTCCCTTAGAGTCAC,,46,48,,
TGGTTGACCCAGTAAC,,46,50,,
CTCTGTCAGAAGCCTT,,46,52,,
TAACTCCTAGCAGAGC,,46,54,,
CAGAACTTACGGACTG,,46,56,,
GAGTTTGCTACCAGTG,,46,58,,
TCTGAGGAGGTATCCT,,46,60,,
GTACGATCCTACGATG,,46,62,,
TTTCGAACCGAAGGGT,,46,64,,
GACTCCTGGTTAGCAA,,46,66,,
CTGTAGGTAACTGCAC,,46,68,,
CAGAACACTTGAGGGT,,46,70,,
AAGCTACGAGCTAGTC,,46,72,,
ATCTCCTGGAGGGTAT,,46,74,,
CGTTCAAGGGTTACCT,,46,76,,
TCACTCCTGGAGATGA,,46,78,,
ACCTGTCAGTCTTAGC,,46,80,,
TGCAGCGTGATGTCAT,,46,82,,
TGAAGCCATTGGTGCT,,46,84,,
TAGGGAGAGTTCTCTC,,46,86,,
CGACTGTGCATGTGAA,,46,88,,
CCGATTGATTGAGCGA,,46,90,,
ACGAATGGGTACATGC,,46,92,,
AACTCAGGGTTCGCAA,,46,94,,
TGTACGAGGCTTCGAA,,46,96,,
CCAGCGATTGTTAGAG,,46,98,,
AGCGAACTACAGTTCG,,46,100,,
TGAACTGTCCACAAGG,,46,102,,
CTATCGCAACACATGG,,46,104,,
AGCTTAGTAGCCTGCT,,46,106,,
ACCTCCAAGGCTTAGT,,46,108,,
CTTCTGGAAACGTACC,,46,110,,
TCTCCAGTAGTCAACG,,46,112,,
CACGGTTTCTAGGTGA,,46,114,,
CGAATGATGGTACGCA,,46,116,,
CGGTGCTAACTAGCTA,,46,118,,
TATCAGGGATACACGG,,46,120,,
CTTAGTACACCTCGGA,,46,122,,
TACTCCTCCGATGAGA,,46,124,,
GTACCATCGTAAGCGT,,46,126,,
GACCATAGTGCTTGCA,,46,128,,
CGAGCATCTGTAGTCA,,46,130,,
GACGTCGGTTAGCAAA,,46,132,,
CTCTGAGTCCATGCAT,,47,1,,
TGTGAGAAGTTCGCAC,,47,3,,
CTCACTGGACGTCAAA,,47,5,,
TAGTGACCGTGATGCT,,47,7,,
GATGAGATGAACCTGC,,47,9,,
TGCGACACATCATAGG,,47,11,,
TGAATCCTCGAAGACG,,47,13,,
AAAGTTAGGCTCCACG,,47,15,,
GTGACTGGACTTGTCA,,47,17,,
TACTGGCATAGTGCTC,,47,19,,
GCCACAGGTTTGTACT,,47,21,,
AGTACTGCGAAGGCTT,,47,23,,
AGGTACACTTGCAGCT,,47,25,,
GAAGTATGACCTCTGG,,47,27,,
GCTCAGACTTCAAGAC,,47,29,,
ATCTACGAGGAACCCT,,47,31,,
TGGCTAGACCCTATCT,,47,33,,
GCTTCCATACAGCATG,,47,35,,
ATGCATGGTGGATTCC,,47,37,,
CAACTGGCTACGATGT,,47,39,,
GACGGTAACGTGTCAT,,47,41,,
TTCGAAGAGAGCCTCT,,47,43,,
ACAAGTGTCTTCCCAG,,47,45,,
ATGAATCTCGTGACCG,,47,47,,
CGGTACAGTGATCGAA,,47,49,,
CACACAAGCGTGTTAG,,47,51,,
GCAAGGTGATTGCACT,,47,53,,
GCAGTTTGTCAGAACG,,47,55,,
GAAACGTAGCCTCACT,,47,57,,
GCACCAGTTCTTGGAA,,47,59,,
CTCTTGAACGTGAGTG,,47,61,,
GACTACCGAAGCACTT,,47,63,,
TTGTTACGAACGTGGC,,47,65,,
TATGCAGTTCCACGTG,,47,67,,
TTGGACGTAGATCCCA,,47,69,,
TGATGCAGCCTGTGAA,,47,71,,
CGTAACCTTGCGAAGT,,47,73,,
TATCAGAGCGATGACG,,47,75,,
TGGTACTCAGTCACAC,,47,77,,
GGTCTCGATCAACATG,,47,79,,
ACGGTTGGAATCGATC,,47,81,,
ATTCCGAACGTGGCTA,,47,83,,
TCCTCCGTGGAATGAT,,47,85,,
TAGCAGCCATGGGTTA,,47,87,,
AGTCCGAACTGTGGTT,,47,89,,
ATCAGGCTGATCCTGA,,47,91,,
CACTGGAATCTGCATG,,47,93,,
CCAGCTAAGAGTGCTT,,47,95,,
GGCTAACAGTCCTTCA,,47,97,,
GAACTACGGTAGGTCT,,47,99,,
GACCAGATCGTACGTA,,47,101,,
GCGTCACAATGGGTTA,,47,103,,
AAGATGCCTCGTAGCA,,47,105,,
TCAAGATTCCGAGCAG,,47,107,,
GAGATGTTGCGATTCC,,47,109,,
CTGTTGATGACACCCT,,47,111,,
CGAGTGGAAAGTATCC,,47,113,,
GCAGTCCCATTGAACT,,47,115,,
TAACTGAGTCCTGGTG,,47,117,,
GTTTCCGAGCATGAAC,,47,119,,
CCGTGACATTGCTCAT,,47,121,,
ATGAACGACCTGCTCT,,47,123,,
GGTTGCAAAGTCTGAC,,47,125,,
CCACTTAGATAGGAGG,,47,127,,
TTCGAGACTGACAGCT,,47,129,,
TCTGCGAACGGTCTTA,,47,131,,
CAACACACTGAGCTTG,,48,2,,
CATGAGTTCTTGCGAC,,48,4,,
TTACTGGCTGCACATG,,48,6,,
AACGTGACACTGGACT,,48,8,,
GGAGTCTCAACCTAGA,,48,10,,
ACAAGATAGTCGTCGG,,48,12,,
ACGTGGCATCTTCATG,,48,14,,
CTGTGACGTGTACGAA,,48,16,,
TGTCTCCGTAAGACTG,,48,18,,
GCCATCAAGATAGGCT,,48,20,,
ATACTGCGACTACGTG,,48,22,,
AAGTAAGCTTCCTGGC,,48,24,,
TTACTGGCAACGGTTG,,48,26,,
TCCCTCGTAGATAGGA,,48,28,,
CCGTAACTCTAGCAAG,,48,30,,
TACTTGCAGCGTGCAA,,48,32,,
CGCTAACGTAGACATC,,48,34,,
ACTCGATTCTGACCAG,,48,36,,
AGAACCTGCCTGATTC,,48,38,,
CGTCACTCAGACTAGA,,48,40,,
GCTCCTATGTAGATGC,,48,42,,
CTTGGTGAACACGAGA,,48,44,,
CTGCGTAACATGCGAT,,48,46,,
GCGTAACTCAGGCTAA,,48,48,,
ACTCCGTTCAGAAGGT,,48,50,,
AACGGTTTCTAGCTCG,,48,52,,
CTACATGACCAAGTGC,,48,54,,
CCGTTCAGTTCCAGTA,,48,56,,
ACAAGTTTGGACCGTG,,48,58,,
GCAACATACGTACGTG,,48,60,,
CTGATCGAATCGGACA,,48,62,,
CATTGCACGATACTCG,,48,64,,
ACTCGGTACGGTTACT,,48,66,,
GTCCACATCCATGGAT,,48,68,,
CATGTGACCAGCTGTA,,48,70,,
CAGGATTCTAGGTAGC,,48,72,,
ACCACAGAATGCTCTG,,48,74,,
ACTGGAACCTCTAGCA,,48,76,,
TAGTGCACCATCTGCT,,48,78,,
CCGTCTAGAAGTTCCA,,48,80,,
TATGCTGCCTTCGAAC,,48,82,,
CTACTTGGGAAACCCT,,48,84,,
GTCGAATCTACTGTGC,,48,86,,
GATAGCGACTCGTAGT,,48,88,,
GTTCAGCACTAAGCTG,,48,90,,
TAACCGTAACCTGGGT,,48,92,,
TCACCCAGAGTTGATC,,48,94,,
CCTCTAGAAGAAGTCC,,48,96,,
GGTAGTCATACCCTTG,,48,98,,
ATACGATCTCGCAACG,,48,100,,
AGAACGCTTCCTACTG,,48,102,,
GTGAGCTCATCACCTT,,48,104,,
CAGTTGCATAGCAGAG,,48,106,,
TGCATCGGATCACTGA,,48,108,,
CACTGTCATAGAGACC,,48,110,,
CACGGTCCATACGTAA,,48,112,,
ACTCAGCACATGTTGG,,48,114,,
CCTTCTGAGTACGAAC,,48,116,,
TAGGTACACTACGGTG,,48,118,,
GCAGGCATCTACGTTA,,48,120,,
TCGATGCTGAACATGG,,48,122,,
TCATACCCAAGACTGG,,48,124,,
AGCAGCTAGGTTACAC,,48,126,,
ACCTCCATGACTTGGA,,48,128,,
GCAAACGGAAGGTTTC,,48,130,,
TGTCTTCACAACTCGG,,48,132,,
TGATTGTAACGCTGCC,,49,1,,
TCTTGTAGGCACACGA,,49,3,,
TAGACGATTCAGCACC,,49,5,,
AAGCTATGACCGACTG,,49,7,,
GGTACTAGGGTCCTTA,,49,9,,
CCGTTGCAAACTGGAT,,49,11,,
AATCGCTCCAGGTCTT,,49,13,,
TGACCGTTTGTACCAC,,49,15,,
TAACGTTCCGTCCATG,,49,17,,
TGAGGCTCCTAAGCTT,,49,19,,
AATGCTGCAGAGCTAG,,49,21,,
TCGTTCCAAGAACTCG,,49,23,,
ATAGCGTACGACTGGA,,49,25,,
GAAGCATACGCTAGCT,,49,27,,
CATTCCAGCTTAGGCA,,49,29,,
TGTTCAGTAGCTCACC,,49,31,,
TAGACTGACCATCGCA,,49,33,,
TGCTAGGCAACCATGT,,49,35,,
CTCATGGTGAAACGCA,,49,37,,
GAGTAAGTCCTTGTCC,,49,39,,
GAGATCTCCAAGTAGC,,49,41,,
TCTCGATCCAATCGGA,,49,43,,
AGCTCATGTAGAGAGC,,49,45,,
ATGGCTGATCACACTG,,49,47,,
GCTAGGACAGTCTTTC,,49,49,,
CCATAGGCTCGAATCT,,49,51,,
GAGTCCAGTAGTGCTA,,49,53,,
TGTCTGCACGCAAACT,,49,55,,
TACGCTAAGGATCCGA,,49,57,,
GACGTTCAATGTGCGA,,49,59,,
ATCCAGGTCCATGAGT,,49,61,,
AACGTGCAGAATCCGT,,49,63,,
TACACCCTAGTAAGGG,,49,65,,
TGGCTAAGGTATCCAC,,49,67,,
GTCTGAACGGTACTTC,,49,69,,
GCCAATCAGTGATACG,,49,71,,
CGCTTGGATTCCATGA,,49,73,,
GGTGAAACCTTACGGT,,49,75,,
TGCCATTGGGAATCAC,,49,77,,
GCGTGGTACATACTCT,,49,79,,
TCCAGCCATAGGTCAT,,49,81,,
CGTTCATGAAGTCGTG,,49,83,,
CTGAGATTGCATGGAC,,49,85,,
CAACCTTTGTGGATCG,,49,87,,
AGAGATTCCAACGTCC,,49,89,,
ACAACTCTGACCGTGA,,49,91,,
GAATGTGGAACCTCAG,,49,93,,
ATCGAGCTTACGGTAG,,49,95,,
CTTGGATGAAGACCAG,,49,97,,
GGTACTTCACTCTGAC,,49,99,,
AGTTTGTCACGGTCCA,,49,101,,
TCGCAGGTCATCGATT,,49,103,,
GACCTTCGCAAGTATG,,49,105,,
GAATCCTAAGGTTCCC,,49,107,,
GCGTTCTCTGAGAACA,,49,109,,
CAGTTACACGTCGAGA,,49,111,,
TCACGGACCTGTAACT,,49,113,,
GTTGTCACGCAAAGTG,,49,115,,
CGTTGTGATACGAGCT,,49,117,,
CGAAAGTGTGTCTTCG,,49,119,,
CGTCAGATCTGGTACT,,49,121,,
GTTGTAGCTAGTCGCA,,49,123,,
GTGAAGTACAGCGTAC,,49,125,,
TACAAGGATGCTCTCC,,49,127,,
TCTGGCACGAAGATGT,,49,129,,
ACCTCACAGTACAGTG,,49,131,,
CACGTGACAAGCTTGA,,50,2,,
TGGACTAGTCTCCTGA,,50,4,,
TCTAGTGGTCCGTAAG,,50,6,,
CACATAGCATAGTGGG,,50,8,,
CCAACGTGTTAGTCGA,,50,10,,
CAGTGGAGAATCCGTT,,50,12,,
AGGATCAGAATCGCTC,,50,14,,
TTGACGACTAAGCAGG,,50,16,,
CCGTGTTACGAAGCTA,,50,18,,
GCTCTATGCACTTGAC,,50,20,,
CTCGAGTAGTAGCTCT,,50,22,,
CATCGGATAGTCTGAG,,50,24,,
ATCAAAGTGGCATGCC,,50,26,,
CAACTGTTGGGTCAGA,,50,28,,
TTACATGCAGGCTAGC,,50,30,,
TCGAGTACGCACTGTT,,50,32,,
AGTCGCATGGCTCAAT,,50,34,,
TGGATCACAACTGTGC,,50,36,,
CGACATGTAGCTCGAA,,50,38,,
ATGTATGCACAGCAGG,,50,40,,
CCTCTTGTCATGAAGC,,50,42,,
GACCATAGTTGACACC,,50,44,,
GAACCTCGTTCATAGG,,50,46,,
CGACAATGCACTTGAC,,50,48,,
TCAGCATGGGATCGTA,,50,50,,
ACGCATCACTGTGTGA,,50,52,,
CACAAGAGTGCTCCTA,,50,54,,
AACTGGATGTCCGAGT,,50,56,,
TACGTACGATAGTCGC,,50,58,,
GTGTGCCAACGATTGA,,50,60,,
CAATCTGCAGGTCGAA,,50,62,,
TCTTGCTCTGCAAGAG,,50,64,,
ACAGATGACGAGTTCC,,50,66,,
TTTCAGGTGCCAACCA,,50,68,,
GTGCGTCTTCCAATCA,,50,70,,
AGCGTAACGCTATCCT,,50,72,,
GACTGTCTGTGCATAC,,50,74,,
CTCGACCACTAGATGA,,50,76,,
TTCTCGGATCCCAGAA,,50,78,,
GGTAGAAACGCATTCC,,50,80,,
CGATACCGTAGTTCCT,,50,82,,
TTGCGAATCGTACGGT,,50,84,,
AGCAGTTACCATCGGA,,50,86,,
TTACACTGTCAGGGAG,,50,88,,
TAAGGCTCTCAACGGT,,50,90,,
GGTCTGATACACTTGC,,50,92,,
CTTGACCGAGTTACTG,,50,94,,
GCTACTATCCTTCAGG,,50,96,,
CTTCGAATCTGAGGGT,,50,98,,
CATCAAAGGAGTCGTC,,50,100,,
GAGGATCCTTCCTAAG,,50,102,,
CTAAGTCTCGTGTGAC,,50,104,,
CCAATGCAGTCAGTGA,,50,106,,
AGACTCTCCGAGTTTG,,50,108,,
AATGGCAACCGAGTCT,,50,110,,
AGGACATCCTTACGTG,,50,112,,
AACAAGTTGCTGCTCC,,50,114,,
GTCTAGAGCCTGTTAG,,50,116,,
AACAGATGCGAGCCTT,,50,118,,
TAGCACTGAAGCTCCA,,50,120,,
ATTGGTCCAAGTGTCG,,50,122,,
ACCGAATGTTCTACGG,,50,124,,
TCAAACTCAGGGACCT,,50,126,,
GACCTAACTGTCAAGG,,50,128,,
GATTGCCACCGATAGT,,50,130,,
ACCTTGTAGTGACGTG,,50,132,,
GTCACAGGGTCACTAA,,51,1,,
TGTTACAACCCAGGTC,,51,3,,
TCCATCCTAACTGGGA,,51,5,,
AAGTCCACTCCTGTGT,,51,7,,
AATGGGTGTCGTCACA,,51,9,,
TATGGGAATCCTCGAG,,51,11,,
CCTTCGAACGATGTGT,,51,13,,
AATCTCGACATGAGGC,,51,15,,
GAAGCTTTCGTTGAGC,,51,17,,
CTCACGTAGGTTGAAC,,51,19,,
TTCGTTGCGAGTAACC,,51,21,,
CGTCAAGTATGACCCA,,51,23,,
ACCTGCGATGTAACGA,,51,25,,
TACTCAGAGAGTGCAG,,51,27,,
GCGAATGATTGCCAAC,,51,29,,
GAGATCTCCACAGTCT,,51,31,,
CGTAGCAACAGAGTTG,,51,33,,
GGTCACGATACTCAGA,,51,35,,
TAGCCTCTGAAGCTGA,,51,37,,
ACGTAGCCAGTTCTGT,,51,39,,
ATAGTCCTAGAGTCCG,,51,41,,
GTAGCAATGATGGCTC,,51,43,,
AGATGATGTAGCTCGC,,51,45,,
GACTCAAGCATTCGCA,,51,47,,
TGTCCTAGGTCATAGG,,51,49,,
ATTGCCACCAGTTGTG,,51,51,,
TTGCCAGTGAAGCGAT,,51,53,,
TACGATGGGAAACGCT,,51,55,,
AGAGGTTCTCATAGGC,,51,57,,
GTACATGCGAGGACTT,,51,59,,
ATGGGAACCTGTTGAC,,51,61,,
ACTGAACCGTTCATGG,,51,63,,
CTCGCAACCTAGTGAA,,51,65,,
TTCTAGGAGCAGCAGA,,51,67,,
GCAACCAGATCTTACG,,51,69,,
GCTCAAGATCAGTGTG,,51,71,,
GTCTCAGATCAGCCAT,,51,73,,
GTTAGACTCATGTCCG,,51,75,,
TCGACGAGTTGTAGCA,,51,77,,
TGTCGCAATGTGTCAG,,51,79,,
CCACTGATGTAGAGGT,,51,81,,
GACACTACAGATGTCG,,51,83,,
TCGTCCACTTAGCTAG,,51,85,,
TGGCATGCCATCTTGA,,51,87,,
GGTGACATACACCATG,,51,89,,
TGATAGTGCCTGACGA,,51,91,,
ACAGTGCGAACGTCTT,,51,93,,
TGAGCTTAGCAGACTG,,51,95,,
GCTTCCTTGATGACAC,,51,97,,
ATACTGTCGCAGTCCA,,51,99,,
GTGCAACTAGAGTCAC,,51,101,,
ATTGGTCTAGTCCACC,,51,103,,
TGAGGGTGACTCCAAA,,51,105,,
CCGATGTTACGCATTG,,51,107,,
GAAACACTTGCGTCGA,,51,109,,
TACCTGTGCAACGTTG,,51,111,,
CTGATCTGAACCTGTG,,51,113,,
AACGGTAGCATACCTG,,51,115,,
TCAGAGATTCAGGCAC,,51,117,,
CGGTATCCCTTGATAG,,51,119,,
TAACGTCGTACACGTC,,51,121,,
TAGGCACCCAGTCTAA,,51,123,,
CAAGTGCAGAAGCCTT,,51,125,,
CACGACAAGGACCTTT,,51,127,,
AGTGTTCTGGAGTCCA,,51,129,,
TAGAGCTAGCTCGTTG,,51,131,,
CCGTTACGTGTGCAAA,,52,2,,
TTACATGCACGTGTGC,,52,4,,
GTGGTCCTTCGTACAA,,52,6,,
GCAAGCGTATCATTGG,,52,8,,
CTCTTACTGGCTAGCA,,52,10,,
TATGCGACGACCTACT,,52,12,,
TGCGTCCACTAGTAGT,,52,14,,
CATCGACGGATGTTTG,,52,16,,
GATGGATCTCACTAGG,,52,18,,
TGGCACACTCGTACTT,,52,20,,
CGGTCCTTTCAGTAAC,,52,22,,
ATGGTCGAGTACGAAC,,52,24,,
GTACCTCTATGAGGCT,,52,26,,
TCCAAGCAAACGTTGC,,52,28,,
GGTGCTCAACCATACT,,52,30,,
ACTCTAGGAGCGTTAG,,52,32,,
TTCGTCTGGGTCAAGA,,52,34,,
AAGGTCCTGGATACCT,,52,36,,
AGGATGTCCATAGGAC,,52,38,,
TGACGACGATACTGGA,,52,40,,
CCTTGGCTTGAGCTAA,,52,42,,
AGTCAACTGGTGAAGC,,52,44,,
TGAAGTCCCAACGTCT,,52,46,,
GGCTTCCGTTACCTAA,,52,48,,
AGTGACTAACCCTCTG,,52,50,,
TCTGGATCTGAGTCAC,,52,52,,
GAAGCTGTCACAGGTT,,52,54,,
CCATGCTATCCAGTTG,,52,56,,
GAATCGCACTTAGTCG,,52,58,,
TAGACTACATCCGTCG,,52,60,,
CGATCCCTTAGGTGAT,,52,62,,
GAATCTCCTCCGTGAA,,52,64,,
GCTGGCATTGTAACTG,,52,66,,
GGTGTTGACAGCTACA,,52,68,,
AGTACTTGGACCATCG,,52,70,,
GTTCACACTCAAGCGA,,52,72,,
CGTTTCAAGCGTCCAT,,52,74,,
GTTGGGATGTCACCAA,,52,76,,
CTAGGTCAGAGTTCTG,,52,78,,
GCACTGTCTAAGTACG,,52,80,,
TCTGAGGTGAGCTTCA,,52,82,,
TCTACGCTCAGACTAG,,52,84,,
TACGAACTCGATACGG,,52,86,,
CTATGCGTACTTGCAG,,52,88,,
CCGAGCATGCATTCTT,,52,90,,
TGTTGACATCGATGCC,,52,92,,
GTGGACCTACTTGAGA,,52,94,,
GCTCTTGAGAGACTTC,,52,96,,
CGGTGTAGGATCATTC,,52,98,,
CGCATCCAGGTACATT,,52,100,,
AAACGGAGTGTATCCC,,52,102,,
CGTCCAAGTCAGACTT,,52,104,,
GCGTAGCATCCATCAT,,52,106,,
TCCTATCGGTACTCAG,,52,108,,
CTACGACCGTAGGATA,,52,110,,
CTCCTAGGTGGATACA,,52,112,,
CTCATGGAAACTGCCA,,52,114,,
CTCAAAGTTAGCCACG,,52,116,,
CCGATCCCATGTGAAT,,52,118,,
TAGCCTCGAACTGTAC,,52,120,,
TCGCTCGGAAACCTTT,,52,122,,
GATGGCTTACGAGTCT,,52,124,,
ACCCATTCATGGCAGA,,52,126,,
AAACGTTTCCGTTGCG,,52,128,,
CGACATGCACGTAGTT,,52,130,,
CCGAGACTGGAATCAT,,52,132,,
CGAAGGTCGATGATCA,,53,1,,
TTCGAGACCCAGATCA,,53,3,,
CAGTCGTGCTACATCA,,53,5,,
GCTCACGATCATCGTA,,53,7,,
GCAGGATGACTCTTAG,,53,9,,
TCTTCAGGGTCAATCC,,53,11,,
GACAGGTCTCACTAGA,,53,13,,
AATCTCGTAGCTCAGC,,53,15,,
AACCGATCACGTTGGT,,53,17,,
TGCAAGGATCGGTTTC,,53,19,,
TGATGTAGCCTAGACC,,53,21,,
AGGCTAGCGATACTCA,,53,23,,
CGTATCATTGCAGGGT,,53,25,,
GCACTGTGAACGTTAG,,53,27,,
TCATACACTCGTGACG,,53,29,,
GAACACGCTGCTACAT,,53,31,,
AGTAAGCTCAGCTTCG,,53,33,,
TGATCGACACGCTGAA,,53,35,,
TGACAGCTCAGCTTAG,,53,37,,
CACTAGGGAGCTTCTT,,53,39,,
GAGGTATCCACGACTT,,53,41,,
GAGAGTCATACTGTCG,,53,43,,
CTCTAGTTACACGTGC,,53,45,,
ATTCCGAACGCTTAGC,,53,47,,
TAGAGCGACAATCGTC,,53,49,,
TTGTCGAAGCAAGCGT,,53,51,,
CAAGGGTCAACTTTCG,,53,53,,
CTGACGGTAGTCATTC,,53,55,,
GAACCTTCCGTCTTAG,,53,57,,
GATGTCACCTAGTCGA,,53,59,,
TGACTCACTGACAGTC,,53,61,,
CAAACACTGGCTTGTC,,53,63,,
GCATTCGAGCCTCAAT,,53,65,,
CACGTAGACAGTAGTC,,53,67,,
TCTGAGCAGACGACAT,,53,69,,
CGTGTCCCTAACGTTA,,53,71,,
AAGCCACTTGGTGTGA,,53,73,,
ACACTCAAGATGGCTC,,53,75,,
CAGGAGACTACTATCC,,53,77,,
ATGAGATGCACACGTC,,53,79,,
TATCCCTTCTGAGGCA,,53,81,,
GCAAGATCTCAGACGT,,53,83,,
TCGTACAAGAGCCATG,,53,85,,
AGTCGATCGCACTTCT,,53,87,,
CAGACAATCACGCTTG,,53,89,,
CTGCGTATCGATTCAC,,53,91,,
CGGTCTAGCGATACAA,,53,93,,
GACCACGTGATACATC,,53,95,,
TTGCATTCCAGGTGGA,,53,97,,
ACAGACTGGAGTCAGT,,53,99,,
GAAAGCTGCGTGCATA,,53,101,,
AACCTACATCGGAGTG,,53,103,,
GATCCTATGCAGCTTG,,53,105,,
AAGGACATTCGTCTCC,,53,107,,
CTGCTACGTAGAGGAA,,53,109,,
GTATGAATCAGGTCCC,,53,111,,
GATCTCGACCAAGGTT,,53,113,,
GAGCAACGGTCTTGTA,,53,115,,
CATGCGTCTCTATGAC,,53,117,,
AGTGACGTGGTCTTCA,,53,119,,
TAGCATCTCCCTTGAG,,53,121,,
AGTGATAGCAACGTGC,,53,123,,
CCGTTACCTAGGGAAT,,53,125,,
CGAATCAGCTACCGAT,,53,127,,
TCTAGTGGGACCATCT,,53,129,,
AACCACGTGTCGATGA,,53,131,,
GTTCGACGAAGTCCTT,,54,2,,
ATGTGGTGCATGTCCA,,54,4,,
TCCATAGAGCACGTAC,,54,6,,
GATACTGCAGGCATAC,,54,8,,
AGTATCACCAGGACTC,,54,10,,
ACACAGGTCTCGATAC,,54,12,,
GCTGAGAACCCTTTGT,,54,14,,
GTTACTGTCAAGTCGC,,54,16,,
CTTTGAGTCTAGAGCC,,54,18,,
ATCGCAAGTGGTGTCA,,54,20,,
GCTTTCGGTCTACAAG,,54,22,,
TACGTCCGATGATGCT,,54,24,,
CCTCGGTGTACATGTA,,54,26,,
CTCGAACTTGCTGCAA,,54,28,,
CCATGGACTTTCCTGA,,54,30,,
ATCGAGCTCGATGGAT,,54,32,,
GCAGAGATTGATCACC,,54,34,,
GGCAACCATCTTAGTG,,54,36,,
CGAAGGTTGCTACCTA,,54,38,,
ACTCATGCGTAGTACG,,54,40,,
CGGAATGAGTCTGCTT,,54,42,,
TACGGTCATACAAGGC,,54,44,,
TGTAGGTCGAACCTGT,,54,46,,
GTCACTGCGAAGTCTA,,54,48,,
TAGACATCACGGTACC,,54,50,,
AACGACCTGACAGGTT,,54,52,,
CACGAACGAATGTTCG,,54,54,,
TTCCATGAGGTGTCAC,,54,56,,
TTGAGCGATCTGCTAG,,54,58,,
AGGTCAAGGCATAGCT,,54,60,,
GGCATGTCCTAAGGAT,,54,62,,
CATGCCTTTGCAAGGA,,54,64,,
ATACCTGTCGTTGGAG,,54,66,,
CTTGACTCGACAGAAG,,54,68,,
CATGCTCACGTAGAAG,,54,70,,
GATCCAGTAGCTCTTG,,54,72,,
GGTACGTACGACACAT,,54,74,,
TTCCATCGACTGGCAA,,54,76,,
CGTAACGATCCGATTC,,54,78,,
CGTGCTACATAGTACC,,54,80,,
GCCTCGTTTGACCTAA,,54,82,,
AGACTCGAGGACTCTT,,54,84,,
TGCGTGTCCATCTAAC,,54,86,,
ATGTCAAGCAGCACTG,,54,88,,
ACACTACGTCGAGGTT,,54,90,,
CTTGCGTATCCAAGAC,,54,92,,
TCTAGGTTCCAATGGC,,54,94,,
TGCCAACACTGGTTGA,,54,96,,
TAGGCATCAGAGATCG,,54,98,,
CATCCATGACCAAGTG,,54,100,,
TAACCGTTCGGATGGT,,54,102,,
ACCTACCATTGGACGA,,54,104,,
AGCCAGCGAATGAGTT,,54,106,,
GCAGTTGACGAACTTG,,54,108,,
GGATCACATCGCTCAT,,54,110,,
CAACATCCCAGGGTAT,,54,112,,
ATGGTGCTCAATGGCA,,54,114,,
ACACTCGGTTGTATGG,,54,116,,
CTTCGCAAAGCAGCTA,,54,118,,
GACATTGCTCGGTCAT,,54,120,,
TACGAACTGGCTGGAA,,54,122,,
CTCAACATGGATTCCG,,54,124,,
TAGGATGCTTAGCGTC,,54,126,,
CGGTGTTCATCTGAGA,,54,128,,
GTAAGTAGCCTACCGT,,54,130,,
GCTCAAGCTGACTACA,,54,132,,
TTCGACATGCGATCAC,,55,1,,
CTTTCGGACTGAAGCT,,55,3,,
GGCACGATGAGATCTT,,55,5,,
TGCTCTAAGGCAACAC,,55,7,,
CACTCGATCTCGATGT,,55,9,,
GGTTCCACTAAGATCG,,55,11,,
CATACTCGATAGTGGC,,55,13,,
CATACGTGACGGTTGA,,55,15,,
ACTCACACAGTGTCAG,,55,17,,
AAGAGTGCACCGATTG,,55,19,,
AACTGACGGTACGATC,,55,21,,
GCACAACTCTCTGGAA,,55,23,,
CGAGGATCCTGTCATA,,55,25,,
AGTTCGCAGAATCGTC,,55,27,,
CGAATGGATCTGACAG,,55,29,,
CCTGTGTCTATGCACA,,55,31,,
GGGTTCAACATTGGCA,,55,33,,
GGAGTAGACGATCTCA,,55,35,,
TATCCCTGAGCTGTGA,,55,37,,
AGACCCTTAGGACAGT,,55,39,,
GTCGAGATGCCTATGT,,55,41,,
GGGATTCATGCAGCTT,,55,43,,
ACAGCTACGTGATACG,,55,45,,
CACTTACAGGATCGTC,,55,47,,
GAGATTCAGTCCGAAC,,55,49,,
CCAGATCATGTACGCA,,55,51,,
CACTAGCGATAGGCTT,,55,53,,
AGCAAGCACTCATGGT,,55,55,,
TAGAGCTGTCACGGAA,,55,57,,
AAGTACGCAGTCCAGT,,55,59,,
ACTGATCCGACTTGCA,,55,61,,
CTGATGTAGGCAGCAT,,55,63,,
ACTTGGAGGTCTCTAC,,55,65,,
GAGGACTCACTTTCAG,,55,67,,
ACTGGGATCCAGATCA,,55,69,,
ACTGCAACGTGGTCTT,,55,71,,
GTCCGTATCACAGAAG,,55,73,,
CCGTAGAGACTACGAT,,55,75,,
AGTTACTAAGGGTCCC,,55,77,,
TCGTGTGCTAGACTAG,,55,79,,
CTAGAAGTCGTCCGAT,,55,81,,
GGCTCAAAGTTCCATC,,55,83,,
TACACTACTTGCTGGC,,55,85,,
CAGCTTGGTAACCTCT,,55,87,,
GGGATGCTCTCTACAA,,55,89,,
ACGTTGTCCATCCATG,,55,91,,
GGTGAACAAGTCTGCA,,55,93,,
ATCAAGCAGCTATGCC,,55,95,,
TGGCAACTCCAAGTTC,,55,97,,
ACACCGTACGTTAGAG,,55,99,,
TGGTAACACGCTAGCT,,55,101,,
TACAGCCTGTGTCACA,,55,103,,
TCGAACTGATGTTCCG,,55,105,,
TTCGCAAGTCGCTGAT,,55,107,,
ATCCGATAGGCATGTG,,55,109,,
TGCGTAGGAAAGTCCA,,55,111,,
TAGCAAGCCTTGCTGT,,55,113,,
AGACCTGTCGAGTTCA,,55,115,,
TTCAGGCTGACTGGAT,,55,117,,
CATCAGGCTACTCTTG,,55,119,,
CATACGGTCTAGAGCT,,55,121,,
ACATACGTGTCACGTC,,55,123,,
TTTGGACGAGACGCTA,,55,125,,
GTGTCCACAGTTAGCT,,55,127,,
ATCTTCTGTGGAGCAG,,55,129,,
TTCTGCGACCATGAGA,,55,131,,
GGATCCTAGAGAGTCA,,56,2,,
TCTCCAGTTAGAGCCT,,56,4,,
TAACGATCAGTGCCAC,,56,6,,
AACACTCGTCACAGGT,,56,8,,
ACGATGATGGTCTACG,,56,10,,
AGCATGTGCTACAACG,,56,12,,
TCCTAGACAGGGTAAC,,56,14,,
TGGCACATTCTGCATG,,56,16,,
GTCGACGCATGTAGAT,,56,18,,
GTTCACAGTGCGAAGT,,56,20,,
CACTATGGCTGGGTAT,,56,22,,
AGGACCGACATTGTCT,,56,24,,
CGATCGATCCTGTAGT,,56,26,,
TCGAAACTGGCAAGTC,,56,28,,
ACGTACGACTTGGTGA,,56,30,,
TCCAACCTAGTGTGAG,,56,32,,
CATGAGCCTCGTATCA,,56,34,,
AGTGCCTAGTTCCACA,,56,36,,
ATACCTCTACGGTGGT,,56,38,,
ACATACTGTCACTGGG,,56,40,,
ACACCAGTCGACGTTA,,56,42,,
GTACAGCATACGCAGT,,56,44,,
TGACACATTCACGGAG,,56,46,,
AGGAGTGGACTTCATC,,56,48,,
GTACGACAGGTTCTAG,,56,50,,
CCATGAAAGGGAGTCT,,56,52,,
CATGAACTCGCTTGAG,,56,54,,
CTATGACACTCGGTTG,,56,56,,
TCCGATAGTCCACTGA,,56,58,,
CTCGATCGTGGAAACT,,56,60,,
ATCAGGTCTTCTGGCA,,56,62,,
TACTCAAGTGGAGGCA,,56,64,,
TCTTGTCGAACGACAC,,56,66,,
GATAGACCCTTGCTAC,,56,68,,
TGAACAGGTCCCATCT,,56,70,,
TCTGTTAGGATGCACC,,56,72,,
AACACGTACGTTGGGA,,56,74,,
ACGTTCTGCACGATAC,,56,76,,
CGAAGCTTTGAGCGTA,,56,78,,
AGATGACATGTGCCAG,,56,80,,
TGTTAGCTAGGAGTCC,,56,82,,
GTAGAGGTTAGACCTC,,56,84,,
TCATGCGTAACGACTG,,56,86,,
GAGATGCGACTGATTC,,56,88,,
TCTGATGAGCCACGTT,,56,90,,
ATGCAGGTTACCGAGA,,56,92,,
AAGTCCGATAGGGTTC,,56,94,,
CTGGTGACCTAGTAGA,,56,96,,
TGACCAACGATCTGCA,,56,98,,
GTAGGTTGCTTACGAC,,56,100,,
ATCACCAAGGGTTACC,,56,102,,
CACCGTGATTGGTCAT,,56,104,,
TTGCAGCCAAAGTCAG,,56,106,,
GTTCGGAATCCATGTG,,56,108,,
AATGGTCTCTTCGCAC,,56,110,,
CGATCTTACCAGCTGA,,56,112,,
CTTCAGCAAGCTTCGA,,56,114,,
GTTGTTCAACACCACG,,56,116,,
TCTGGATCAACCGAAC,,56,118,,
ATTGTCTGACCCATGG,,56,120,,
AATCCCATGTTGGGTG,,56,122,,
GAGCTGTTGCATACAG,,56,124,,
TAGTGCCTTGTGGAAC,,56,126,,
ATCATCCTGCTCATGG,,56,128,,
TTGCAGTCTCACAGCT,,56,130,,
GCATAGTTCCAGTCAC,,56,132,,
TGAGTTGATGTCACGC,,57,1,,
GGGTACTTTCAACGAG,,57,3,,
GACATCATCGTGGTGT,,57,5,,
AACTCACTAGCTCGTG,,57,7,,
CACCTAGATTGGTGTC,,57,9,,
AGCGTGTCATCCATTC,,57,11,,
GAAGAACTCCATGTCG,,57,13,,
GTATCTGGGATCCTAC,,57,15,,
TCGTGACACATTGCTC,,57,17,,
TCAACTCGACATGGAC,,57,19,,
GTCTAGCTATCAGCGA,,57,21,,
ACGCTGCCTGTAAGTA,,57,23,,
TCTTGAGGACGTCTCA,,57,25,,
AACTGCCAAGCGTTTG,,57,27,,
ACGCAATCCTATCGGT,,57,29,,
GTACCGAGACTCAACT,,57,31,,
ATGTGCGACTGCACAT,,57,33,,
TGTAACGTGAGCAACG,,57,35,,
CGTCACAATGGTGCTT,,57,37,,
TAGCCAAACGCATCTG,,57,39,,
GACACGTCATCGCTTT,,57,41,,
GTAACTCTGAGTCCGT,,57,43,,
GGAACTGAGCTTCTGA,,57,45,,
CAGACATCTATGGGTC,,57,47,,
GCTGAATCATGGACCT,,57,49,,
CAGTTGCGACAGGTAA,,57,51,,
TCAGTGCTTCTGAAGG,,57,53,,
ACTAGCTGCGACATCA,,57,55,,
GTGCGTACTAACACCA,,57,57,,
TGCAATCACCGTGAGT,,57,59,,
GGATCACAGTGAGATC,,57,61,,
CATAGTGGGATGCCTA,,57,63,,
GATTCCGACGGAAGTT,,57,65,,
CCAGTTAGACTGAGCT,,57,67,,
AGGTGAAGAGTCTCAC,,57,69,,
GGATACTGTTCCACGT,,57,71,,
AAACGTTGCCAATCCG,,57,73,,
ACTTACTGTGTGAGGC,,57,75,,
GCTAGTTGAAGTCCCT,,57,77,,
TGCCTGAACGAACCTT,,57,79,,
ACGTGGGTAACGTACA,,57,81,,
CACTGGCAATCTCTTG,,57,83,,
TGTTGCCAACAAGGCT,,57,85,,
GCTCCTTGATCGAAAG,,57,87,,
CCATTGCACATGTGGT,,57,89,,
CCTACGGTTGATGAAC,,57,91,,
TACGTAGTCACGTTCG,,57,93,,
GGCTAGGTGTTCACTA,,57,95,,
CCCACGTTGTCAGTAT,,57,97,,
TGAGGGAATCTACCAG,,57,99,,
GACGCAATCGTTGAGA,,57,101,,
TGCGTAGTCATCATCC,,57,103,,
ACCGTCTTGAATGAGC,,57,105,,
ACACAGTGGCTCATTC,,57,107,,
CTAGTGTCCTATCGGA,,57,109,,
AGTGTCGACTCGCATT,,57,111,,
AGTCGAACAGAGGTTC,,57,113,,
AGGTTGTCAAGCACAC,,57,115,,
TGTCAGATTCGGTGCA,,57,117,,
CCCACTTGATAGTGGA,,57,119,,
TTGCACATGGTCAGGT,,57,121,,
AACTCTGGTGTCTGGA,,57,123,,
TCCTAAGTCGATGCTC,,57,125,,
CTGGATCATTCACGAC,,57,127,,
ACTTGTGTCACCAGCA,,57,129,,
TGTGCAGCCAGTAGTA,,57,131,,
GGGTACAGCTGTCTTA,,58,2,,
CACTATCCGAAGGTTG,,58,4,,
TCCACTGAAGCGATGA,,58,6,,
GGTCCAGAAACTCATG,,58,8,,
CCATCCTACGAGTATG,,58,10,,
GCAGTTCACGGATCAT,,58,12,,
ATCTGGTGAAGCCTCT,,58,14,,
GTGACGAGGCATCTAT,,58,16,,
CCGTCGTACATCGAAA,,58,18,,
TGGCATAGGCTCGATA,,58,20,,
GGTCTACAGGCTATGA,,58,22,,
CGATCTTGATCTCGAG,,58,24,,
CAGTCACTTCGGTACT,,58,26,,
ACGTAGACTGGCAACT,,58,28,,
ATCTATGCCAGTCCAG,,58,30,,
ACGCTAGAGGATTCCT,,58,32,,
ACCTGCTCAGAACGTT,,58,34,,
AGTGAACGTCAACGTC,,58,36,,
CGTCGATGCAGTAGAT,,58,38,,
TGAGTCTCAGCATGCT,,58,40,,
CAAACTGTGCCAGTGA,,58,42,,
ATTCGAACCCTGGTCT,,58,44,,
GTCACTCATGGTCAAG,,58,46,,
TACGAGTGACTAAGCG,,58,48,,
AACGTACCGATTGGAG,,58,50,,
GATCCGATTCATACGC,,58,52,,
TGTGGCTGCTACTGAA,,58,54,,
CGCTGTTGACAAGTCA,,58,56,,
GCTCAATGGGTCAAAC,,58,58,,
TGGTTAGCCAGACTTG,,58,60,,
ACTTGCGACGCATTGT,,58,62,,
CGATTCGCAGGTTGTA,,58,64,,
AGCAACGATTGCGATG,,58,66,,
ATTCAGCCACGAGTAC,,58,68,,
CTGCGTATGCAAGGTA,,58,70,,
GTTCGGACTCGTCAAT,,58,72,,
TAGTCCTGGGACCAAA,,58,74,,
CCTGTGATGTCTCAAG,,58,76,,
TTACTCGGATGCTAGG,,58,78,,
TTCCGAAGACCTTCTG,,58,80,,
TCCGACGTGGAATCAA,,58,82,,
CCCATACATTGTGCGA,,58,84,,
CAGTGCGATCAATCCA,,58,86,,
TGAGAGCGATACCGTA,,58,88,,
GCTCCTAGAACAATGC,,58,90,,
AGGCTGTGTAAGTTCC,,58,92,,
CCGTGTGTACAGAGAT,,58,94,,
GCTACCTCGCTAAGAT,,58,96,,
CCTTCGTGAAAGGAAG,,58,98,,
AGTTGGACACCTCCTA,,58,100,,
GCAATGTCCTTCGACT,,58,102,,
CTTCATAGTCAGGGTG,,58,104,,
CTGACTTTGGTGCAAC,,58,106,,
GTCAGCTGAGTCAGAA,,58,108,,
TACGGAGTTAGTCCCA,,58,110,,
ATCGAGGGACTTGCAA,,58,112,,
GCCACTTTCAGAGGAT,,58,114,,
ATAGAGCCACTGTGTG,,58,116,,
CAGATCTAGAGCTTCC,,58,118,,
CGCTAGATGGACTATC,,58,120,,
CGGACTGATTCTACCT,,58,122,,
CAGTACTCAGGATTCC,,58,124,,
GTGTCATCTAGAGCAC,,58,126,,
GGCTCCTGATGAGTAA,,58,128,,
CATCCGTCAAGGTTCA,,58,130,,
CTGCTCTACAAGAGAG,,58,132,,
GTACCGTCTCTAAGTG,,59,1,,
GTCAAGAGTCTGCACA,,59,3,,
AGCTGAAGTCAGCTGA,,59,5,,
GTACAGTTTCCTGAGC,,59,7,,
GACGTATCTATCACCG,,59,9,,
AGCGATCGCTGAAAGT,,59,11,,
ACTCGAGATAGATGGC,,59,13,,
AACACTTCCGTAACGG,,59,15,,
ACTTCGGATGAAGCCA,,59,17,,
AGAATGCCTGTCGTTC,,59,19,,
AGGTGTTTCAGGTCCA,,59,21,,
CTGTCATGTAACCGAG,,59,23,,
AAGTCTGCAGTGCCTA,,59,25,,
GCACAGTCATTCACAG,,59,27,,
GGTGACAATCACTCAC,,59,29,,
ACTATGTCGCTGTACC,,59,31,,
GAGGTCTTCCAGTATG,,59,33,,
TCCAGGCTCTTGACTA,,59,35,,
CACGTTGCTTGCCTAA,,59,37,,
ATACACGGTGTGCTTC,,59,39,,
CACCCTGTAGTTCATG,,59,41,,
AACTGCCAAGGATCCT,,59,43,,
TGGGACCAATGTCTCA,,59,45,,
GAACCCATGTGTAACG,,59,47,,
CTACTCGCTAACTTGG,,59,49,,
ATCCGTGAAAGTCTGC,,59,51,,
TAGTGATCCATGAGGC,,59,53,,
CGACTTCAGTAGTTGC,,59,55,,
TCTGAACTGAGTGTCC,,59,57,,
AGCCTTGGTTGACTAG,,59,59,,
CTGTGGCTCAAGCATT,,59,61,,
TCTGAGACCCATGCAA,,59,63,,
GGTCATCCAAGTCAAG,,59,65,,
GTCGTCCTGTTAGAGA,,59,67,,
CACTTCTGCGACTATG,,59,69,,
ATAGCGTCTCTACGCA,,59,71,,
AGAACTATCCTGTGGC,,59,73,,
AACGTCTATGGCACAG,,59,75,,
GACCTCATCTGAGGTT,,59,77,,
CAGATTGATGGTCACC,,59,79,,
GTCTAGACACTCAGTG,,59,81,,
TGACGGAGTTCGAACA,,59,83,,
CATGAGTTCCTGTAGC,,59,85,,
GGACCATGCATGTATC,,59,87,,
ACAGTGAGACTGCTAG,,59,89,,
GGAAGCTTACATGCAC,,59,91,,
GACACAGGTTTCGCTT,,59,93,,
ACTCCCAGGTTCAGTA,,59,95,,
TGCAGTCACAAGAGTG,,59,97,,
GATGCCAATCTGCTAG,,59,99,,
GAGCTGTTAGTTCCGA,,59,101,,
TAGTATGGGAAGACCC,,59,103,,
AATGCGATACCCTTCG,,59,105,,
CGATCCCTTCATGAAG,,59,107,,
CCGAATGGTCAGATCT,,59,109,,
GCGTAACATGGCTGTA,,59,111,,
GTGTTCCTAACAAGCC,,59,113,,
AGGTTACCACATGCTC,,59,115,,
TCAGCTAGTAAGCTGG,,59,117,,
TCGACCTAGGTTTGCA,,59,119,,
GGCAACTGTGATCTGA,,59,121,,
CAGTACTAGAGGCAGT,,59,123,,
TTGTCACAGGGAACGT,,59,125,,
ACTCTAACGTGGCTCT,,59,127,,
GAGTTCTGTCAGTGAC,,59,129,,
ATAGAATGTGCCAGCC,,59,131,,
TTTCAGCACTAGGGAC,,60,2,,
GGCAAAGTTTGACCTC,,60,4,,
TGTGCATGTGACACGA,,60,6,,
TCTTCGATAGGTGGCA,,60,8,,
TTGAGCCAGTAGGCTA,,60,10,,
GCAGTTCCGAGATGAA,,60,12,,
GTGAGATCTCCTCATC,,60,14,,
AACGCTTCGGAACTTC,,60,16,,
CATCCAGCTTAGTTCG,,60,18,,
TTTCCTAAGTCGACCG,,60,20,,
AGTGAAGGTTCAGCCT,,60,22,,
GTTCGACTACCATCTG,,60,24,,
TGGTCTCTACAAGGTG,,60,26,,
CCTCACGTAGATACAG,,60,28,,
TCAATGCGAATGTGCC,,60,30,,
TCAAGAGTGCTTCACC,,60,32,,
GAGTTTCGACTCTAGG,,60,34,,
ATACTACGGAGCTCGT,,60,36,,
AGAACAGTCAGGTCTC,,60,38,,
CTCAATGGGTCTGTGA,,60,40,,
ACGAGGCAATCACTGT,,60,42,,
GTTCAACTGTGCGAGA,,60,44,,
GATCTTCGGAACAGAG,,60,46,,
TCGACAATCTCTGGCT,,60,48,,
ATCGACGACTCGTATC,,60,50,,
CTGAGGTATCTTCGGA,,60,52,,
CGAGTATGGGTACTCA,,60,54,,
CGGTAGATCTGGCAAT,,60,56,,
CTCTACGATCCAGGAA,,60,58,,
GGTGAGATGTCCCTAA,,60,60,,
CTGTTCGACAGCAATG,,60,62,,
CCATCCGAGTTCAAGA,,60,64,,
ACATTGGATCCTGCGT,,60,66,,
ACGGAAGTAGGTTCTC,,60,68,,
GTTCTCTGCAGGTGAA,,60,70,,
CGTCTGACCAAGGTTT,,60,72,,
GACAGAGACACTGTCT,,60,74,,
CCTAGTCTACTAGGAG,,60,76,,
GTCGTACAGCATCCAT,,60,78,,
TTCCTCAAGAGATCGC,,60,80,,
GGCAACTGTACAAGTC,,60,82,,
CGAGACTTCTTCAACG,,60,84,,
GACTGGAACGACTTAG,,60,86,,
GTGCAACAAGATCCCT,,60,88,,
TAGCCTCGAAGAATGC,,60,90,,
TCAAGTTGCAGGTCAG,,60,92,,
TGTCGGACAGTAACAG,,60,94,,
TGTATCTCGGTACCCA,,60,96,,
CGTTGCATGTAGAACC,,60,98,,
CCGTTAGTAGCAAGCA,,60,100,,
GTAGAGCCTTTGAAGC,,60,102,,
TTCGATAGAACGCACG,,60,104,,
TGGTGACCGACAACAT,,60,106,,
TAGCTAGTGCCATCGA,,60,108,,
GTGATGACAGACAGTC,,60,110,,
TGCAGCAACCGTATCA,,60,112,,
ACTGGCTAAGTTTCGC,,60,114,,
GTACGGTACTGTCATC,,60,116,,
CCTAGGATCAGCCTTT,,60,118,,
CGTGATCACCAATGAG,,60,120,,
TAACGACACGTCTCTG,,60,122,,
ACGCTTACAGAGACGT,,60,124,,
GTACCCTGAATGAGCA,,60,126,,
AGTACCAGCTGAGATC,,60,128,,
GCAGATGCGATACGAT,,60,130,,
AGATCCTGCACGCTAT,,60,132,,
CTGATAGGTCAAGCCA,,61,1,,
CGGAACTGTTCCTAAC,,61,3,,
TGTCGCTACCACGTAT,,61,5,,
ATCTCGACTACGGAGA,,61,7,,
CACCATAGTTCTTGGC,,61,9,,
TTGCAGTACCAAGTGC,,61,11,,
CATTGACGCTTTGGGA,,61,13,,
ATCTGCTACGCTGTGA,,61,15,,
CTGCTAAGCGATCCTA,,61,17,,
TTCTGACGGAGGATAC,,61,19,,
CTCTGACAACTCTGGA,,61,21,,
TCCTTGGACTATGGCA,,61,23,,
ATGCGACCAACGCTTA,,61,25,,
TGTGCTCAATCTACCG,,61,27,,
TCGCAGATGGCTGTTA,,61,29,,
CGGTGCAATCATCTTG,,61,31,,
TCTACACTACGAGCGA,,61,33,,
CACCCTTGGTAACGAA,,61,35,,
ACTCCAGGATGAAGTC,,61,37,,
TGCTTAGACGTCTGGA,,61,39,,
CAGAACCATGTTCAGC,,61,41,,
TCGCATCCGATAGTCT,,61,43,,
GTCCTGAAGAACCTCT,,61,45,,
AGGCTTACGTGTATCC,,61,47,,
AGCGTGGGTACTCATT,,61,49,,
TAACCGAAGTCGCTAG,,61,51,,
TGGCAAGCTCGTGAAA,,61,53,,
TAGACACGCTGCCTAA,,61,55,,
AGTGTAGAAGGCACCT,,61,57,,
GTCCCAGGGTATGAAT,,61,59,,
AAACTCAGTCTGTGGC,,61,61,,
GTGTCATGATGCTACG,,61,63,,
TTAGGCTGGAAAGCCT,,61,65,,
GATTGAAAGGCTGCCA,,61,67,,
TGAGCAGTTCCATTCC,,61,69,,
AGAGGCTTCAACGTGT,,61,71,,
TGGTAAGGCTTCGCAT,,61,73,,
CTCGTAGCCTCTGAAA,,61,75,,
TGCATGAACCTTGGTC,,61,77,,
CGTCTCAACTTCATGG,,61,79,,
ACACCGATTGCAGTCA,,61,81,,
GAACCGACTTACCATG,,61,83,,
CGCATCAACTGGTGAA,,61,85,,
CTACGATACGGATCTG,,61,87,,
TCCATGGTTGATCCGA,,61,89,,
AACGATCTCGTTGCCT,,61,91,,
ATGCTGGTACAACCGA,,61,93,,
GTCAAGTGACCCTCAT,,61,95,,
CTGCTAGTTGCATGAG,,61,97,,
CGACCAAGCATGCTTT,,61,99,,
GTACCTGTAGAGACTG,,61,101,,
CCTGAGAAAGGTTAGC,,61,103,,
CATGTCATAGAGCGAG,,61,105,,
ATCCAGGTCTTTCAGG,,61,107,,
ATTGTGCAGCGAAGTC,,61,109,,
CATCTGTCGTCGAGAT,,61,111,,
CGATCAGGCATTCTTG,,61,113,,
GCCAGATTGTAGCCTA,,61,115,,
TCTAGCAGTAGACGTC,,61,117,,
CTACTGCACGACAGTA,,61,119,,
GGAACTACGCTCAACT,,61,121,,
CAACTTTGCGTCGATG,,61,123,,
GTTGCCACAATGACTC,,61,125,,
GGTCGTTGCTAGAACA,,61,127,,
GTGGACCATCATGACT,,61,129,,
TTCTACGTCCATCAGG,,61,131,,
GGCTTTCTAGCGTAAC,,62,2,,
CTGCACAGGTTCAAAC,,62,4,,
AACTGCACTAGTTCGC,,62,6,,
AGAGACTAGTGTTCCG,,62,8,,
TGTGCTATCGCTAGAG,,62,10,,
TTGTTCGAGCTCGAAG,,62,12,,
TACGCACTGGAGATCA,,62,14,,
AGCTTCCTTAGTGGGA,,62,16,,
TACTGGGACTTGAAGC,,62,18,,
GATTGCCTTCTACAGC,,62,20,,
AGCTGGTCTTTCACGA,,62,22,,
CTGCATACTGCCATGA,,62,24,,
AGCTCCTGTTGCTAGA,,62,26,,
GGTCTCCTATCCTAAG,,62,28,,
CAGCAATGAGGATGTC,,62,30,,
AAACGAGTTTGCGACC,,62,32,,
CATACTCAAGGTGAGC,,62,34,,
TCGTAACGTGTTCCAC,,62,36,,
TGTAGTCATCACAGCG,,62,38,,
AACTTCCTGGATAGGC,,62,40,,
TCTGTACCTGGAGCTA,,62,42,,
CACCAATGACGATGGT,,62,44,,
CGTGCATGCTAAGTCT,,62,46,,
AACGATAGGTCGTTCC,,62,48,,
AAGCTTTCCTGATCGC,,62,50,,
AACTTGCTTGGAACCC,,62,52,,
CAGTACACGTGTACAC,,62,54,,
ACATGTGAACCCTGTC,,62,56,,
TGTGCCAGAACTTCGT,,62,58,,
TTGCAGAATCCTCGTC,,62,60,,
TTTGCGAGCCTATGGA,,62,62,,
TGTCCACCACAGGTAA,,62,64,,
GAGCTGTCGAATCCAT,,62,66,,
GGATCATCTAGCTGCA,,62,68,,
CTACCTTGATCGTGAG,,62,70,,
TAGAGTCGGTCATCGT,,62,72,,
TGCCAGTTCTCCTAAG,,62,74,,
TCGGATCTTCGGACAT,,62,76,,
GACTGAATGGACGCTA,,62,78,,
TACCAGTCTAGATGCC,,62,80,,
TATGCACACTACTGCG,,62,82,,
GATCGTTAGCCTACTG,,62,84,,
AGTCACGTTGGTACCT,,62,86,,
TTCGGTACTAGAAGGC,,62,88,,
GCTCGTAAGCTATCCA,,62,90,,
TTGTGCCTAGCACGAT,,62,92,,
GAACGAATCCTCGCAT,,62,94,,
CTAAGACCTCGGAATG,,62,96,,
TGCCTCCAGTAAGAGA,,62,98,,
GCTTCACTGACGCATA,,62,100,,
ATTCACGACTGGAGAC,,62,102,,
AGTAGGAATCGCTCGT,,62,104,,
ACGACTTTGGTTCGCA,,62,106,,
TGTTGCACAGCGACAT,,62,108,,
GTGTACCAAGAGTTGC,,62,110,,
ATCTATGGGATGCGTC,,62,112,,
ATGTGCTCTCGAACCT,,62,114,,
ACTGCCATTGAACGGT,,62,116,,
CGACCAATCGATTCAG,,62,118,,
AGAAGCCATCTGTGAC,,62,120,,
TGTGCATAGCTCGAAG,,62,122,,
CACTTGTGGCTCACTA,,62,124,,
CCCTTTGTGTCGAAGA,,62,126,,
CAGGAGAGACTCTTCT,,62,128,,
GCATACATGAGTCCTC,,62,130,,
TCCTTCATGGAGAGTG,,62,132,,
GCGAACCAGTTGGTTA,,63,1,,
CGAGACCATTGTGACT,,63,3,,
AGACGCAGCTGTTCTT,,63,5,,
GTCCGAGTACTCCATA,,63,7,,
CTGGTCACTAACTAGG,,63,9,,
GGACTCCCTAAGGAAT,,63,11,,
TTCATGGACAGCTTGG,,63,13,,
CTGGACTTTGGCTAGA,,63,15,,
TCGCTTCAAGGAGCAA,,63,17,,
CAGTCGGAGTTTCTCA,,63,19,,
TCCTACAGCCATGGTA,,63,21,,
TAGTCCTCTCTAACGG,,63,23,,
ACATGGATGCTCACTC,,63,25,,
GCGTGTATCATGCCAT,,63,27,,
TTGAGCCAGAGCCAAT,,63,29,,
GGAACATCTACCTTGG,,63,31,,
CGGAACCGTACTTAGT,,63,33,,
TACCTGGGTCGAATGT,,63,35,,
AAGGAAGCACTCGCTT,,63,37,,
AGCTACAGTGGAGCTT,,63,39,,
CGTAACTACGTGTGGA,,63,41,,
GAGTTAGCGTACTCGA,,63,43,,
CGTCGACTTGTGGAAT,,63,45,,
CAACGAAAGTGTCGCT,,63,47,,
AGATGTGCAGTACACC,,63,49,,
AGCGTTCTAACCAGGA,,63,51,,
AGGTGTGCCATGTCAA,,63,53,,
ACTGGTGAACAGCACT,,63,55,,
GACGTCTACTATGCGT,,63,57,,
GACTCGCAGCTAGTTA,,63,59,,
TGGTCGACATAGTGCT,,63,61,,
CGTGCCAATCTGAACA,,63,63,,
TGAGCATCCGTGAATG,,63,65,,
ATGCATCGGTCCTATC,,63,67,,
CTAGGCTGACAAACTG,,63,69,,
GCACATAGCGTACATC,,63,71,,
CGATTGCTCCGTCAAT,,63,73,,
ACACTGCCAACGATGT,,63,75,,
ACAGCCTGGTCTTTGA,,63,77,,
ACAAGTCAAGGTCGCT,,63,79,,
GTGTAAGCTCAGAGCT,,63,81,,
CACACCTGCAGTTGTA,,63,83,,
CGGATGTCATAGTTCG,,63,85,,
GTAGTACCACGCAACT,,63,87,,
CACTGACCATGTAGAG,,63,89,,
CGACATGTTGACCATC,,63,91,,
TACAGACGTCCGAGTA,,63,93,,
CGAGAAGTATCATGGC,,63,95,,
AGCAGGAGCTACTATG,,63,97,,
TCTAGCTAGTGTCAGC,,63,99,,
CGAAGTAGGATCTGAC,,63,101,,
TTGAAGACGCTAACGG,,63,103,,
ATAGTTGGTCACTCCG,,63,105,,
AATGCGAACCATTGGC,,63,107,,
CGAAGTCAGTCCTTCT,,63,109,,
ACCCTTCTTGGACGAT,,63,111,,
TTGTAGCTGTAGGCAC,,63,113,,
GTTTCTCTGAGAACGG,,63,115,,
AAGGATCTCTGCTCAC,,63,117,,
TAGTGTCACGGAAACG,,63,119,,
TAGTACAGGACTGTCG,,63,121,,
AACGTCGATCGAGTAG,,63,123,,
GGGTTACTAACACACC,,63,125,,
GCAACGTGTAACATGG,,63,127,,
ATGGCTCATCTTGGGA,,63,129,,
CCATCAAGTAGCCTGA,,63,131,,
GAATGTCCCTCGATAC,,64,2,,
TAGCACTGATCTGCCT,,64,4,,
GAACGTGGGTTTCCTA,,64,6,,
TGATTGTAGCAGCGTC,,64,8,,
TTAGATCACCAGTGGC,,64,10,,
TCCTAACGACGATCGT,,64,12,,
CAAAGGTGGACCTGTA,,64,14,,
CTCTACGACTTGAGTG,,64,16,,
GTAGGCTGATCAGCAT,,64,18,,
GTTCCATCGCTTGAAG,,64,20,,
CAACTATGGCAGGGAT,,64,22,,
TAGTGCTAGTCTACGG,,64,24,,
AGCGAACTGTTGTAGC,,64,26,,
TAACGGTCTGCCTTAC,,64,28,,
ACGTTTCATGGTCAGC,,64,30,,
TGTATGGGAACTGCAC,,64,32,,
TACGTAAGCACTTCGG,,64,34,,
TAGAGATGCGTTCAGC,,64,36,,
GAACGATAGTGCATCC,,64,38,,
ATGTCTGACGATGACC,,64,40,,
GCATTCGAAGTCAGAC,,64,42,,
AGACCTTCCCTGAAGA,,64,44,,
CAAGGTTGCAATGGAC,,64,46,,
GCCTATGAGCAAGTGT,,64,48,,
CAACCGATGGTTGCAT,,64,50,,
TCAAGTTCCACAGCAG,,64,52,,
CGCAGCGATGTAAGTT,,64,54,,
TAGCCTAGCAATGACC,,64,56,,
AGCGATACTTGACCAG,,64,58,,
ATGGGTACCCAGGTAA,,64,60,,
GTCCATGTGGTAAGAC,,64,62,,
ATGGACCTCAGATGGA,,64,64,,
CTGCGATACTACAGAC,,64,66,,
CCTAACAGAAGGGTCT,,64,68,,
TGAGTACTACCTGTGC,,64,70,,
GTTTGTAGCACCCTAG,,64,72,,
GTAGCGTTTCAGTGAC,,64,74,,
GTAAGCGTACGTGCAA,,64,76,,
TCGCTTCAGATACGTC,,64,78,,
AGGATCTCGTGAAACC,,64,80,,
CCGAGTTACTAGCGTA,,64,82,,
TAGCGAACCTTAGCAC,,64,84,,
AACCTAGCGTACATCG,,64,86,,
CAGTGCAGTCACGATA,,64,88,,
TCTCGTGACCGTAAGT,,64,90,,
ACGATGTACGGTCGTT,,64,92,,
GATCGTCATGCGATGA,,64,94,,
CATAGCATGTGGTCTG,,64,96,,
CCGATGAAGATTCGAG,,64,98,,
TTTGCGTACGAAAGCC,,64,100,,
GCTTCGAAGCATAGTG,,64,102,,
GGACCTGGAAGTTCAA,,64,104,,
TCATAGGTCGCAGCTA,,64,106,,
ATCCGTCGTCTAGACA,,64,108,,
TAGTAAGTACGGAGCC,,64,110,,
GTAGTAGTGTCTACCG,,64,112,,
ATTGGACCGTCTACTG,,64,114,,
CTCACATGGCTTTCAG,,64,116,,
GATCAGAGTTCGTCTC,,64,118,,
AAGTGGTCGACCTAGT,,64,120,,
TACCTGGTAGACACCA,,64,122,,
TAGATGGCATCGGACT,,64,124,,
CGATTGGTCACTCTCA,,64,126,,
TGTTACACCATCAGGG,,64,128,,
TACGGACAGATCCATC,,64,130,,
AAGCGTGCGTTTGCAA,,64,132,,
TAGCTATGAGAGCCAG,,65,1,,
GTCTGCATCTGCAGTA,,65,3,,
CCTTACGGTGATCGAT,,65,5,,
AGTCCATGTCCTGCAT,,65,7,,
TCTAGCGTCTAACGAG,,65,9,,
AGCATGTCACGCTAGT,,65,11,,
CCATCGTAAGTGCTTG,,65,13,,
CCTCAATCATTGGGTG,,65,15,,
CTGCTCAGGTTTGCAA,,65,17,,
TCCTTACGTTGCAAGG,,65,19,,
AACAGGCTTCGTGTCT,,65,21,,
CTAGGTCAGTGTCGTA,,65,23,,
CAGCATCGTTTCATGC,,65,25,,
GCTTCAGCTTAGAACG,,65,27,,
TGACGAACTGCAAGTC,,65,29,,
AAGCTGAGCAGTCAGT,,65,31,,
AGAAGTACTCCTGTGC,,65,33,,
CCTGACTTTCGAAGAG,,65,35,,
CGTGTGATCAGTCGAT,,65,37,,
TCCTGCTCGAAGCATA,,65,39,,
CCGTAGTTCAGCCATT,,65,41,,
TCGCAGATCTTAGCAG,,65,43,,
CGCAGTTCAAGTAACC,,65,45,,
GATGAGCTCTGATCTG,,65,47,,
CCTCATGAGGCACTTA,,65,49,,
TTCAGCACTCAGATCG,,65,51,,
ACGTATCCTATGCGAC,,65,53,,
ATACTCAGGTCTCAGG,,65,55,,
AACGTAACCGTTGGGT,,65,57,,
TCATGAGTAGACCTCG,,65,59,,
TTCTCGGTGTGAACGA,,65,61,,
GCTTTGACTGCCTACA,,65,63,,
GTAGAAGTAACCTGCG,,65,65,,
AACGTCTACCTTAGCG,,65,67,,
CAACTATGGGTCACAC,,65,69,,
TACAACCTCGTCGTAG,,65,71,,
TCCTGCGTACGAAACA,,65,73,,
TAGGTATCGCTTCGGA,,65,75,,
GGCTGAACTAACTCAG,,65,77,,
ATGCAGTACAGCATCC,,65,79,,
AGTTCAGGAAGCTCTG,,65,81,,
ACGATTCATCGAGACC,,65,83,,
GATCACTGTCTGTGAG,,65,85,,
CGACTCAGTGTAGAAC,,65,87,,
ACGATGCTAACCCTGT,,65,89,,
TAGCTTCAGCTGCAAG,,65,91,,
TCCTGAAGGAGTCCAT,,65,93,,
AGACCTCTTAGCTAGG,,65,95,,
GCCAACTTGTCGAGTA,,65,97,,
GAGTTCATGATCCTGG,,65,99,,
TTGATGCTCACCGACT,,65,101,,
CGTCTTGCGTAAGATC,,65,103,,
TCGTTAGGCTTCGAGA,,65,105,,
CGTTAGATCCGTAAGG,,65,107,,
CGATCGTTCCATTGAG,,65,109,,
GTCCTCTGTAGAGGAT,,65,111,,
GTACTCAGACTGGGAT,,65,113,,
GTTACGTACGGACTCT,,65,115,,
GTTGAACAGTGCGTAC,,65,117,,
GGCTTAGACACCGAAT,,65,119,,
CACGTGGTTGTTACAC,,65,121,,
TTCCACGAGGTCGAAT,,65,123,,
AAGGAGTCGTTGCACA,,65,125,,
CACTTCCTGATGTAGC,,65,127,,
GTACGAGTTAGACACC,,65,129,,
CTTGGAGACTTCCAAG,,65,131,,
GTGGTAACCATCGTTG,,66,2,,
TTCGTTGAACCAAGCG,,66,4,,
ATTGCATCGCTGCATC,,66,6,,
TCCTCAGGTCGATGAT,,66,8,,
TTAGTCTCGAGATCCC,,66,10,,
AAGCTACGGTGTCATG,,66,12,,
TATGTCGCTGTCACAC,,66,14,,
GACCGAAGGTCTACAT,,66,16,,
ACTGGTCGTTCTGGAA,,66,18,,
GTAAGACTTGCCATGC,,66,20,,
TATGGTGCGACCCTAT,,66,22,,
CCAAGCTTTCTCGGAA,,66,24,,
GTGGTCATCTACCGTA,,66,26,,
CTTGTGGAGCCTTGAA,,66,28,,
GTATGTGTCTGCAACC,,66,30,,
GTGTGAACGTCATCCA,,66,32,,
GCTCATTGTATGCAGC,,66,34,,
ATTCTAGGAAGGTCCG,,66,36,,
GGCTCGTTACTTCAGA,,66,38,,
ATGGTGCAGGATCTCT,,66,40,,
GAATGTGATTGCGTCC,,66,42,,
CTTGTTAGAGCCATCC,,66,44,,
GCTCTTTCAGACATCG,,66,46,,
ATCCGAAAGGGTTCAG,,66,48,,
CTTTCTTGCACGGAGA,,66,50,,
AGGAGTATGCTCTGCA,,66,52,,
GGAAAGTCCTCAATCG,,66,54,,
AATCCTGCTGGCTGTA,,66,56,,
TGGAACGCTCATAGCA,,66,58,,
CAAGGCTTCTTGTGAC,,66,60,,
CAAGTTCGGAGAACTC,,66,62,,
GCATCCTGGAATGGTT,,66,64,,
ACGGTGTTAGTGCTAC,,66,66,,
GAAGCGTGTTGTCTAC,,66,68,,
TGCAATCAGGTTGCTG,,66,70,,
CCTTGCACTAGTAAGG,,66,72,,
ACCAACATGTGTGTCC,,66,74,,
TTCGCAGGTGACACAT,,66,76,,
TTGGGACCATGAGAAC,,66,78,,
TCAGTATCGTCCACGA,,66,80,,
CACGACCTTACATGTG,,66,82,,
CTCCTAGAAGGATGAG,,66,84,,
CCTCTAGGTACACTGA,,66,86,,
AGAGCTGTGCATCACA,,66,88,,
CGAAGAACCTGGTTAC,,66,90,,
TTTGCCTGAATGAGGC,,66,92,,
TAGGCTCTTTCGACAC,,66,94,,
CGTCTAAGTACTCCAG,,66,96,,
AACGGTTGTGCTACAC,,66,98,,
ACTGCGAACCTTTCGT,,66,100,,
TCGATGACCAATGCCT,,66,102,,
TCTTCGCAAGCTATGG,,66,104,,
CATCGTAACGCTGTCT,,66,106,,
TGGTCTAGAAGCTCCT,,66,108,,
ATCTGGGAATCGTGCA,,66,110,,
GACTGCCTTGAATCGT,,66,112,,
TCCAATGACGGTTCTC,,66,114,,
GCTCCAGGTCTAGATT,,66,116,,
ATCTGTGGGAACACAG,,66,118,,
AATCACAGAGCTGCTC,,66,120,,
CATGAGGTCCAGGTAA,,66,122,,
TTCGGATCCTGCTAAC,,66,124,,
CATTGCTGTAACCTGC,,66,126,,
CTATGTAACCTGACGC,,66,128,,
CGTTGAGATCTGGTAC,,66,130,,
TAGAGCATTCGGTGAC,,66,132,,
AGATCGTGTTCGTCAC,,67,1,,
TCGCTAGCGATTGGAA,,67,3,,
TCTCTTGGAAAGACGC,,67,5,,
GTGTGTCAGATACCGT,,67,7,,
CAGCGAATGAGTACTC,,67,9,,
ACCTAGAGACTCGGTT,,67,11,,
ATCAAGAGTGTCCTGG,,67,13,,
GTTCTCATGAAGTGCG,,67,15,,
CTTACGGTGTTGCCAA,,67,17,,
ATAGACGTGCTGTCGT,,67,19,,
CTCATGTGCAGTAGTG,,67,21,,
GTCTACGGATGAACTG,,67,23,,
GTGGACATCATCCTGT,,67,25,,
TCGTAGATGTGCGAAC,,67,27,,
GAACAGCTCGCTTAGA,,67,29,,
TTCAGATCACAGGACG,,67,31,,
TACTAGGACTGCTCAG,,67,33,,
GCATTCATTCGTACCG,,67,35,,
GACCGAGTGCTTAGTT,,67,37,,
GTGGGTAACCAATGCT,,67,39,,
ACGATCTTCGAGAGTG,,67,41,,
GACAGATCTCAACCGT,,67,43,,
ACGAACGTTGTCAGGT,,67,45,,
GGATCATACAGTCACG,,67,47,,
GTGAGTTTCTCAGGCA,,67,49,,
GCATCATGGTGTAACG,,67,51,,
CTAGCGTTAGTTACCC,,67,53,,
CTCCTGAAGGTTCCTA,,67,55,,
CCTGATGCTTGAACCA,,67,57,,
TAACGTCTGCTTGGGA,,67,59,,
GTCTTCTACGAGTACC,,67,61,,
TACAGCATGGCAGCTT,,67,63,,
GACAGAACCTTAGTGC,,67,65,,
CACGTATCGGTCTCAA,,67,67,,
TCCGACTGGATACCTA,,67,69,,
TACAAGACGCTTGCGT,,67,71,,
TCCACTAGGTTCCAGT,,67,73,,
TCAGGAAGTCTAGTCC,,67,75,,
GTCCATTCGATGTAGG,,67,77,,
CTACGGAAGCATCTTC,,67,79,,
TTTGTCCGACTCAGAG,,67,81,,
ATCGGTCGACATTGCA,,67,83,,
GTGGATGCCTACGTAT,,67,85,,
GGTCAGAATCATCGCA,,67,87,,
AAGGCTCTAACTTGCC,,67,89,,
TCTCTAGATGAGCAGG,,67,91,,
CTACAAGGCTTAGCCA,,67,93,,
ACACCAGAGTCTGGTT,,67,95,,
AGCCTTACTTAGCACG,,67,97,,
TCATTGACCTTGAGGG,,67,99,,
AGAGCTCAGTTGACTC,,67,101,,
GGTGCACTGTTGAACT,,67,103,,
TACGCACGTTAGGACT,,67,105,,
GCGAGTCTACACAACT,,67,107,,
ATGCAGCCTCTGATGA,,67,109,,
GTCCTAGCAGCTACAT,,67,111,,
GTGGCTAACACATAGG,,67,113,,
TTTGGCAAAGCTCGGA,,67,115,,
CCTGTAAGCCAGTGAT,,67,117,,
CACAGCTGATGTTGCT,,67,119,,
AGGTTCTCACGAGTTG,,67,121,,
CCTGCAAGCTTGCTAT,,67,123,,
ATCGAGTCGTTTCGAG,,67,125,,
GCATTGAGTTCTGGCA,,67,127,,
CCTATCATAGGCAGTG,,67,129,,
AGCGAGTATCGTTTCC,,67,131,,
CGGTCTGCATGTACAA,,68,2,,
TGACGGTAACGGTACT,,68,4,,
GGGATACTCGATACGA,,68,6,,
GGTCCTGCATCTAGAT,,68,8,,
GGCATTGCGATTGAAC,,68,10,,
TACGCATAGGGATGAC,,68,12,,
GACCATGTTCGAGTGA,,68,14,,
TCAGACATGTCGGACA,,68,16,,
GAGTTCAGTGATCCTG,,68,18,,
TTTCCCATGTGCAGAG,,68,20,,
ACATTCGTCAGTAGGG,,68,22,,
GGCTATCATGGTTCCA,,68,24,,
TCTTACGACACCTGGT,,68,26,,
GAACGGAGATTCCCTA,,68,28,,
CGTTTCAATGGACTGC,,68,30,,
AGCAGACACTTGATCC,,68,32,,
ACTGGTGGATGCAACA,,68,34,,
GAATGGATGACTACCC,,68,36,,
ACTACCAGACTGCTAG,,68,38,,
AGTCGCTCAGTTACAC,,68,40,,
TCTTGGGACACAGAAC,,68,42,,
CTACACCGACGTAGAT,,68,44,,
TCGGAACTAGATTGCG,,68,46,,
CGTGTGTACACAAAGC,,68,48,,
ACTAGGTACGATGCGT,,68,50,,
TGTGACAGCAATCCTC,,68,52,,
CAGTTACCTAGAGCAG,,68,54,,
CCGTACGATACTATGG,,68,56,,
ACTCGTGTCTGCAAGA,,68,58,,
CTCTGCAGAACACTGA,,68,60,,
TAAGTACCAGCGATCG,,68,62,,
TTCCACATGGTGCGAA,,68,64,,
CACCGTCAAGTTTCTG,,68,66,,
GGTCATTCAGCGATCA,,68,68,,
TACTCGATGAACGTGC,,68,70,,
AAGTCGCACAGTCTCA,,68,72,,
GGTGTAAGTACACACG,,68,74,,
AATCACCTACGTCGGT,,68,76,,
AGCTCTGGATACTCTC,,68,78,,
GCAATCCATAGCACTG,,68,80,,
GGTGACTGGTTCTCAA,,68,82,,
GACTATCTGCTGTCCA,,68,84,,
AGATGGCTCTAGAGCA,,68,86,,
GAAACGATGCATTGGC,,68,88,,
GTCGTCAATGTCACCA,,68,90,,
ATCTCCGTAAGTGCAC,,68,92,,
ATGAGTCCCACGTTTC,,68,94,,
CGGATACTAGTTCGCA,,68,96,,
GCAGTTCTTGCACATG,,68,98,,
TGTTGACACAGCCAGA,,68,100,,
GACACCGACTGTTCAT,,68,102,,
GGCAAGTACGAAGTTC,,68,104,,
CGAAGTATCGATCCTC,,68,106,,
TGCTCGATCAGTGACA,,68,108,,
GATAGTCTGCTTGGCA,,68,110,,
ACATGCTATGACACGC,,68,112,,
TCTCCCTAGAATGGCA,,68,114,,
AGCAAGTCCATCCTGA,,68,116,,
CTACGTAGAGGAGTTC,,68,118,,
AGATTCTGGCTCTCCA,,68,120,,
CTGCAAGCCAAGTATG,,68,122,,
CCACTAGACAGTTAGC,,68,124,,
AGTTGGCAAGACACGT,,68,126,,
TGCATGTGCTCTAAGC,,68,128,,
TGACTAGCCTCTGACA,,68,130,,
CTTTCAACGGACGGTA,,68,132,,
TGATTCCGAGACTGCT,,69,1,,
TGAGCTCGGACTGAAA,,69,3,,
ATAGCCACGTGCTTGT,,69,5,,
GTAGCCTATCCGATAG,,69,7,,
GCTTCTTAGCCTAGAC,,69,9,,
TGGCACAATCGTAGGA,,69,11,,
ACACAACTTGCTGAGC,,69,13,,
AGTATGCAGACTCGCA,,69,15,,
CTGAGAAGCGAACGTT,,69,17,,
CACGTGTTGCATCGAT,,69,19,,
ATGTTCCGTAAGCGAC,,69,21,,
ATCCTCCGTTAGCGAT,,69,23,,
ATTGCCTTGACAAGGC,,69,25,,
AGGCAAGCTTGACTTC,,69,27,,
ACCAAGTCACTGAGGT,,69,29,,
TGGACCCTAAGACCTA,,69,31,,
TGAATCGCTCACGGTT,,69,33,,
ATGGCTTCGACACTTC,,69,35,,
TTGCACTCGACTGTGA,,69,37,,
AGTGGTCCATGGATCA,,69,39,,
CTACGAGTGCTCTACT,,69,41,,
CGTTGCAAACTGCTAC,,69,43,,
CCTGGGAGTAACTAGT,,69,45,,
TCTCCTGGATGGTGAA,,69,47,,
TTAGGGAATCCATCCC,,69,49,,
CGTATGAGAACCGTCT,,69,51,,
AATGGACATGTGACCC,,69,53,,
GCCACTGTTCTAAGGA,,69,55,,
CATTGAGTCACTGTGC,,69,57,,
GAACTGCCTTGGATTG,,69,59,,
TCTGCTAGACACTCGA,,69,61,,
GTATGCACAGCAGTAG,,69,63,,
TCGGTGTATCCTAGGA,,69,65,,
CTGCAACATCTGAGTC,,69,67,,
GCACCATGTCCTGAAA,,69,69,,
CAGTCCTTAGATTCGC,,69,71,,
CGCTAGATCCCATGAT,,69,73,,
ACGGATGATTCCAGGA,,69,75,,
CACGGTCTGTTAGGTA,,69,77,,
AGTAACGCTGACACCT,,69,79,,
GACCTGAACTACGTAG,,69,81,,
GATCCAGTAGACGTCA,,69,83,,
GTGCCACTGATCAATG,,69,85,,
CCATAGCCAGTAGCAT,,69,87,,
AACTCTAGGGTTCGTC,,69,89,,
CCACGCTTCAAAGTGA,,69,91,,
GCTCCAGCATGTGTTA,,69,93,,
GTAGCTTGTAGACACG,,69,95,,
CGTTAGCAACAGTACC,,69,97,,
TTGATGCCAGAGACTG,,69,99,,
GAACACAGTATCGGTG,,69,101,,
GTTGCACGTCTATCGA,,69,103,,
GAGCATGGTAACACTG,,69,105,,
TCATTCCGACAGCAGT,,69,107,,
CGATCCTATGACGCTA,,69,109,,
TCTGAGGCTGTACTAC,,69,111,,
ACGTTAGATTGCCTGG,,69,113,,
GGATCTGTATGCCTCA,,69,115,,
GTGCCATTGACACCAT,,69,117,,
TGATTGCCACATGGAG,,69,119,,
GACTTAGAGGGATTCC,,69,121,,
TCTTAGTCAGTGGCAG,,69,123,,
CATGATGATCGACCTG,,69,125,,
CATACGACTGTAGCTC,,69,127,,
TTGCAAGACTCAAGGC,,69,129,,
ACAGGCATGACTATGG,,69,131,,
ACTCGTCTCGGTTAGA,,70,2,,
GAACTCATGACGGTCT,,70,4,,
GTCGAACCCTTCTGTA,,70,6,,
GAGATCCTCAAGTGCA,,70,8,,
AGTAGTGCTAGTCAGC,,70,10,,
TCGTATGGTCGTCAAC,,70,12,,
GTCTATCACGTCATGG,,70,14,,
GTCTAACCGAACAGTG,,70,16,,
ACTTCAGAGTGCCTTG,,70,18,,
CGCACTAGACATTGAG,,70,20,,
GATCACATAGAGTGGC,,70,22,,
ACCGTTGTACGGATTG,,70,24,,
GCTGACAAGGCTCTTT,,70,26,,
GCATTGGGATGAACTC,,70,28,,
GGTAAGCATGCAGTCT,,70,30,,
GTTGCTTACAGCTAGC,,70,32,,
GACTGGTTACAACGGA,,70,34,,
CACCTACCTAAGGTAG,,70,36,,
GTCGATAGCATCTTGC,,70,38,,
CGGTTCGATTCCAACA,,70,40,,
GCTCGTACAATCGTCA,,70,42,,
GTCAGACGTGTTACAG,,70,44,,
CATAGCTGGTACGGAT,,70,46,,
AACTTCTGAAGGCAGG,,70,48,,
GTTAGATCCAAGACGC,,70,50,,
CTTAGGTCCCTAAGGA,,70,52,,
CTGATAGATGCCTGCA,,70,54,,
GACATAGGGTTGACCA,,70,56,,
GTTTCTGCCAGTAGAG,,70,58,,
GAGAATGTCAGCTCAC,,70,60,,
GCCTAGATCACAGAGT,,70,62,,
GCTGCAAACCATGTCA,,70,64,,
GACTAGCTCTGCAAAC,,70,66,,
CTATCACGACATCTGG,,70,68,,
CCGTTAGAGTCAAGGT,,70,70,,
TGTTGGAGCCAAGTAC,,70,72,,
GAACTTCCTGAGGAGA,,70,74,,
AGTCTAGTTAGGGTCC,,70,76,,
GTCGAATCCTGGGAAT,,70,78,,
AGCATGCTAAGTCACG,,70,80,,
GTGCATGTCAGATGAC,,70,82,,
AGGGTTCTTCCTGAGA,,70,84,,
GTATGTATCCCTCAGC,,70,86,,
CAGTAGTCTCTACGAG,,70,88,,
CCATTGTGAACGAAGC,,70,90,,
ACGAGTGCATTCCTTG,,70,92,,
TCGACATCTGGCTCTA,,70,94,,
TACAGAGTCCTGGATC,,70,96,,
ATCAGCGTTACGGATG,,70,98,,
GACATCTCAGATGAGG,,70,100,,
ATTCATTGCGTGACGC,,70,102,,
GTCCCAAGATGAGGAT,,70,104,,
GCTAGCTAGGTGAAAC,,70,106,,
TTCCAAGGTGCACGAA,,70,108,,
GGACATTCATTCGGAG,,70,110,,
GCAACTTCAGAGTGAC,,70,112,,
CGGACGTCCTATCTAA,,70,114,,
TCTGAGGATCGGTCTA,,70,116,,
CGGTTAGATGACTTCG,,70,118,,
CAGTCGAAGCCTACTT,,70,120,,
CACTGAGGATACACTC,,70,122,,
TTTGACTACGTGCAGG,,70,124,,
TCCAACGTAGATGGTC,,70,126,,
TTGCGATGGAACTACC,,70,128,,
CGTAGCAGGTCAAAGT,,70,130,,
GCGTCTCAGGATACTA,,70,132,,
TAGGTTCGCTCATACC,,71,1,,
ACTCAGAACGCATTGG,,71,3,,
ACGTTCGCAAGCTACT,,71,5,,
GCTGAATCGTCAGTCT,,71,7,,
GATGCGTACCAATCGA,,71,9,,
GTTACTGGACACACGT,,71,11,,
TGCCAGCAACAAGTGT,,71,13,,
CAAGGCATGGTACTAC,,71,15,,
GTGGGACACATACCTA,,71,17,,
TGTGGTCGAAACGTCA,,71,19,,
CAGACCTATCTTGTCG,,71,21,,
AGTTAGGACTTGCAGC,,71,23,,
TAAGTTGCCTCAGGAC,,71,25,,
ACCAGTTCTACCGTTG,,71,27,,
GTACTTCACAGCGTCT,,71,29,,
CTTACGTGACTGCAGA,,71,31,,
ACTCATGCTTGCGACA,,71,33,,
GACCCTGAGACATACT,,71,35,,
CGATCCGTCGATGTTA,,71,37,,
ACCGAACTCGTATGTG,,71,39,,
CGACCTCATGCAGATT,,71,41,,
GACCAACATTGCTGGA,,71,43,,
GCGATACTCTTGTAGG,,71,45,,
TGTCCCAAGAGCTTGA,,71,47,,
ACCAGATTGAAGCTGC,,71,49,,
CTATGTAACCGAAGCC,,71,51,,
ACTGGTGTAGATCTCG,,71,53,,
GCTCAAGTGGATAGCA,,71,55,,
CCAAGTCTCTGATTGG,,71,57,,
TCAATGCACTTGCGTC,,71,59,,
CGTAGGCTTTCAGATG,,71,61,,
GGAGCTGCCTTAGTTA,,71,63,,
AGTTCGCATGATGGAC,,71,65,,
TTGCAACTTTGGCAGG,,71,67,,
AAGCGTGCACGAATCT,,71,69,,
ACGGTGTTCTTCGAAG,,71,71,,
TGCTGAGGTCACTAGT,,71,73,,
CAAGAGATTGGACCTG,,71,75,,
TAACGACAACGTCTGC,,71,77,,
GTCTAAGCAGCTTGCA,,71,79,,
TGTAACTGGCACTCCA,,71,81,,
GACATGAGCTCTGCAA,,71,83,,
CCGTCTGGAACAACTT,,71,85,,
TGACGACCATTCTAGC,,71,87,,
AGCTAGCATTGTGGAC,,71,89,,
CATCTCGTTGCAGTAC,,71,91,,
GGTTGGGACTACTAAC,,71,93,,
CTTCCACATGACTGGA,,71,95,,
CTCGAAAGACTTTGCG,,71,97,,
AGGCACCATGTTTGGT,,71,99,,
GATCAGACCGTGGTTA,,71,101,,
CTCGTTAGCAATGTGG,,71,103,,
CGATAGGGTACAACCT,,71,105,,
GACGTTCGGTTCTCAA,,71,107,,
ACACAATGGTGTGACC,,71,109,,
AACACGTGACATGTGC,,71,111,,
AAGGAGTTCCCTCTAG,,71,113,,
CAAAGCTAGATGGCTG,,71,115,,
TGAACTGCACACCGTA,,71,117,,
CGTGTTAGCAAGGCTT,,71,119,,
CGTTGGCTAAGAGCAT,,71,121,,
AACGGTGTCATCCAGA,,71,123,,
TCAGGAACATCACTGG,,71,125,,
ACAACGGAGTGAGCTT,,71,127,,
ATTCGAGGACAGTTGC,,71,129,,
AACTTCTAGCCTTCGG,,71,131,,
CAGACGTTGTCAGATC,,72,2,,
ACGACATCGTTTCCTG,,72,4,,
ACCGACGCATGTGTTA,,72,6,,
CGTGACACCTGTTCAT,,72,8,,
AGCGTGTCAAGTCATC,,72,10,,
ATCGAGCCTTGATAGC,,72,12,,
AAGCGTCCCTGACAAT,,72,14,,
AATCCAGAGACCGTCT,,72,16,,
CGAGTTTCCAGAACCT,,72,18,,
TATGAGGCTAACGTCG,,72,20,,
ATCGTATGGAGTCCTC,,72,22,,
GAAGGCATCATCCTGA,,72,24,,
ACCGTTAGCAATCAGG,,72,26,,
GCACTTAGAAGCCACT,,72,28,,
GATGAACACACTGCCT,,72,30,,
TGACTGCACATGCGTA,,72,32,,
GTAGTTGCCTACCGTA,,72,34,,
GCTCAACTGGGTTAGT,,72,36,,
GATCTGCACTGACACT,,72,38,,
GTACCATGCGAACTCA,,72,40,,
CAACCGTGTTTCAAGG,,72,42,,
GGCAGTAACGTTCATC,,72,44,,
GGAACTAGCTCACCTA,,72,46,,
ACTTCGAACTGGTAGG,,72,48,,
TGGAACTTCGACCTTG,,72,50,,
GTCCTAGACCATAGAG,,72,52,,
AGCAAGAATGCGTCTG,,72,54,,
AGAATCGCAGGGTTCA,,72,56,,
GGACCTAAGTACTGGA,,72,58,,
ACGATCCGACATGTCA,,72,60,,
GCAGTCTGCAAGTACT,,72,62,,
ACGTGCATAGGTTTGC,,72,64,,
CCACGGTAGTACTAGT,,72,66,,
CGACGTTTCAACCGAT,,72,68,,
ACGATACGTGTCTAGG,,72,70,,
TGGTAGCTAGTGCAAC,,72,72,,
CGTTAGGTAGCAGCAA,,72,74,,
ATAGTCGAGTAGGCTC,,72,76,,
GGTTGTCCGACTCAAA,,72,78,,
TTACTAGGCATCGAGG,,72,80,,
AAGGTGATGCTGTCCA,,72,82,,
GTGAATGGAAGCACTC,,72,84,,
ATCGCTTAGCGTATCC,,72,86,,
ACTCTGGTAGTCCAGT,,72,88,,
TCCACCTCGTGAGTAA,,72,90,,
CTGTTTGACCAAAGGC,,72,92,,
TGAGTCGAACTATCGC,,72,94,,
ACAAGCAGGGTGATTC,,72,96,,
AGGTCGACACTTCATC,,72,98,,
GATTCGACGTGTCGTA,,72,100,,
ACCACGATTCTTCTGG,,72,102,,
ACAAGGACTGGGTTCA,,72,104,,
TCCATAGCATAGGCAG,,72,106,,
ACCGATGAATGCGTCA,,72,108,,
TGCATCACCCAAAGGT,,72,110,,
CGTTAGCGAAGCTACT,,72,112,,
CTAGCGAGAACGATTC,,72,114,,
AATCGTCGGACTGCAA,,72,116,,
GGACATGTTCTGACAC,,72,118,,
CATCATGAGCAGGGTT,,72,120,,
TGAAGGTGTTCTCCAC,,72,122,,
GCACTCTACAATGCGA,,72,124,,
TGGAATCAGCCATGAC,,72,126,,
GACACTGGCTTGAAAG,,72,128,,
TACTAGAAGGACGGTC,,72,130,,
GCTATCGAGAGACGAT,,72,132,,
GAACCAAGTCCTCGAT,,73,1,,
ATGCTAGTCGATCACG,,73,3,,
ACAGGCTTGTACAAGC,,73,5,,
ATTGGCTCTGAGGACA,,73,7,,
AGCTGAGTGCTCTAGT,,73,9,,
ACCTGTGACAGAGTGT,,73,11,,
GTTAGGATTCCATCGC,,73,13,,
ATAGCTGTGTCACCCA,,73,15,,
CTAGCATGGATCTGTC,,73,17,,
TCGGACGACCATAGTT,,73,19,,
AGCCTTTCGAAGTCAC,,73,21,,
AGAACGCTCCTCGTAT,,73,23,,
ATTCAGACATCGACGG,,73,25,,
GGATCCATAGTCGTAG,,73,27,,
TTAGTTCAGTCGACGG,,73,29,,
CTATCCAGGAAGCCAT,,73,31,,
CAGCTTTGTACAGTCC,,73,33,,
AGAGTCCTTGCGAACA,,73,35,,
AAGGCATCCTGATGAC,,73,37,,
ATAGACGGACGATCGT,,73,39,,
TTCTGCCATGCAGATG,,73,41,,
TCAGGGAAAGTACTCG,,73,43,,
CGTCGGTTCAGAACTT,,73,45,,
TGTCCAGAGAACTAGC,,73,47,,
AACGACTGTGACCTTC,,73,49,,
AGTATCCAGCATTGGG,,73,51,,
TAGGCTCCCTCAAAGA,,73,53,,
GTGCATTCTCGGTAAG,,73,55,,
GGATTCCGTTCAACAG,,73,57,,
ACCTCGGTATGCCAAA,,73,59,,
AGTGCTGCATTGACAC,,73,61,,
ACCGTCGATAGGATTC,,73,63,,
TAACTGGTGTGCATCC,,73,65,,
CAACTTCGGTTCTGAC,,73,67,,
AGCGAACGAATGCCTT,,73,69,,
GCACGAAGTCTAGTAG,,73,71,,
AGAGCTCACGAATGCT,,73,73,,
TGATGAAGTCCCTGTG,,73,75,,
GAGCACAGGAGATTCT,,73,77,,
CAGTGGAATCCCAATG,,73,79,,
CCTGTACCTGGAAACA,,73,81,,
CTCTGTTCCGTAGACA,,73,83,,
GAGTGTTCTAGACACG,,73,85,,
CTAGGATGGCAAGCTT,,73,87,,
AAGGCATGCACTGTCT,,73,89,,
AGAGTCCGACGTGTAA,,73,91,,
CGCAAGGTCCAAACTT,,73,93,,
GGACTCATTGACTGCA,,73,95,,
CCTAGATCTGATCTGC,,73,97,,
GGAGCCAAGTTTCTTC,,73,99,,
CGAAACCAACTTCTGG,,73,101,,
CGATCAAAGTAGCTCG,,73,103,,
CTGTCTCAACTATGGC,,73,105,,
CGTCAACACTCTGGAA,,73,107,,
GTTGGCAACTCTTACC,,73,109,,
TTTGCCTTAGCAGAGG,,73,111,,
CGTCAGACTTCAGTGT,,73,113,,
ACAGAAGATTGGTCCG,,73,115,,
TTGGTGGTCCCAACAT,,73,117,,
TGGCAAAGAGATCCCT,,73,119,,
AGTTAGAGTGCATCGC,,73,121,,
CGATCGTCATTGAGCA,,73,123,,
GTAACTGGTGAACCAC,,73,125,,
AGCTAACAGCGTATGC,,73,127,,
TTGCCTCATGTCGACA,,73,129,,
CTGTTCGCAGAAGAGA,,73,131,,
CATACGTGTACGCTTG,,74,2,,
ATCGCATCTACAGTCG,,74,4,,
CCAGCAAAGTGCCTAT,,74,6,,
CGTTGCTCACTAACAG,,74,8,,
GCTGACTCTAAGAGGT,,74,10,,
CATTCCGAGAAGTAGG,,74,12,,
TAGGTCCACATAGGGT,,74,14,,
TCCTGACTCAGGTGAA,,74,16,,
TGGAACTACGGTCGAT,,74,18,,
ACGGACACTTAGGTAC,,74,20,,
GAGCTAACTCGAGGAT,,74,22,,
ATCTGTCACACTCGAG,,74,24,,
GCATCTAGGTTGAGAC,,74,26,,
GCTCGTTGACCTACAT,,74,28,,
CAAGTAAGTGTCCGTC,,74,30,,
ATAGCACCCAGTGCTT,,74,32,,
CACTGCGAGATGAACT,,74,34,,
CTTCAGATCCAATCGG,,74,36,,
CGTGAACGTAAGCCAT,,74,38,,
CTCGAATCTTCAAGCG,,74,40,,
GCTACAACGGTTGTTG,,74,42,,
CTACGTGTTACTAGGG,,74,44,,
TTCAGAGACCCACAGT,,74,46,,
CTCAGGACACCTGAAT,,74,48,,
TGTTGAACGTGTACCC,,74,50,,
TAGCCATGCTGTAGTG,,74,52,,
GGTCGGTATCGAACTA,,74,54,,
AGTTTCCAGGGTAGTC,,74,56,,
GTCAGACCTCTAACGA,,74,58,,
CGGATGTTCGTATCAC,,74,60,,
AGAAGTGCACCATGCT,,74,62,,
TAGTTTCGAGCTGCAC,,74,64,,
GCTTGATTCGATGGAC,,74,66,,
AGAGTGGTGTCCTACA,,74,68,,
GCCTGACATTGAGCAT,,74,70,,
TAGACCCTGCTGTTAG,,74,72,,
GCTGCGTCTTGTACAA,,74,74,,
GAGTTTCCAGCAAGCT,,74,76,,
CATGGCAATGTCCAAC,,74,78,,
ACTTAGGAGGGTTCTC,,74,80,,
ATCAGATACGCATGGC,,74,82,,
TTTCAAGTCCAGTGCC,,74,84,,
ACACGTTACTGGAGCA,,74,86,,
TCGGAGTACTAAGGCT,,74,88,,
GCTGCATGTATCTAGG,,74,90,,
AACCATCGCTAGTTCG,,74,92,,
TTGTAAGAGCCTCCAC,,74,94,,
TGCGATTCTGCAGGAA,,74,96,,
GTACTCGTAGCCAAAC,,74,98,,
TGCACATGCCAATCGA,,74,100,,
GGCATTCACACTGAGT,,74,102,,
GATTCACCCTAAGGTC,,74,104,,
CGTAAGGAGCACGTTT,,74,106,,
CGACTGATTGTCATGG,,74,108,,
ACCTAGAGTCGTGCTT,,74,110,,
ACAGCTAGGCTCTACA,,74,112,,
TAAGACACTGTGTCGG,,74,114,,
GGAGCTCCCTTACAAA,,74,116,,
TTGGTCGAGAACACCT,,74,118,,
GGTAAGTCGTTGCTAC,,74,120,,
GCGATCGCAAGTTTGT,,74,122,,
GTGATCACGACTGACT,,74,124,,
TGTAAGGCTGAGATCC,,74,126,,
GAACACGCATTCTTCG,,74,128,,
TCGCAGGATAGAGCAT,,74,130,,
TCGAATCCTAGCAAGC,,74,132,,
CCTGAAAGCACTGTGT,,75,1,,
TATCCGACACTGGCTT,,75,3,,
AGGATCGTATGTCCTG,,75,5,,
AGAGGGTACCATTCGA,,75,7,,
ACAAGCTGGCTCATTG,,75,9,,
TATGAGCATGCAACCG,,75,11,,
CGAAGAACTTCCACTG,,75,13,,
GCTAGGCTCGAATCTT,,75,15,,
TCGATTGCTGGAAGTC,,75,17,,
CAATGGTGATCCTTCG,,75,19,,
GACATAGTCGTGCTTG,,75,21,,
GATGGCACGGTTCAAA,,75,23,,
GGTATGATCCTCGCTA,,75,25,,
AAGCTCGTGGACATCA,,75,27,,
TCCAGTAGCACATGCA,,75,29,,
GATCCTTGTCGAACGT,,75,31,,
CGTCTAACAGATGCCA,,75,33,,
TGCGACATCTTGAAGC,,75,35,,
TGTCTTTCCAACGAGG,,75,37,,
CAGTGCTAGAACTGCT,,75,39,,
GGGTACATCGGTCAAA,,75,41,,
GTAACTTAGCTGCACG,,75,43,,
CAGCTCGTCAGATGTA,,75,45,,
GCTTGAAGGGATCCTA,,75,47,,
TTACGCTTTCCAAGGC,,75,49,,
ACGTTAGCGTTCCACT,,75,51,,
ATAGACACACTGTGGC,,75,53,,
TGGTCTACCAGCGAAT,,75,55,,
ATCGAAGGGACTCTAG,,75,57,,
TTAGGAACGTCCCTTG,,75,59,,
TACGCTTGATCTCGAG,,75,61,,
CGCAACCGAATCTGTT,,75,63,,
GGTCACAATCCATCTG,,75,65,,
GATTGACAGCCTCCTT,,75,67,,
ATTCCGTTGTAGGGAC,,75,69,,
CTAGATGACTTGGAGC,,75,71,,
AGGTTCAACGTGCTTC,,75,73,,
TCGAGTGATGACGCTT,,75,75,,
ATCACGGACCTGGTTA,,75,77,,
AGCTTCAGAGACTGGA,,75,79,,
CATGACTAGAGATCCG,,75,81,,
AGCTGTCGCTACTGAT,,75,83,,
TAGGCTCAACAGCTCT,,75,85,,
TCGTTGGACGATACCT,,75,87,,
ATCACGCACGTTTGGT,,75,89,,
TTCGGAGGCATGTCAA,,75,91,,
GCAGCTAACACTATCG,,75,93,,
TGGTACCCATTGCAAG,,75,95,,
TGTAACGAGGATGCAC,,75,97,,
CTGTGTCTAGACATCC,,75,99,,
CATAGGCTCGAGTAGT,,75,101,,
TACTACCACGAACTGG,,75,103,,
TGGTTACCTCTACCAG,,75,105,,
AGTACCCTGATTGGGT,,75,107,,
GTACCTATGCTGGTGA,,75,109,,
TGTAGACTCCAAACCG,,75,111,,
TCAGTCACAGGGATCT,,75,113,,
CGGATCACATTCTACG,,75,115,,
GCACAGTTCGGTACTT,,75,117,,
AACGATGCTGGACCAT,,75,119,,
GCTCGTAGGTTTCAGA,,75,121,,
TGCCATGCTAGGATCA,,75,123,,
ATTCGATGAACGTCGG,,75,125,,
GCGTCCTCTTAGCATA,,75,127,,
TCCTAGAGAACGCTGT,,75,129,,
ATTCCTCTGTAGGCAG,,75,131,,
GCACCTATGTAGGGTA,,76,2,,
AGGATGCCATGCTTAC,,76,4,,
GTATCCGTAGCGATGA,,76,6,,
CGGACGTGTTGACTAA,,76,8,,
GTGAGCAAGCTTCAAG,,76,10,,
GTCGTAGTTAGCGATC,,76,12,,
ACCAGTATCGTGAGTG,,76,14,,
CACTGGTGACTGCAAA,,76,16,,
GACTACGTTGTCAGGT,,76,18,,
CGACTGAACGATTGGT,,76,20,,
ATGAATCCGTACCGAG,,76,22,,
ATCGCTGGGTCAGTTA,,76,24,,
ACAGGTCTATCTCTGG,,76,26,,
GCACGTTCATTCTGCA,,76,28,,
ACTGACGAGATCTTGC,,76,30,,
TTGTTGGACAGAACCG,,76,32,,
GTCGGACAATGTTACC,,76,34,,
TGGCAAACTCATGGCT,,76,36,,
GTCGTCGCAACACTAA,,76,38,,
CATCTAAGGGATGTGC,,76,40,,
TCCAGGCTATCAAGTG,,76,42,,
TATGAGGGTCTCCCTA,,76,44,,
GTTCGATCAGGTGCAA,,76,46,,
TCGAATGCTCTCACGA,,76,48,,
GTTAGCCACATGTGTG,,76,50,,
GATACGAGTAAGCTGC,,76,52,,
GTGCAGACATCCATTC,,76,54,,
GAAAGACCTCCTTTGG,,76,56,,
AAGCACATACGCTGTG,,76,58,,
GACTAGTAGCGTCAAC,,76,60,,
CCTCTAGGATCTGGAA,,76,62,,
GTGACATTCCAGTACC,,76,64,,
CGAATCGAGTCGTGAT,,76,66,,
GTGCTCGGTAACTAGT,,76,68,,
GTGGATCTCACTCTCA,,76,70,,
CTACCCTGCATGATAG,,76,72,,
GCCAACTCCGTTGAAA,,76,74,,
TACCATCTACGGTCGA,,76,76,,
AAGCCTTGTGAATGCG,,76,78,,
GTAGAATCGTCGTCTG,,76,80,,
GCGTTGTGAGATCTAC,,76,82,,
GACTCACGGTCATGTA,,76,84,,
ATGGCTACAAGCTTCG,,76,86,,
CATGCCAAGTGAACCT,,76,88,,
TATCCTACGGACACGA,,76,90,,
GACGTGGCAGTAACTT,,76,92,,
CTAGGACACAGTCTAG,,76,94,,
GTTGCATCAGCTATCC,,76,96,,
CTACAGTTCATCGGAC,,76,98,,
GACATTCGGATCCAGT,,76,100,,
TTCAGCGAAGATGCAG,,76,102,,
AGTGTAACTTCCCTCG,,76,104,,
CACGACTTCTGTAGAG,,76,106,,
TCCAGGCAAGATTGTG,,76,108,,
GAAGTAGTCTCACAGG,,76,110,,
CCCTATGTGCACATGT,,76,112,,
AGAGAAAGTGTCGCTC,,76,114,,
AGACTATCCATGGCTG,,76,116,,
CATGGATGGAATCGCT,,76,118,,
CACACTTGAGTGGTTG,,76,120,,
GCGTAGACCATAGATG,,76,122,,
CTTCGCTAGGCATAGA,,76,124,,
ACAGCCATTGTGGCTT,,76,126,,
AGTCTACTCTCGGATC,,76,128,,
CAGGCTACACCTGTTA,,76,130,,
CTTTGGCAAGTCGCAA,,76,132,,
GTCGGTCAACTTCATC,,77,1,,
ACTGGTTCAGAGTCAG,,77,3,,
TCCAGTAGGATGGTCT,,77,5,,
CAGCACGATCTCTGTT,,77,7,,
TTTCGGAGCTGGCATA,,77,9,,
CACAGGGTTGACATAG,,77,11,,
CCATTGAGTGCAAGGT,,77,13,,
GCCATACGTTCACAGT,,77,15,,
ACTGATCTCCAGTTGG,,77,17,,
CATTCAGGAGACGTAG,,77,19,,
TTGCGATGCACAGGAT,,77,21,,
CTTGTCCATAGTCCAG,,77,23,,
AATCGTCCTCAGGGTA,,77,25,,
GACCTTGACATCTCGA,,77,27,,
TGCAACCTAGGAACTG,,77,29,,
CTAAGACGTGTCAAGG,,77,31,,
ATCCTTCCTGGAGATC,,77,33,,
ACGTGGACTACCTATC,,77,35,,
CTATCGAAAGGACCCT,,77,37,,
TGCTTAGGTACCACCT,,77,39,,
CAGCGAAGAGTAGTTC,,77,41,,
AGTCACTGATCGTCCA,,77,43,,
TTACCAGGTCTAGACG,,77,45,,
CACAGCAGAGCTTGTT,,77,47,,
CTGACTGCGAATCCTT,,77,49,,
TTGCACCCTAGCATAG,,77,51,,
ATCCGAGAAAGGTCTG,,77,53,,
GCTTTCGAAAGCTACC,,77,55,,
AGCCAAGTTGCCACTT,,77,57,,
ACTGTCTTGCGTAGAC,,77,59,,
GACTGTCGACACTTGT,,77,61,,
TCATACTGTACGACGG,,77,63,,
GGAGTACCATGGACTA,,77,65,,
CCAATCAGTTGAGCTC,,77,67,,
ATCAGACGTAGGTCTC,,77,69,,
CACCCATCATAGTGGA,,77,71,,
GTCCGACTACTTGACT,,77,73,,
GCCTTCGCAGTTACAT,,77,75,,
AACCTAGGCTCGCATT,,77,77,,
GGGTTTGATCCATGAC,,77,79,,
CGATTCACATCCTGGT,,77,81,,
TGTAGAGCTAGTCCCA,,77,83,,
GGTACGCAACTGAACT,,77,85,,
CTGCGTATGAGCTACA,,77,87,,
GCTTAGGAGTACTGCT,,77,89,,
CCAACACTTTGGTGTC,,77,91,,
GTCACACTAGCAATGG,,77,93,,
GCAATCGCAACCATTG,,77,95,,
CATGGTAGTACGAGCA,,77,97,,
ACCAGTCGTGCAGTAA,,77,99,,
GACTTCCATCGGTAAC,,77,101,,
CTGTCTCGCTATGAGA,,77,103,,
TGGCAGAAGTCCCATT,,77,105,,
GATTCCCTTGGAGCTA,,77,107,,
TGTTACAGGACAGCAG,,77,109,,
AGCCATACAGGTGTGT,,77,111,,
TTCCGACAATCAGGGA,,77,113,,
GTAGACTTGTCGCTAC,,77,115,,
CCCTTCGATGTCTAGA,,77,117,,
ACTGGAATCACCTGCT,,77,119,,
AACTCGAAGTGGTTGC,,77,121,,
ATCTGTAGGGTCTACC,,77,123,,
CCGTAAGGCTACTAGT,,77,125,,
GACAGTCTAGTTGTCC,,77,127,,
TAGATTCCAGGCAGGA,,77,129,,
AACGCTCACGCAGTTT,,77,131,,
