barcode,in_tissue,array_row,array_col,pxl_row_in_fullres,pxl_col_in_fullres
50um-001-001,1,1,1,75,75
50um-001-002,1,1,2,75,175
50um-001-003,1,1,3,75,275
50um-001-004,1,1,4,75,375
50um-001-005,1,1,5,75,475
50um-001-006,1,1,6,75,575
50um-001-007,1,1,7,75,675
50um-001-008,1,1,8,75,775
50um-001-009,1,1,9,75,875
50um-001-010,1,1,10,75,975
50um-001-011,1,1,11,75,1075
50um-001-012,1,1,12,75,1175
50um-001-013,1,1,13,75,1275
50um-001-014,1,1,14,75,1375
50um-001-015,1,1,15,75,1475
50um-001-016,1,1,16,75,1575
50um-001-017,1,1,17,75,1675
50um-001-018,1,1,18,75,1775
50um-001-019,1,1,19,75,1875
50um-001-020,1,1,20,75,1975
50um-001-021,1,1,21,75,2075
50um-001-022,1,1,22,75,2175
50um-001-023,1,1,23,75,2275
50um-001-024,1,1,24,75,2375
50um-001-025,1,1,25,75,2475
50um-001-026,1,1,26,75,2575
50um-001-027,1,1,27,75,2675
50um-001-028,1,1,28,75,2775
50um-001-029,1,1,29,75,2875
50um-001-030,1,1,30,75,2975
50um-001-031,1,1,31,75,3075
50um-001-032,1,1,32,75,3175
50um-001-033,1,1,33,75,3275
50um-001-034,1,1,34,75,3375
50um-001-035,1,1,35,75,3475
50um-001-036,1,1,36,75,3575
50um-001-037,1,1,37,75,3675
50um-001-038,1,1,38,75,3775
50um-001-039,1,1,39,75,3875
50um-001-040,1,1,40,75,3975
50um-001-041,1,1,41,75,4075
50um-001-042,1,1,42,75,4175
50um-001-043,1,1,43,75,4275
50um-001-044,1,1,44,75,4375
50um-001-045,1,1,45,75,4475
50um-001-046,1,1,46,75,4575
50um-001-047,1,1,47,75,4675
50um-001-048,1,1,48,75,4775
50um-001-049,1,1,49,75,4875
50um-001-050,1,1,50,75,4975
50um-001-051,1,1,51,75,5075
50um-001-052,1,1,52,75,5175
50um-001-053,1,1,53,75,5275
50um-001-054,1,1,54,75,5375
50um-001-055,1,1,55,75,5475
50um-001-056,1,1,56,75,5575
50um-001-057,1,1,57,75,5675
50um-001-058,1,1,58,75,5775
50um-001-059,1,1,59,75,5875
50um-001-060,1,1,60,75,5975
50um-001-061,1,1,61,75,6075
50um-001-062,1,1,62,75,6175
50um-001-063,1,1,63,75,6275
50um-001-064,1,1,64,75,6375
50um-002-001,1,2,1,175,75
50um-002-002,1,2,2,175,175
50um-002-003,1,2,3,175,275
50um-002-004,1,2,4,175,375
50um-002-005,1,2,5,175,475
50um-002-006,1,2,6,175,575
50um-002-007,1,2,7,175,675
50um-002-008,1,2,8,175,775
50um-002-009,1,2,9,175,875
50um-002-010,1,2,10,175,975
50um-002-011,1,2,11,175,1075
50um-002-012,1,2,12,175,1175
50um-002-013,1,2,13,175,1275
50um-002-014,1,2,14,175,1375
50um-002-015,1,2,15,175,1475
50um-002-016,1,2,16,175,1575
50um-002-017,1,2,17,175,1675
50um-002-018,1,2,18,175,1775
50um-002-019,1,2,19,175,1875
50um-002-020,1,2,20,175,1975
50um-002-021,1,2,21,175,2075
50um-002-022,1,2,22,175,2175
50um-002-023,1,2,23,175,2275
50um-002-024,1,2,24,175,2375
50um-002-025,1,2,25,175,2475
50um-002-026,1,2,26,175,2575
50um-002-027,1,2,27,175,2675
50um-002-028,1,2,28,175,2775
50um-002-029,1,2,29,175,2875
50um-002-030,1,2,30,175,2975
50um-002-031,1,2,31,175,3075
50um-002-032,1,2,32,175,3175
50um-002-033,1,2,33,175,3275
50um-002-034,1,2,34,175,3375
50um-002-035,1,2,35,175,3475
50um-002-036,1,2,36,175,3575
50um-002-037,1,2,37,175,3675
50um-002-038,1,2,38,175,3775
50um-002-039,1,2,39,175,3875
50um-002-040,1,2,40,175,3975
50um-002-041,1,2,41,175,4075
50um-002-042,1,2,42,175,4175
50um-002-043,1,2,43,175,4275
50um-002-044,1,2,44,175,4375
50um-002-045,1,2,45,175,4475
50um-002-046,1,2,46,175,4575
50um-002-047,1,2,47,175,4675
50um-002-048,1,2,48,175,4775
50um-002-049,1,2,49,175,4875
50um-002-050,1,2,50,175,4975
50um-002-051,1,2,51,175,5075
50um-002-052,1,2,52,175,5175
50um-002-053,1,2,53,175,5275
50um-002-054,1,2,54,175,5375
50um-002-055,1,2,55,175,5475
50um-002-056,1,2,56,175,5575
50um-002-057,1,2,57,175,5675
50um-002-058,1,2,58,175,5775
50um-002-059,1,2,59,175,5875
50um-002-060,1,2,60,175,5975
50um-002-061,1,2,61,175,6075
50um-002-062,1,2,62,175,6175
50um-002-063,1,2,63,175,6275
50um-002-064,1,2,64,175,6375
50um-003-001,1,3,1,275,75
50um-003-002,1,3,2,275,175
50um-003-003,1,3,3,275,275
50um-003-004,1,3,4,275,375
50um-003-005,1,3,5,275,475
50um-003-006,1,3,6,275,575
50um-003-007,1,3,7,275,675
50um-003-008,1,3,8,275,775
50um-003-009,1,3,9,275,875
50um-003-010,1,3,10,275,975
50um-003-011,1,3,11,275,1075
50um-003-012,1,3,12,275,1175
50um-003-013,1,3,13,275,1275
50um-003-014,1,3,14,275,1375
50um-003-015,1,3,15,275,1475
50um-003-016,1,3,16,275,1575
50um-003-017,1,3,17,275,1675
50um-003-018,1,3,18,275,1775
50um-003-019,1,3,19,275,1875
50um-003-020,1,3,20,275,1975
50um-003-021,1,3,21,275,2075
50um-003-022,1,3,22,275,2175
50um-003-023,1,3,23,275,2275
50um-003-024,1,3,24,275,2375
50um-003-025,1,3,25,275,2475
50um-003-026,1,3,26,275,2575
50um-003-027,1,3,27,275,2675
50um-003-028,1,3,28,275,2775
50um-003-029,1,3,29,275,2875
50um-003-030,1,3,30,275,2975
50um-003-031,1,3,31,275,3075
50um-003-032,1,3,32,275,3175
50um-003-033,1,3,33,275,3275
50um-003-034,1,3,34,275,3375
50um-003-035,1,3,35,275,3475
50um-003-036,1,3,36,275,3575
50um-003-037,1,3,37,275,3675
50um-003-038,1,3,38,275,3775
50um-003-039,1,3,39,275,3875
50um-003-040,1,3,40,275,3975
50um-003-041,1,3,41,275,4075
50um-003-042,1,3,42,275,4175
50um-003-043,1,3,43,275,4275
50um-003-044,1,3,44,275,4375
50um-003-045,1,3,45,275,4475
50um-003-046,1,3,46,275,4575
50um-003-047,1,3,47,275,4675
50um-003-048,1,3,48,275,4775
50um-003-049,1,3,49,275,4875
50um-003-050,1,3,50,275,4975
50um-003-051,1,3,51,275,5075
50um-003-052,1,3,52,275,5175
50um-003-053,1,3,53,275,5275
50um-003-054,1,3,54,275,5375
50um-003-055,1,3,55,275,5475
50um-003-056,1,3,56,275,5575
50um-003-057,1,3,57,275,5675
50um-003-058,1,3,58,275,5775
50um-003-059,1,3,59,275,5875
50um-003-060,1,3,60,275,5975
50um-003-061,1,3,61,275,6075
50um-003-062,1,3,62,275,6175
50um-003-063,1,3,63,275,6275
50um-003-064,1,3,64,275,6375
50um-004-001,1,4,1,375,75
50um-004-002,1,4,2,375,175
50um-004-003,1,4,3,375,275
50um-004-004,1,4,4,375,375
50um-004-005,1,4,5,375,475
50um-004-006,1,4,6,375,575
50um-004-007,1,4,7,375,675
50um-004-008,1,4,8,375,775
50um-004-009,1,4,9,375,875
50um-004-010,1,4,10,375,975
50um-004-011,1,4,11,375,1075
50um-004-012,1,4,12,375,1175
50um-004-013,1,4,13,375,1275
50um-004-014,1,4,14,375,1375
50um-004-015,1,4,15,375,1475
50um-004-016,1,4,16,375,1575
50um-004-017,1,4,17,375,1675
50um-004-018,1,4,18,375,1775
50um-004-019,1,4,19,375,1875
50um-004-020,1,4,20,375,1975
50um-004-021,1,4,21,375,2075
50um-004-022,1,4,22,375,2175
50um-004-023,1,4,23,375,2275
50um-004-024,1,4,24,375,2375
50um-004-025,1,4,25,375,2475
50um-004-026,1,4,26,375,2575
50um-004-027,1,4,27,375,2675
50um-004-028,1,4,28,375,2775
50um-004-029,1,4,29,375,2875
50um-004-030,1,4,30,375,2975
50um-004-031,1,4,31,375,3075
50um-004-032,1,4,32,375,3175
50um-004-033,1,4,33,375,3275
50um-004-034,1,4,34,375,3375
50um-004-035,1,4,35,375,3475
50um-004-036,1,4,36,375,3575
50um-004-037,1,4,37,375,3675
50um-004-038,1,4,38,375,3775
50um-004-039,1,4,39,375,3875
50um-004-040,1,4,40,375,3975
50um-004-041,1,4,41,375,4075
50um-004-042,1,4,42,375,4175
50um-004-043,1,4,43,375,4275
50um-004-044,1,4,44,375,4375
50um-004-045,1,4,45,375,4475
50um-004-046,1,4,46,375,4575
50um-004-047,1,4,47,375,4675
50um-004-048,1,4,48,375,4775
50um-004-049,1,4,49,375,4875
50um-004-050,1,4,50,375,4975
50um-004-051,1,4,51,375,5075
50um-004-052,1,4,52,375,5175
50um-004-053,1,4,53,375,5275
50um-004-054,1,4,54,375,5375
50um-004-055,1,4,55,375,5475
50um-004-056,1,4,56,375,5575
50um-004-057,1,4,57,375,5675
50um-004-058,1,4,58,375,5775
50um-004-059,1,4,59,375,5875
50um-004-060,1,4,60,375,5975
50um-004-061,1,4,61,375,6075
50um-004-062,1,4,62,375,6175
50um-004-063,1,4,63,375,6275
50um-004-064,1,4,64,375,6375
50um-005-001,1,5,1,475,75
50um-005-002,1,5,2,475,175
50um-005-003,1,5,3,475,275
50um-005-004,1,5,4,475,375
50um-005-005,1,5,5,475,475
50um-005-006,1,5,6,475,575
50um-005-007,1,5,7,475,675
50um-005-008,1,5,8,475,775
50um-005-009,1,5,9,475,875
50um-005-010,1,5,10,475,975
50um-005-011,1,5,11,475,1075
50um-005-012,1,5,12,475,1175
50um-005-013,1,5,13,475,1275
50um-005-014,1,5,14,475,1375
50um-005-015,1,5,15,475,1475
50um-005-016,1,5,16,475,1575
50um-005-017,1,5,17,475,1675
50um-005-018,1,5,18,475,1775
50um-005-019,1,5,19,475,1875
50um-005-020,1,5,20,475,1975
50um-005-021,1,5,21,475,2075
50um-005-022,1,5,22,475,2175
50um-005-023,1,5,23,475,2275
50um-005-024,1,5,24,475,2375
50um-005-025,1,5,25,475,2475
50um-005-026,1,5,26,475,2575
50um-005-027,1,5,27,475,2675
50um-005-028,1,5,28,475,2775
50um-005-029,1,5,29,475,2875
50um-005-030,1,5,30,475,2975
50um-005-031,1,5,31,475,3075
50um-005-032,1,5,32,475,3175
50um-005-033,1,5,33,475,3275
50um-005-034,1,5,34,475,3375
50um-005-035,1,5,35,475,3475
50um-005-036,1,5,36,475,3575
50um-005-037,1,5,37,475,3675
50um-005-038,1,5,38,475,3775
50um-005-039,1,5,39,475,3875
50um-005-040,1,5,40,475,3975
50um-005-041,1,5,41,475,4075
50um-005-042,1,5,42,475,4175
50um-005-043,1,5,43,475,4275
50um-005-044,1,5,44,475,4375
50um-005-045,1,5,45,475,4475
50um-005-046,1,5,46,475,4575
50um-005-047,1,5,47,475,4675
50um-005-048,1,5,48,475,4775
50um-005-049,1,5,49,475,4875
50um-005-050,1,5,50,475,4975
50um-005-051,1,5,51,475,5075
50um-005-052,1,5,52,475,5175
50um-005-053,1,5,53,475,5275
50um-005-054,1,5,54,475,5375
50um-005-055,1,5,55,475,5475
50um-005-056,1,5,56,475,5575
50um-005-057,1,5,57,475,5675
50um-005-058,1,5,58,475,5775
50um-005-059,1,5,59,475,5875
50um-005-060,1,5,60,475,5975
50um-005-061,1,5,61,475,6075
50um-005-062,1,5,62,475,6175
50um-005-063,1,5,63,475,6275
50um-005-064,1,5,64,475,6375
50um-006-001,1,6,1,575,75
50um-006-002,1,6,2,575,175
50um-006-003,1,6,3,575,275
50um-006-004,1,6,4,575,375
50um-006-005,1,6,5,575,475
50um-006-006,1,6,6,575,575
50um-006-007,1,6,7,575,675
50um-006-008,1,6,8,575,775
50um-006-009,1,6,9,575,875
50um-006-010,1,6,10,575,975
50um-006-011,1,6,11,575,1075
50um-006-012,1,6,12,575,1175
50um-006-013,1,6,13,575,1275
50um-006-014,1,6,14,575,1375
50um-006-015,1,6,15,575,1475
50um-006-016,1,6,16,575,1575
50um-006-017,1,6,17,575,1675
50um-006-018,1,6,18,575,1775
50um-006-019,1,6,19,575,1875
50um-006-020,1,6,20,575,1975
50um-006-021,1,6,21,575,2075
50um-006-022,1,6,22,575,2175
50um-006-023,1,6,23,575,2275
50um-006-024,1,6,24,575,2375
50um-006-025,1,6,25,575,2475
50um-006-026,1,6,26,575,2575
50um-006-027,1,6,27,575,2675
50um-006-028,1,6,28,575,2775
50um-006-029,1,6,29,575,2875
50um-006-030,1,6,30,575,2975
50um-006-031,1,6,31,575,3075
50um-006-032,1,6,32,575,3175
50um-006-033,1,6,33,575,3275
50um-006-034,1,6,34,575,3375
50um-006-035,1,6,35,575,3475
50um-006-036,1,6,36,575,3575
50um-006-037,1,6,37,575,3675
50um-006-038,1,6,38,575,3775
50um-006-039,1,6,39,575,3875
50um-006-040,1,6,40,575,3975
50um-006-041,1,6,41,575,4075
50um-006-042,1,6,42,575,4175
50um-006-043,1,6,43,575,4275
50um-006-044,1,6,44,575,4375
50um-006-045,1,6,45,575,4475
50um-006-046,1,6,46,575,4575
50um-006-047,1,6,47,575,4675
50um-006-048,1,6,48,575,4775
50um-006-049,1,6,49,575,4875
50um-006-050,1,6,50,575,4975
50um-006-051,1,6,51,575,5075
50um-006-052,1,6,52,575,5175
50um-006-053,1,6,53,575,5275
50um-006-054,1,6,54,575,5375
50um-006-055,1,6,55,575,5475
50um-006-056,1,6,56,575,5575
50um-006-057,1,6,57,575,5675
50um-006-058,1,6,58,575,5775
50um-006-059,1,6,59,575,5875
50um-006-060,1,6,60,575,5975
50um-006-061,1,6,61,575,6075
50um-006-062,1,6,62,575,6175
50um-006-063,1,6,63,575,6275
50um-006-064,1,6,64,575,6375
50um-007-001,1,7,1,675,75
50um-007-002,1,7,2,675,175
50um-007-003,1,7,3,675,275
50um-007-004,1,7,4,675,375
50um-007-005,1,7,5,675,475
50um-007-006,1,7,6,675,575
50um-007-007,1,7,7,675,675
50um-007-008,1,7,8,675,775
50um-007-009,1,7,9,675,875
50um-007-010,1,7,10,675,975
50um-007-011,1,7,11,675,1075
50um-007-012,1,7,12,675,1175
50um-007-013,1,7,13,675,1275
50um-007-014,1,7,14,675,1375
50um-007-015,1,7,15,675,1475
50um-007-016,1,7,16,675,1575
50um-007-017,1,7,17,675,1675
50um-007-018,1,7,18,675,1775
50um-007-019,1,7,19,675,1875
50um-007-020,1,7,20,675,1975
50um-007-021,1,7,21,675,2075
50um-007-022,1,7,22,675,2175
50um-007-023,1,7,23,675,2275
50um-007-024,1,7,24,675,2375
50um-007-025,1,7,25,675,2475
50um-007-026,1,7,26,675,2575
50um-007-027,1,7,27,675,2675
50um-007-028,1,7,28,675,2775
50um-007-029,1,7,29,675,2875
50um-007-030,1,7,30,675,2975
50um-007-031,1,7,31,675,3075
50um-007-032,1,7,32,675,3175
50um-007-033,1,7,33,675,3275
50um-007-034,1,7,34,675,3375
50um-007-035,1,7,35,675,3475
50um-007-036,1,7,36,675,3575
50um-007-037,1,7,37,675,3675
50um-007-038,1,7,38,675,3775
50um-007-039,1,7,39,675,3875
50um-007-040,1,7,40,675,3975
50um-007-041,1,7,41,675,4075
50um-007-042,1,7,42,675,4175
50um-007-043,1,7,43,675,4275
50um-007-044,1,7,44,675,4375
50um-007-045,1,7,45,675,4475
50um-007-046,1,7,46,675,4575
50um-007-047,1,7,47,675,4675
50um-007-048,1,7,48,675,4775
50um-007-049,1,7,49,675,4875
50um-007-050,1,7,50,675,4975
50um-007-051,1,7,51,675,5075
50um-007-052,1,7,52,675,5175
50um-007-053,1,7,53,675,5275
50um-007-054,1,7,54,675,5375
50um-007-055,1,7,55,675,5475
50um-007-056,1,7,56,675,5575
50um-007-057,1,7,57,675,5675
50um-007-058,1,7,58,675,5775
50um-007-059,1,7,59,675,5875
50um-007-060,1,7,60,675,5975
50um-007-061,1,7,61,675,6075
50um-007-062,1,7,62,675,6175
50um-007-063,1,7,63,675,6275
50um-007-064,1,7,64,675,6375
50um-008-001,1,8,1,775,75
50um-008-002,1,8,2,775,175
50um-008-003,1,8,3,775,275
50um-008-004,1,8,4,775,375
50um-008-005,1,8,5,775,475
50um-008-006,1,8,6,775,575
50um-008-007,1,8,7,775,675
50um-008-008,1,8,8,775,775
50um-008-009,1,8,9,775,875
50um-008-010,1,8,10,775,975
50um-008-011,1,8,11,775,1075
50um-008-012,1,8,12,775,1175
50um-008-013,1,8,13,775,1275
50um-008-014,1,8,14,775,1375
50um-008-015,1,8,15,775,1475
50um-008-016,1,8,16,775,1575
50um-008-017,1,8,17,775,1675
50um-008-018,1,8,18,775,1775
50um-008-019,1,8,19,775,1875
50um-008-020,1,8,20,775,1975
50um-008-021,1,8,21,775,2075
50um-008-022,1,8,22,775,2175
50um-008-023,1,8,23,775,2275
50um-008-024,1,8,24,775,2375
50um-008-025,1,8,25,775,2475
50um-008-026,1,8,26,775,2575
50um-008-027,1,8,27,775,2675
50um-008-028,1,8,28,775,2775
50um-008-029,1,8,29,775,2875
50um-008-030,1,8,30,775,2975
50um-008-031,1,8,31,775,3075
50um-008-032,1,8,32,775,3175
50um-008-033,1,8,33,775,3275
50um-008-034,1,8,34,775,3375
50um-008-035,1,8,35,775,3475
50um-008-036,1,8,36,775,3575
50um-008-037,1,8,37,775,3675
50um-008-038,1,8,38,775,3775
50um-008-039,1,8,39,775,3875
50um-008-040,1,8,40,775,3975
50um-008-041,1,8,41,775,4075
50um-008-042,1,8,42,775,4175
50um-008-043,1,8,43,775,4275
50um-008-044,1,8,44,775,4375
50um-008-045,1,8,45,775,4475
50um-008-046,1,8,46,775,4575
50um-008-047,1,8,47,775,4675
50um-008-048,1,8,48,775,4775
50um-008-049,1,8,49,775,4875
50um-008-050,1,8,50,775,4975
50um-008-051,1,8,51,775,5075
50um-008-052,1,8,52,775,5175
50um-008-053,1,8,53,775,5275
50um-008-054,1,8,54,775,5375
50um-008-055,1,8,55,775,5475
50um-008-056,1,8,56,775,5575
50um-008-057,1,8,57,775,5675
50um-008-058,1,8,58,775,5775
50um-008-059,1,8,59,775,5875
50um-008-060,1,8,60,775,5975
50um-008-061,1,8,61,775,6075
50um-008-062,1,8,62,775,6175
50um-008-063,1,8,63,775,6275
50um-008-064,1,8,64,775,6375
50um-009-001,1,9,1,875,75
50um-009-002,1,9,2,875,175
50um-009-003,1,9,3,875,275
50um-009-004,1,9,4,875,375
50um-009-005,1,9,5,875,475
50um-009-006,1,9,6,875,575
50um-009-007,1,9,7,875,675
50um-009-008,1,9,8,875,775
50um-009-009,1,9,9,875,875
50um-009-010,1,9,10,875,975
50um-009-011,1,9,11,875,1075
50um-009-012,1,9,12,875,1175
50um-009-013,1,9,13,875,1275
50um-009-014,1,9,14,875,1375
50um-009-015,1,9,15,875,1475
50um-009-016,1,9,16,875,1575
50um-009-017,1,9,17,875,1675
50um-009-018,1,9,18,875,1775
50um-009-019,1,9,19,875,1875
50um-009-020,1,9,20,875,1975
50um-009-021,1,9,21,875,2075
50um-009-022,1,9,22,875,2175
50um-009-023,1,9,23,875,2275
50um-009-024,1,9,24,875,2375
50um-009-025,1,9,25,875,2475
50um-009-026,1,9,26,875,2575
50um-009-027,1,9,27,875,2675
50um-009-028,1,9,28,875,2775
50um-009-029,1,9,29,875,2875
50um-009-030,1,9,30,875,2975
50um-009-031,1,9,31,875,3075
50um-009-032,1,9,32,875,3175
50um-009-033,1,9,33,875,3275
50um-009-034,1,9,34,875,3375
50um-009-035,1,9,35,875,3475
50um-009-036,1,9,36,875,3575
50um-009-037,1,9,37,875,3675
50um-009-038,1,9,38,875,3775
50um-009-039,1,9,39,875,3875
50um-009-040,1,9,40,875,3975
50um-009-041,1,9,41,875,4075
50um-009-042,1,9,42,875,4175
50um-009-043,1,9,43,875,4275
50um-009-044,1,9,44,875,4375
50um-009-045,1,9,45,875,4475
50um-009-046,1,9,46,875,4575
50um-009-047,1,9,47,875,4675
50um-009-048,1,9,48,875,4775
50um-009-049,1,9,49,875,4875
50um-009-050,1,9,50,875,4975
50um-009-051,1,9,51,875,5075
50um-009-052,1,9,52,875,5175
50um-009-053,1,9,53,875,5275
50um-009-054,1,9,54,875,5375
50um-009-055,1,9,55,875,5475
50um-009-056,1,9,56,875,5575
50um-009-057,1,9,57,875,5675
50um-009-058,1,9,58,875,5775
50um-009-059,1,9,59,875,5875
50um-009-060,1,9,60,875,5975
50um-009-061,1,9,61,875,6075
50um-009-062,1,9,62,875,6175
50um-009-063,1,9,63,875,6275
50um-009-064,1,9,64,875,6375
50um-010-001,1,10,1,975,75
50um-010-002,1,10,2,975,175
50um-010-003,1,10,3,975,275
50um-010-004,1,10,4,975,375
50um-010-005,1,10,5,975,475
50um-010-006,1,10,6,975,575
50um-010-007,1,10,7,975,675
50um-010-008,1,10,8,975,775
50um-010-009,1,10,9,975,875
50um-010-010,1,10,10,975,975
50um-010-011,1,10,11,975,1075
50um-010-012,1,10,12,975,1175
50um-010-013,1,10,13,975,1275
50um-010-014,1,10,14,975,1375
50um-010-015,1,10,15,975,1475
50um-010-016,1,10,16,975,1575
50um-010-017,1,10,17,975,1675
50um-010-018,1,10,18,975,1775
50um-010-019,1,10,19,975,1875
50um-010-020,1,10,20,975,1975
50um-010-021,1,10,21,975,2075
50um-010-022,1,10,22,975,2175
50um-010-023,1,10,23,975,2275
50um-010-024,1,10,24,975,2375
50um-010-025,1,10,25,975,2475
50um-010-026,1,10,26,975,2575
50um-010-027,1,10,27,975,2675
50um-010-028,1,10,28,975,2775
50um-010-029,1,10,29,975,2875
50um-010-030,1,10,30,975,2975
50um-010-031,1,10,31,975,3075
50um-010-032,1,10,32,975,3175
50um-010-033,1,10,33,975,3275
50um-010-034,1,10,34,975,3375
50um-010-035,1,10,35,975,3475
50um-010-036,1,10,36,975,3575
50um-010-037,1,10,37,975,3675
50um-010-038,1,10,38,975,3775
50um-010-039,1,10,39,975,3875
50um-010-040,1,10,40,975,3975
50um-010-041,1,10,41,975,4075
50um-010-042,1,10,42,975,4175
50um-010-043,1,10,43,975,4275
50um-010-044,1,10,44,975,4375
50um-010-045,1,10,45,975,4475
50um-010-046,1,10,46,975,4575
50um-010-047,1,10,47,975,4675
50um-010-048,1,10,48,975,4775
50um-010-049,1,10,49,975,4875
50um-010-050,1,10,50,975,4975
50um-010-051,1,10,51,975,5075
50um-010-052,1,10,52,975,5175
50um-010-053,1,10,53,975,5275
50um-010-054,1,10,54,975,5375
50um-010-055,1,10,55,975,5475
50um-010-056,1,10,56,975,5575
50um-010-057,1,10,57,975,5675
50um-010-058,1,10,58,975,5775
50um-010-059,1,10,59,975,5875
50um-010-060,1,10,60,975,5975
50um-010-061,1,10,61,975,6075
50um-010-062,1,10,62,975,6175
50um-010-063,1,10,63,975,6275
50um-010-064,1,10,64,975,6375
50um-011-001,1,11,1,1075,75
50um-011-002,1,11,2,1075,175
50um-011-003,1,11,3,1075,275
50um-011-004,1,11,4,1075,375
50um-011-005,1,11,5,1075,475
50um-011-006,1,11,6,1075,575
50um-011-007,1,11,7,1075,675
50um-011-008,1,11,8,1075,775
50um-011-009,1,11,9,1075,875
50um-011-010,1,11,10,1075,975
50um-011-011,1,11,11,1075,1075
50um-011-012,1,11,12,1075,1175
50um-011-013,1,11,13,1075,1275
50um-011-014,1,11,14,1075,1375
50um-011-015,1,11,15,1075,1475
50um-011-016,1,11,16,1075,1575
50um-011-017,1,11,17,1075,1675
50um-011-018,1,11,18,1075,1775
50um-011-019,1,11,19,1075,1875
50um-011-020,1,11,20,1075,1975
50um-011-021,1,11,21,1075,2075
50um-011-022,1,11,22,1075,2175
50um-011-023,1,11,23,1075,2275
50um-011-024,1,11,24,1075,2375
50um-011-025,1,11,25,1075,2475
50um-011-026,1,11,26,1075,2575
50um-011-027,1,11,27,1075,2675
50um-011-028,1,11,28,1075,2775
50um-011-029,1,11,29,1075,2875
50um-011-030,1,11,30,1075,2975
50um-011-031,1,11,31,1075,3075
50um-011-032,1,11,32,1075,3175
50um-011-033,1,11,33,1075,3275
50um-011-034,1,11,34,1075,3375
50um-011-035,1,11,35,1075,3475
50um-011-036,1,11,36,1075,3575
50um-011-037,1,11,37,1075,3675
50um-011-038,1,11,38,1075,3775
50um-011-039,1,11,39,1075,3875
50um-011-040,1,11,40,1075,3975
50um-011-041,1,11,41,1075,4075
50um-011-042,1,11,42,1075,4175
50um-011-043,1,11,43,1075,4275
50um-011-044,1,11,44,1075,4375
50um-011-045,1,11,45,1075,4475
50um-011-046,1,11,46,1075,4575
50um-011-047,1,11,47,1075,4675
50um-011-048,1,11,48,1075,4775
50um-011-049,1,11,49,1075,4875
50um-011-050,1,11,50,1075,4975
50um-011-051,1,11,51,1075,5075
50um-011-052,1,11,52,1075,5175
50um-011-053,1,11,53,1075,5275
50um-011-054,1,11,54,1075,5375
50um-011-055,1,11,55,1075,5475
50um-011-056,1,11,56,1075,5575
50um-011-057,1,11,57,1075,5675
50um-011-058,1,11,58,1075,5775
50um-011-059,1,11,59,1075,5875
50um-011-060,1,11,60,1075,5975
50um-011-061,1,11,61,1075,6075
50um-011-062,1,11,62,1075,6175
50um-011-063,1,11,63,1075,6275
50um-011-064,1,11,64,1075,6375
50um-012-001,1,12,1,1175,75
50um-012-002,1,12,2,1175,175
50um-012-003,1,12,3,1175,275
50um-012-004,1,12,4,1175,375
50um-012-005,1,12,5,1175,475
50um-012-006,1,12,6,1175,575
50um-012-007,1,12,7,1175,675
50um-012-008,1,12,8,1175,775
50um-012-009,1,12,9,1175,875
50um-012-010,1,12,10,1175,975
50um-012-011,1,12,11,1175,1075
50um-012-012,1,12,12,1175,1175
50um-012-013,1,12,13,1175,1275
50um-012-014,1,12,14,1175,1375
50um-012-015,1,12,15,1175,1475
50um-012-016,1,12,16,1175,1575
50um-012-017,1,12,17,1175,1675
50um-012-018,1,12,18,1175,1775
50um-012-019,1,12,19,1175,1875
50um-012-020,1,12,20,1175,1975
50um-012-021,1,12,21,1175,2075
50um-012-022,1,12,22,1175,2175
50um-012-023,1,12,23,1175,2275
50um-012-024,1,12,24,1175,2375
50um-012-025,1,12,25,1175,2475
50um-012-026,1,12,26,1175,2575
50um-012-027,1,12,27,1175,2675
50um-012-028,1,12,28,1175,2775
50um-012-029,1,12,29,1175,2875
50um-012-030,1,12,30,1175,2975
50um-012-031,1,12,31,1175,3075
50um-012-032,1,12,32,1175,3175
50um-012-033,1,12,33,1175,3275
50um-012-034,1,12,34,1175,3375
50um-012-035,1,12,35,1175,3475
50um-012-036,1,12,36,1175,3575
50um-012-037,1,12,37,1175,3675
50um-012-038,1,12,38,1175,3775
50um-012-039,1,12,39,1175,3875
50um-012-040,1,12,40,1175,3975
50um-012-041,1,12,41,1175,4075
50um-012-042,1,12,42,1175,4175
50um-012-043,1,12,43,1175,4275
50um-012-044,1,12,44,1175,4375
50um-012-045,1,12,45,1175,4475
50um-012-046,1,12,46,1175,4575
50um-012-047,1,12,47,1175,4675
50um-012-048,1,12,48,1175,4775
50um-012-049,1,12,49,1175,4875
50um-012-050,1,12,50,1175,4975
50um-012-051,1,12,51,1175,5075
50um-012-052,1,12,52,1175,5175
50um-012-053,1,12,53,1175,5275
50um-012-054,1,12,54,1175,5375
50um-012-055,1,12,55,1175,5475
50um-012-056,1,12,56,1175,5575
50um-012-057,1,12,57,1175,5675
50um-012-058,1,12,58,1175,5775
50um-012-059,1,12,59,1175,5875
50um-012-060,1,12,60,1175,5975
50um-012-061,1,12,61,1175,6075
50um-012-062,1,12,62,1175,6175
50um-012-063,1,12,63,1175,6275
50um-012-064,1,12,64,1175,6375
50um-013-001,1,13,1,1275,75
50um-013-002,1,13,2,1275,175
50um-013-003,1,13,3,1275,275
50um-013-004,1,13,4,1275,375
50um-013-005,1,13,5,1275,475
50um-013-006,1,13,6,1275,575
50um-013-007,1,13,7,1275,675
50um-013-008,1,13,8,1275,775
50um-013-009,1,13,9,1275,875
50um-013-010,1,13,10,1275,975
50um-013-011,1,13,11,1275,1075
50um-013-012,1,13,12,1275,1175
50um-013-013,1,13,13,1275,1275
50um-013-014,1,13,14,1275,1375
50um-013-015,1,13,15,1275,1475
50um-013-016,1,13,16,1275,1575
50um-013-017,1,13,17,1275,1675
50um-013-018,1,13,18,1275,1775
50um-013-019,1,13,19,1275,1875
50um-013-020,1,13,20,1275,1975
50um-013-021,1,13,21,1275,2075
50um-013-022,1,13,22,1275,2175
50um-013-023,1,13,23,1275,2275
50um-013-024,1,13,24,1275,2375
50um-013-025,1,13,25,1275,2475
50um-013-026,1,13,26,1275,2575
50um-013-027,1,13,27,1275,2675
50um-013-028,1,13,28,1275,2775
50um-013-029,1,13,29,1275,2875
50um-013-030,1,13,30,1275,2975
50um-013-031,1,13,31,1275,3075
50um-013-032,1,13,32,1275,3175
50um-013-033,1,13,33,1275,3275
50um-013-034,1,13,34,1275,3375
50um-013-035,1,13,35,1275,3475
50um-013-036,1,13,36,1275,3575
50um-013-037,1,13,37,1275,3675
50um-013-038,1,13,38,1275,3775
50um-013-039,1,13,39,1275,3875
50um-013-040,1,13,40,1275,3975
50um-013-041,1,13,41,1275,4075
50um-013-042,1,13,42,1275,4175
50um-013-043,1,13,43,1275,4275
50um-013-044,1,13,44,1275,4375
50um-013-045,1,13,45,1275,4475
50um-013-046,1,13,46,1275,4575
50um-013-047,1,13,47,1275,4675
50um-013-048,1,13,48,1275,4775
50um-013-049,1,13,49,1275,4875
50um-013-050,1,13,50,1275,4975
50um-013-051,1,13,51,1275,5075
50um-013-052,1,13,52,1275,5175
50um-013-053,1,13,53,1275,5275
50um-013-054,1,13,54,1275,5375
50um-013-055,1,13,55,1275,5475
50um-013-056,1,13,56,1275,5575
50um-013-057,1,13,57,1275,5675
50um-013-058,1,13,58,1275,5775
50um-013-059,1,13,59,1275,5875
50um-013-060,1,13,60,1275,5975
50um-013-061,1,13,61,1275,6075
50um-013-062,1,13,62,1275,6175
50um-013-063,1,13,63,1275,6275
50um-013-064,1,13,64,1275,6375
50um-014-001,1,14,1,1375,75
50um-014-002,1,14,2,1375,175
50um-014-003,1,14,3,1375,275
50um-014-004,1,14,4,1375,375
50um-014-005,1,14,5,1375,475
50um-014-006,1,14,6,1375,575
50um-014-007,1,14,7,1375,675
50um-014-008,1,14,8,1375,775
50um-014-009,1,14,9,1375,875
50um-014-010,1,14,10,1375,975
50um-014-011,1,14,11,1375,1075
50um-014-012,1,14,12,1375,1175
50um-014-013,1,14,13,1375,1275
50um-014-014,1,14,14,1375,1375
50um-014-015,1,14,15,1375,1475
50um-014-016,1,14,16,1375,1575
50um-014-017,1,14,17,1375,1675
50um-014-018,1,14,18,1375,1775
50um-014-019,1,14,19,1375,1875
50um-014-020,1,14,20,1375,1975
50um-014-021,1,14,21,1375,2075
50um-014-022,1,14,22,1375,2175
50um-014-023,1,14,23,1375,2275
50um-014-024,1,14,24,1375,2375
50um-014-025,1,14,25,1375,2475
50um-014-026,1,14,26,1375,2575
50um-014-027,1,14,27,1375,2675
50um-014-028,1,14,28,1375,2775
50um-014-029,1,14,29,1375,2875
50um-014-030,1,14,30,1375,2975
50um-014-031,1,14,31,1375,3075
50um-014-032,1,14,32,1375,3175
50um-014-033,1,14,33,1375,3275
50um-014-034,1,14,34,1375,3375
50um-014-035,1,14,35,1375,3475
50um-014-036,1,14,36,1375,3575
50um-014-037,1,14,37,1375,3675
50um-014-038,1,14,38,1375,3775
50um-014-039,1,14,39,1375,3875
50um-014-040,1,14,40,1375,3975
50um-014-041,1,14,41,1375,4075
50um-014-042,1,14,42,1375,4175
50um-014-043,1,14,43,1375,4275
50um-014-044,1,14,44,1375,4375
50um-014-045,1,14,45,1375,4475
50um-014-046,1,14,46,1375,4575
50um-014-047,1,14,47,1375,4675
50um-014-048,1,14,48,1375,4775
50um-014-049,1,14,49,1375,4875
50um-014-050,1,14,50,1375,4975
50um-014-051,1,14,51,1375,5075
50um-014-052,1,14,52,1375,5175
50um-014-053,1,14,53,1375,5275
50um-014-054,1,14,54,1375,5375
50um-014-055,1,14,55,1375,5475
50um-014-056,1,14,56,1375,5575
50um-014-057,1,14,57,1375,5675
50um-014-058,1,14,58,1375,5775
50um-014-059,1,14,59,1375,5875
50um-014-060,1,14,60,1375,5975
50um-014-061,1,14,61,1375,6075
50um-014-062,1,14,62,1375,6175
50um-014-063,1,14,63,1375,6275
50um-014-064,1,14,64,1375,6375
50um-015-001,1,15,1,1475,75
50um-015-002,1,15,2,1475,175
50um-015-003,1,15,3,1475,275
50um-015-004,1,15,4,1475,375
50um-015-005,1,15,5,1475,475
50um-015-006,1,15,6,1475,575
50um-015-007,1,15,7,1475,675
50um-015-008,1,15,8,1475,775
50um-015-009,1,15,9,1475,875
50um-015-010,1,15,10,1475,975
50um-015-011,1,15,11,1475,1075
50um-015-012,1,15,12,1475,1175
50um-015-013,1,15,13,1475,1275
50um-015-014,1,15,14,1475,1375
50um-015-015,1,15,15,1475,1475
50um-015-016,1,15,16,1475,1575
50um-015-017,1,15,17,1475,1675
50um-015-018,1,15,18,1475,1775
50um-015-019,1,15,19,1475,1875
50um-015-020,1,15,20,1475,1975
50um-015-021,1,15,21,1475,2075
50um-015-022,1,15,22,1475,2175
50um-015-023,1,15,23,1475,2275
50um-015-024,1,15,24,1475,2375
50um-015-025,1,15,25,1475,2475
50um-015-026,1,15,26,1475,2575
50um-015-027,1,15,27,1475,2675
50um-015-028,1,15,28,1475,2775
50um-015-029,1,15,29,1475,2875
50um-015-030,1,15,30,1475,2975
50um-015-031,1,15,31,1475,3075
50um-015-032,1,15,32,1475,3175
50um-015-033,1,15,33,1475,3275
50um-015-034,1,15,34,1475,3375
50um-015-035,1,15,35,1475,3475
50um-015-036,1,15,36,1475,3575
50um-015-037,1,15,37,1475,3675
50um-015-038,1,15,38,1475,3775
50um-015-039,1,15,39,1475,3875
50um-015-040,1,15,40,1475,3975
50um-015-041,1,15,41,1475,4075
50um-015-042,1,15,42,1475,4175
50um-015-043,1,15,43,1475,4275
50um-015-044,1,15,44,1475,4375
50um-015-045,1,15,45,1475,4475
50um-015-046,1,15,46,1475,4575
50um-015-047,1,15,47,1475,4675
50um-015-048,1,15,48,1475,4775
50um-015-049,1,15,49,1475,4875
50um-015-050,1,15,50,1475,4975
50um-015-051,1,15,51,1475,5075
50um-015-052,1,15,52,1475,5175
50um-015-053,1,15,53,1475,5275
50um-015-054,1,15,54,1475,5375
50um-015-055,1,15,55,1475,5475
50um-015-056,1,15,56,1475,5575
50um-015-057,1,15,57,1475,5675
50um-015-058,1,15,58,1475,5775
50um-015-059,1,15,59,1475,5875
50um-015-060,1,15,60,1475,5975
50um-015-061,1,15,61,1475,6075
50um-015-062,1,15,62,1475,6175
50um-015-063,1,15,63,1475,6275
50um-015-064,1,15,64,1475,6375
50um-016-001,1,16,1,1575,75
50um-016-002,1,16,2,1575,175
50um-016-003,1,16,3,1575,275
50um-016-004,1,16,4,1575,375
50um-016-005,1,16,5,1575,475
50um-016-006,1,16,6,1575,575
50um-016-007,1,16,7,1575,675
50um-016-008,1,16,8,1575,775
50um-016-009,1,16,9,1575,875
50um-016-010,1,16,10,1575,975
50um-016-011,1,16,11,1575,1075
50um-016-012,1,16,12,1575,1175
50um-016-013,1,16,13,1575,1275
50um-016-014,1,16,14,1575,1375
50um-016-015,1,16,15,1575,1475
50um-016-016,1,16,16,1575,1575
50um-016-017,1,16,17,1575,1675
50um-016-018,1,16,18,1575,1775
50um-016-019,1,16,19,1575,1875
50um-016-020,1,16,20,1575,1975
50um-016-021,1,16,21,1575,2075
50um-016-022,1,16,22,1575,2175
50um-016-023,1,16,23,1575,2275
50um-016-024,1,16,24,1575,2375
50um-016-025,1,16,25,1575,2475
50um-016-026,1,16,26,1575,2575
50um-016-027,1,16,27,1575,2675
50um-016-028,1,16,28,1575,2775
50um-016-029,1,16,29,1575,2875
50um-016-030,1,16,30,1575,2975
50um-016-031,1,16,31,1575,3075
50um-016-032,1,16,32,1575,3175
50um-016-033,1,16,33,1575,3275
50um-016-034,1,16,34,1575,3375
50um-016-035,1,16,35,1575,3475
50um-016-036,1,16,36,1575,3575
50um-016-037,1,16,37,1575,3675
50um-016-038,1,16,38,1575,3775
50um-016-039,1,16,39,1575,3875
50um-016-040,1,16,40,1575,3975
50um-016-041,1,16,41,1575,4075
50um-016-042,1,16,42,1575,4175
50um-016-043,1,16,43,1575,4275
50um-016-044,1,16,44,1575,4375
50um-016-045,1,16,45,1575,4475
50um-016-046,1,16,46,1575,4575
50um-016-047,1,16,47,1575,4675
50um-016-048,1,16,48,1575,4775
50um-016-049,1,16,49,1575,4875
50um-016-050,1,16,50,1575,4975
50um-016-051,1,16,51,1575,5075
50um-016-052,1,16,52,1575,5175
50um-016-053,1,16,53,1575,5275
50um-016-054,1,16,54,1575,5375
50um-016-055,1,16,55,1575,5475
50um-016-056,1,16,56,1575,5575
50um-016-057,1,16,57,1575,5675
50um-016-058,1,16,58,1575,5775
50um-016-059,1,16,59,1575,5875
50um-016-060,1,16,60,1575,5975
50um-016-061,1,16,61,1575,6075
50um-016-062,1,16,62,1575,6175
50um-016-063,1,16,63,1575,6275
50um-016-064,1,16,64,1575,6375
50um-017-001,1,17,1,1675,75
50um-017-002,1,17,2,1675,175
50um-017-003,1,17,3,1675,275
50um-017-004,1,17,4,1675,375
50um-017-005,1,17,5,1675,475
50um-017-006,1,17,6,1675,575
50um-017-007,1,17,7,1675,675
50um-017-008,1,17,8,1675,775
50um-017-009,1,17,9,1675,875
50um-017-010,1,17,10,1675,975
50um-017-011,1,17,11,1675,1075
50um-017-012,1,17,12,1675,1175
50um-017-013,1,17,13,1675,1275
50um-017-014,1,17,14,1675,1375
50um-017-015,1,17,15,1675,1475
50um-017-016,1,17,16,1675,1575
50um-017-017,1,17,17,1675,1675
50um-017-018,1,17,18,1675,1775
50um-017-019,1,17,19,1675,1875
50um-017-020,1,17,20,1675,1975
50um-017-021,1,17,21,1675,2075
50um-017-022,1,17,22,1675,2175
50um-017-023,1,17,23,1675,2275
50um-017-024,1,17,24,1675,2375
50um-017-025,1,17,25,1675,2475
50um-017-026,1,17,26,1675,2575
50um-017-027,1,17,27,1675,2675
50um-017-028,1,17,28,1675,2775
50um-017-029,1,17,29,1675,2875
50um-017-030,1,17,30,1675,2975
50um-017-031,1,17,31,1675,3075
50um-017-032,1,17,32,1675,3175
50um-017-033,1,17,33,1675,3275
50um-017-034,1,17,34,1675,3375
50um-017-035,1,17,35,1675,3475
50um-017-036,1,17,36,1675,3575
50um-017-037,1,17,37,1675,3675
50um-017-038,1,17,38,1675,3775
50um-017-039,1,17,39,1675,3875
50um-017-040,1,17,40,1675,3975
50um-017-041,1,17,41,1675,4075
50um-017-042,1,17,42,1675,4175
50um-017-043,1,17,43,1675,4275
50um-017-044,1,17,44,1675,4375
50um-017-045,1,17,45,1675,4475
50um-017-046,1,17,46,1675,4575
50um-017-047,1,17,47,1675,4675
50um-017-048,1,17,48,1675,4775
50um-017-049,1,17,49,1675,4875
50um-017-050,1,17,50,1675,4975
50um-017-051,1,17,51,1675,5075
50um-017-052,1,17,52,1675,5175
50um-017-053,1,17,53,1675,5275
50um-017-054,1,17,54,1675,5375
50um-017-055,1,17,55,1675,5475
50um-017-056,1,17,56,1675,5575
50um-017-057,1,17,57,1675,5675
50um-017-058,1,17,58,1675,5775
50um-017-059,1,17,59,1675,5875
50um-017-060,1,17,60,1675,5975
50um-017-061,1,17,61,1675,6075
50um-017-062,1,17,62,1675,6175
50um-017-063,1,17,63,1675,6275
50um-017-064,1,17,64,1675,6375
50um-018-001,1,18,1,1775,75
50um-018-002,1,18,2,1775,175
50um-018-003,1,18,3,1775,275
50um-018-004,1,18,4,1775,375
50um-018-005,1,18,5,1775,475
50um-018-006,1,18,6,1775,575
50um-018-007,1,18,7,1775,675
50um-018-008,1,18,8,1775,775
50um-018-009,1,18,9,1775,875
50um-018-010,1,18,10,1775,975
50um-018-011,1,18,11,1775,1075
50um-018-012,1,18,12,1775,1175
50um-018-013,1,18,13,1775,1275
50um-018-014,1,18,14,1775,1375
50um-018-015,1,18,15,1775,1475
50um-018-016,1,18,16,1775,1575
50um-018-017,1,18,17,1775,1675
50um-018-018,1,18,18,1775,1775
50um-018-019,1,18,19,1775,1875
50um-018-020,1,18,20,1775,1975
50um-018-021,1,18,21,1775,2075
50um-018-022,1,18,22,1775,2175
50um-018-023,1,18,23,1775,2275
50um-018-024,1,18,24,1775,2375
50um-018-025,1,18,25,1775,2475
50um-018-026,1,18,26,1775,2575
50um-018-027,1,18,27,1775,2675
50um-018-028,1,18,28,1775,2775
50um-018-029,1,18,29,1775,2875
50um-018-030,1,18,30,1775,2975
50um-018-031,1,18,31,1775,3075
50um-018-032,1,18,32,1775,3175
50um-018-033,1,18,33,1775,3275
50um-018-034,1,18,34,1775,3375
50um-018-035,1,18,35,1775,3475
50um-018-036,1,18,36,1775,3575
50um-018-037,1,18,37,1775,3675
50um-018-038,1,18,38,1775,3775
50um-018-039,1,18,39,1775,3875
50um-018-040,1,18,40,1775,3975
50um-018-041,1,18,41,1775,4075
50um-018-042,1,18,42,1775,4175
50um-018-043,1,18,43,1775,4275
50um-018-044,1,18,44,1775,4375
50um-018-045,1,18,45,1775,4475
50um-018-046,1,18,46,1775,4575
50um-018-047,1,18,47,1775,4675
50um-018-048,1,18,48,1775,4775
50um-018-049,1,18,49,1775,4875
50um-018-050,1,18,50,1775,4975
50um-018-051,1,18,51,1775,5075
50um-018-052,1,18,52,1775,5175
50um-018-053,1,18,53,1775,5275
50um-018-054,1,18,54,1775,5375
50um-018-055,1,18,55,1775,5475
50um-018-056,1,18,56,1775,5575
50um-018-057,1,18,57,1775,5675
50um-018-058,1,18,58,1775,5775
50um-018-059,1,18,59,1775,5875
50um-018-060,1,18,60,1775,5975
50um-018-061,1,18,61,1775,6075
50um-018-062,1,18,62,1775,6175
50um-018-063,1,18,63,1775,6275
50um-018-064,1,18,64,1775,6375
50um-019-001,1,19,1,1875,75
50um-019-002,1,19,2,1875,175
50um-019-003,1,19,3,1875,275
50um-019-004,1,19,4,1875,375
50um-019-005,1,19,5,1875,475
50um-019-006,1,19,6,1875,575
50um-019-007,1,19,7,1875,675
50um-019-008,1,19,8,1875,775
50um-019-009,1,19,9,1875,875
50um-019-010,1,19,10,1875,975
50um-019-011,1,19,11,1875,1075
50um-019-012,1,19,12,1875,1175
50um-019-013,1,19,13,1875,1275
50um-019-014,1,19,14,1875,1375
50um-019-015,1,19,15,1875,1475
50um-019-016,1,19,16,1875,1575
50um-019-017,1,19,17,1875,1675
50um-019-018,1,19,18,1875,1775
50um-019-019,1,19,19,1875,1875
50um-019-020,1,19,20,1875,1975
50um-019-021,1,19,21,1875,2075
50um-019-022,1,19,22,1875,2175
50um-019-023,1,19,23,1875,2275
50um-019-024,1,19,24,1875,2375
50um-019-025,1,19,25,1875,2475
50um-019-026,1,19,26,1875,2575
50um-019-027,1,19,27,1875,2675
50um-019-028,1,19,28,1875,2775
50um-019-029,1,19,29,1875,2875
50um-019-030,1,19,30,1875,2975
50um-019-031,1,19,31,1875,3075
50um-019-032,1,19,32,1875,3175
50um-019-033,1,19,33,1875,3275
50um-019-034,1,19,34,1875,3375
50um-019-035,1,19,35,1875,3475
50um-019-036,1,19,36,1875,3575
50um-019-037,1,19,37,1875,3675
50um-019-038,1,19,38,1875,3775
50um-019-039,1,19,39,1875,3875
50um-019-040,1,19,40,1875,3975
50um-019-041,1,19,41,1875,4075
50um-019-042,1,19,42,1875,4175
50um-019-043,1,19,43,1875,4275
50um-019-044,1,19,44,1875,4375
50um-019-045,1,19,45,1875,4475
50um-019-046,1,19,46,1875,4575
50um-019-047,1,19,47,1875,4675
50um-019-048,1,19,48,1875,4775
50um-019-049,1,19,49,1875,4875
50um-019-050,1,19,50,1875,4975
50um-019-051,1,19,51,1875,5075
50um-019-052,1,19,52,1875,5175
50um-019-053,1,19,53,1875,5275
50um-019-054,1,19,54,1875,5375
50um-019-055,1,19,55,1875,5475
50um-019-056,1,19,56,1875,5575
50um-019-057,1,19,57,1875,5675
50um-019-058,1,19,58,1875,5775
50um-019-059,1,19,59,1875,5875
50um-019-060,1,19,60,1875,5975
50um-019-061,1,19,61,1875,6075
50um-019-062,1,19,62,1875,6175
50um-019-063,1,19,63,1875,6275
50um-019-064,1,19,64,1875,6375
50um-020-001,1,20,1,1975,75
50um-020-002,1,20,2,1975,175
50um-020-003,1,20,3,1975,275
50um-020-004,1,20,4,1975,375
50um-020-005,1,20,5,1975,475
50um-020-006,1,20,6,1975,575
50um-020-007,1,20,7,1975,675
50um-020-008,1,20,8,1975,775
50um-020-009,1,20,9,1975,875
50um-020-010,1,20,10,1975,975
50um-020-011,1,20,11,1975,1075
50um-020-012,1,20,12,1975,1175
50um-020-013,1,20,13,1975,1275
50um-020-014,1,20,14,1975,1375
50um-020-015,1,20,15,1975,1475
50um-020-016,1,20,16,1975,1575
50um-020-017,1,20,17,1975,1675
50um-020-018,1,20,18,1975,1775
50um-020-019,1,20,19,1975,1875
50um-020-020,1,20,20,1975,1975
50um-020-021,1,20,21,1975,2075
50um-020-022,1,20,22,1975,2175
50um-020-023,1,20,23,1975,2275
50um-020-024,1,20,24,1975,2375
50um-020-025,1,20,25,1975,2475
50um-020-026,1,20,26,1975,2575
50um-020-027,1,20,27,1975,2675
50um-020-028,1,20,28,1975,2775
50um-020-029,1,20,29,1975,2875
50um-020-030,1,20,30,1975,2975
50um-020-031,1,20,31,1975,3075
50um-020-032,1,20,32,1975,3175
50um-020-033,1,20,33,1975,3275
50um-020-034,1,20,34,1975,3375
50um-020-035,1,20,35,1975,3475
50um-020-036,1,20,36,1975,3575
50um-020-037,1,20,37,1975,3675
50um-020-038,1,20,38,1975,3775
50um-020-039,1,20,39,1975,3875
50um-020-040,1,20,40,1975,3975
50um-020-041,1,20,41,1975,4075
50um-020-042,1,20,42,1975,4175
50um-020-043,1,20,43,1975,4275
50um-020-044,1,20,44,1975,4375
50um-020-045,1,20,45,1975,4475
50um-020-046,1,20,46,1975,4575
50um-020-047,1,20,47,1975,4675
50um-020-048,1,20,48,1975,4775
50um-020-049,1,20,49,1975,4875
50um-020-050,1,20,50,1975,4975
50um-020-051,1,20,51,1975,5075
50um-020-052,1,20,52,1975,5175
50um-020-053,1,20,53,1975,5275
50um-020-054,1,20,54,1975,5375
50um-020-055,1,20,55,1975,5475
50um-020-056,1,20,56,1975,5575
50um-020-057,1,20,57,1975,5675
50um-020-058,1,20,58,1975,5775
50um-020-059,1,20,59,1975,5875
50um-020-060,1,20,60,1975,5975
50um-020-061,1,20,61,1975,6075
50um-020-062,1,20,62,1975,6175
50um-020-063,1,20,63,1975,6275
50um-020-064,1,20,64,1975,6375
50um-021-001,1,21,1,2075,75
50um-021-002,1,21,2,2075,175
50um-021-003,1,21,3,2075,275
50um-021-004,1,21,4,2075,375
50um-021-005,1,21,5,2075,475
50um-021-006,1,21,6,2075,575
50um-021-007,1,21,7,2075,675
50um-021-008,1,21,8,2075,775
50um-021-009,1,21,9,2075,875
50um-021-010,1,21,10,2075,975
50um-021-011,1,21,11,2075,1075
50um-021-012,1,21,12,2075,1175
50um-021-013,1,21,13,2075,1275
50um-021-014,1,21,14,2075,1375
50um-021-015,1,21,15,2075,1475
50um-021-016,1,21,16,2075,1575
50um-021-017,1,21,17,2075,1675
50um-021-018,1,21,18,2075,1775
50um-021-019,1,21,19,2075,1875
50um-021-020,1,21,20,2075,1975
50um-021-021,1,21,21,2075,2075
50um-021-022,1,21,22,2075,2175
50um-021-023,1,21,23,2075,2275
50um-021-024,1,21,24,2075,2375
50um-021-025,1,21,25,2075,2475
50um-021-026,1,21,26,2075,2575
50um-021-027,1,21,27,2075,2675
50um-021-028,1,21,28,2075,2775
50um-021-029,1,21,29,2075,2875
50um-021-030,1,21,30,2075,2975
50um-021-031,1,21,31,2075,3075
50um-021-032,1,21,32,2075,3175
50um-021-033,1,21,33,2075,3275
50um-021-034,1,21,34,2075,3375
50um-021-035,1,21,35,2075,3475
50um-021-036,1,21,36,2075,3575
50um-021-037,1,21,37,2075,3675
50um-021-038,1,21,38,2075,3775
50um-021-039,1,21,39,2075,3875
50um-021-040,1,21,40,2075,3975
50um-021-041,1,21,41,2075,4075
50um-021-042,1,21,42,2075,4175
50um-021-043,1,21,43,2075,4275
50um-021-044,1,21,44,2075,4375
50um-021-045,1,21,45,2075,4475
50um-021-046,1,21,46,2075,4575
50um-021-047,1,21,47,2075,4675
50um-021-048,1,21,48,2075,4775
50um-021-049,1,21,49,2075,4875
50um-021-050,1,21,50,2075,4975
50um-021-051,1,21,51,2075,5075
50um-021-052,1,21,52,2075,5175
50um-021-053,1,21,53,2075,5275
50um-021-054,1,21,54,2075,5375
50um-021-055,1,21,55,2075,5475
50um-021-056,1,21,56,2075,5575
50um-021-057,1,21,57,2075,5675
50um-021-058,1,21,58,2075,5775
50um-021-059,1,21,59,2075,5875
50um-021-060,1,21,60,2075,5975
50um-021-061,1,21,61,2075,6075
50um-021-062,1,21,62,2075,6175
50um-021-063,1,21,63,2075,6275
50um-021-064,1,21,64,2075,6375
50um-022-001,1,22,1,2175,75
50um-022-002,1,22,2,2175,175
50um-022-003,1,22,3,2175,275
50um-022-004,1,22,4,2175,375
50um-022-005,1,22,5,2175,475
50um-022-006,1,22,6,2175,575
50um-022-007,1,22,7,2175,675
50um-022-008,1,22,8,2175,775
50um-022-009,1,22,9,2175,875
50um-022-010,1,22,10,2175,975
50um-022-011,1,22,11,2175,1075
50um-022-012,1,22,12,2175,1175
50um-022-013,1,22,13,2175,1275
50um-022-014,1,22,14,2175,1375
50um-022-015,1,22,15,2175,1475
50um-022-016,1,22,16,2175,1575
50um-022-017,1,22,17,2175,1675
50um-022-018,1,22,18,2175,1775
50um-022-019,1,22,19,2175,1875
50um-022-020,1,22,20,2175,1975
50um-022-021,1,22,21,2175,2075
50um-022-022,1,22,22,2175,2175
50um-022-023,1,22,23,2175,2275
50um-022-024,1,22,24,2175,2375
50um-022-025,1,22,25,2175,2475
50um-022-026,1,22,26,2175,2575
50um-022-027,1,22,27,2175,2675
50um-022-028,1,22,28,2175,2775
50um-022-029,1,22,29,2175,2875
50um-022-030,1,22,30,2175,2975
50um-022-031,1,22,31,2175,3075
50um-022-032,1,22,32,2175,3175
50um-022-033,1,22,33,2175,3275
50um-022-034,1,22,34,2175,3375
50um-022-035,1,22,35,2175,3475
50um-022-036,1,22,36,2175,3575
50um-022-037,1,22,37,2175,3675
50um-022-038,1,22,38,2175,3775
50um-022-039,1,22,39,2175,3875
50um-022-040,1,22,40,2175,3975
50um-022-041,1,22,41,2175,4075
50um-022-042,1,22,42,2175,4175
50um-022-043,1,22,43,2175,4275
50um-022-044,1,22,44,2175,4375
50um-022-045,1,22,45,2175,4475
50um-022-046,1,22,46,2175,4575
50um-022-047,1,22,47,2175,4675
50um-022-048,1,22,48,2175,4775
50um-022-049,1,22,49,2175,4875
50um-022-050,1,22,50,2175,4975
50um-022-051,1,22,51,2175,5075
50um-022-052,1,22,52,2175,5175
50um-022-053,1,22,53,2175,5275
50um-022-054,1,22,54,2175,5375
50um-022-055,1,22,55,2175,5475
50um-022-056,1,22,56,2175,5575
50um-022-057,1,22,57,2175,5675
50um-022-058,1,22,58,2175,5775
50um-022-059,1,22,59,2175,5875
50um-022-060,1,22,60,2175,5975
50um-022-061,1,22,61,2175,6075
50um-022-062,1,22,62,2175,6175
50um-022-063,1,22,63,2175,6275
50um-022-064,1,22,64,2175,6375
50um-023-001,1,23,1,2275,75
50um-023-002,1,23,2,2275,175
50um-023-003,1,23,3,2275,275
50um-023-004,1,23,4,2275,375
50um-023-005,1,23,5,2275,475
50um-023-006,1,23,6,2275,575
50um-023-007,1,23,7,2275,675
50um-023-008,1,23,8,2275,775
50um-023-009,1,23,9,2275,875
50um-023-010,1,23,10,2275,975
50um-023-011,1,23,11,2275,1075
50um-023-012,1,23,12,2275,1175
50um-023-013,1,23,13,2275,1275
50um-023-014,1,23,14,2275,1375
50um-023-015,1,23,15,2275,1475
50um-023-016,1,23,16,2275,1575
50um-023-017,1,23,17,2275,1675
50um-023-018,1,23,18,2275,1775
50um-023-019,1,23,19,2275,1875
50um-023-020,1,23,20,2275,1975
50um-023-021,1,23,21,2275,2075
50um-023-022,1,23,22,2275,2175
50um-023-023,1,23,23,2275,2275
50um-023-024,1,23,24,2275,2375
50um-023-025,1,23,25,2275,2475
50um-023-026,1,23,26,2275,2575
50um-023-027,1,23,27,2275,2675
50um-023-028,1,23,28,2275,2775
50um-023-029,1,23,29,2275,2875
50um-023-030,1,23,30,2275,2975
50um-023-031,1,23,31,2275,3075
50um-023-032,1,23,32,2275,3175
50um-023-033,1,23,33,2275,3275
50um-023-034,1,23,34,2275,3375
50um-023-035,1,23,35,2275,3475
50um-023-036,1,23,36,2275,3575
50um-023-037,1,23,37,2275,3675
50um-023-038,1,23,38,2275,3775
50um-023-039,1,23,39,2275,3875
50um-023-040,1,23,40,2275,3975
50um-023-041,1,23,41,2275,4075
50um-023-042,1,23,42,2275,4175
50um-023-043,1,23,43,2275,4275
50um-023-044,1,23,44,2275,4375
50um-023-045,1,23,45,2275,4475
50um-023-046,1,23,46,2275,4575
50um-023-047,1,23,47,2275,4675
50um-023-048,1,23,48,2275,4775
50um-023-049,1,23,49,2275,4875
50um-023-050,1,23,50,2275,4975
50um-023-051,1,23,51,2275,5075
50um-023-052,1,23,52,2275,5175
50um-023-053,1,23,53,2275,5275
50um-023-054,1,23,54,2275,5375
50um-023-055,1,23,55,2275,5475
50um-023-056,1,23,56,2275,5575
50um-023-057,1,23,57,2275,5675
50um-023-058,1,23,58,2275,5775
50um-023-059,1,23,59,2275,5875
50um-023-060,1,23,60,2275,5975
50um-023-061,1,23,61,2275,6075
50um-023-062,1,23,62,2275,6175
50um-023-063,1,23,63,2275,6275
50um-023-064,1,23,64,2275,6375
50um-024-001,1,24,1,2375,75
50um-024-002,1,24,2,2375,175
50um-024-003,1,24,3,2375,275
50um-024-004,1,24,4,2375,375
50um-024-005,1,24,5,2375,475
50um-024-006,1,24,6,2375,575
50um-024-007,1,24,7,2375,675
50um-024-008,1,24,8,2375,775
50um-024-009,1,24,9,2375,875
50um-024-010,1,24,10,2375,975
50um-024-011,1,24,11,2375,1075
50um-024-012,1,24,12,2375,1175
50um-024-013,1,24,13,2375,1275
50um-024-014,1,24,14,2375,1375
50um-024-015,1,24,15,2375,1475
50um-024-016,1,24,16,2375,1575
50um-024-017,1,24,17,2375,1675
50um-024-018,1,24,18,2375,1775
50um-024-019,1,24,19,2375,1875
50um-024-020,1,24,20,2375,1975
50um-024-021,1,24,21,2375,2075
50um-024-022,1,24,22,2375,2175
50um-024-023,1,24,23,2375,2275
50um-024-024,1,24,24,2375,2375
50um-024-025,1,24,25,2375,2475
50um-024-026,1,24,26,2375,2575
50um-024-027,1,24,27,2375,2675
50um-024-028,1,24,28,2375,2775
50um-024-029,1,24,29,2375,2875
50um-024-030,1,24,30,2375,2975
50um-024-031,1,24,31,2375,3075
50um-024-032,1,24,32,2375,3175
50um-024-033,1,24,33,2375,3275
50um-024-034,1,24,34,2375,3375
50um-024-035,1,24,35,2375,3475
50um-024-036,1,24,36,2375,3575
50um-024-037,1,24,37,2375,3675
50um-024-038,1,24,38,2375,3775
50um-024-039,1,24,39,2375,3875
50um-024-040,1,24,40,2375,3975
50um-024-041,1,24,41,2375,4075
50um-024-042,1,24,42,2375,4175
50um-024-043,1,24,43,2375,4275
50um-024-044,1,24,44,2375,4375
50um-024-045,1,24,45,2375,4475
50um-024-046,1,24,46,2375,4575
50um-024-047,1,24,47,2375,4675
50um-024-048,1,24,48,2375,4775
50um-024-049,1,24,49,2375,4875
50um-024-050,1,24,50,2375,4975
50um-024-051,1,24,51,2375,5075
50um-024-052,1,24,52,2375,5175
50um-024-053,1,24,53,2375,5275
50um-024-054,1,24,54,2375,5375
50um-024-055,1,24,55,2375,5475
50um-024-056,1,24,56,2375,5575
50um-024-057,1,24,57,2375,5675
50um-024-058,1,24,58,2375,5775
50um-024-059,1,24,59,2375,5875
50um-024-060,1,24,60,2375,5975
50um-024-061,1,24,61,2375,6075
50um-024-062,1,24,62,2375,6175
50um-024-063,1,24,63,2375,6275
50um-024-064,1,24,64,2375,6375
50um-025-001,1,25,1,2475,75
50um-025-002,1,25,2,2475,175
50um-025-003,1,25,3,2475,275
50um-025-004,1,25,4,2475,375
50um-025-005,1,25,5,2475,475
50um-025-006,1,25,6,2475,575
50um-025-007,1,25,7,2475,675
50um-025-008,1,25,8,2475,775
50um-025-009,1,25,9,2475,875
50um-025-010,1,25,10,2475,975
50um-025-011,1,25,11,2475,1075
50um-025-012,1,25,12,2475,1175
50um-025-013,1,25,13,2475,1275
50um-025-014,1,25,14,2475,1375
50um-025-015,1,25,15,2475,1475
50um-025-016,1,25,16,2475,1575
50um-025-017,1,25,17,2475,1675
50um-025-018,1,25,18,2475,1775
50um-025-019,1,25,19,2475,1875
50um-025-020,1,25,20,2475,1975
50um-025-021,1,25,21,2475,2075
50um-025-022,1,25,22,2475,2175
50um-025-023,1,25,23,2475,2275
50um-025-024,1,25,24,2475,2375
50um-025-025,1,25,25,2475,2475
50um-025-026,1,25,26,2475,2575
50um-025-027,1,25,27,2475,2675
50um-025-028,1,25,28,2475,2775
50um-025-029,1,25,29,2475,2875
50um-025-030,1,25,30,2475,2975
50um-025-031,1,25,31,2475,3075
50um-025-032,1,25,32,2475,3175
50um-025-033,1,25,33,2475,3275
50um-025-034,1,25,34,2475,3375
50um-025-035,1,25,35,2475,3475
50um-025-036,1,25,36,2475,3575
50um-025-037,1,25,37,2475,3675
50um-025-038,1,25,38,2475,3775
50um-025-039,1,25,39,2475,3875
50um-025-040,1,25,40,2475,3975
50um-025-041,1,25,41,2475,4075
50um-025-042,1,25,42,2475,4175
50um-025-043,1,25,43,2475,4275
50um-025-044,1,25,44,2475,4375
50um-025-045,1,25,45,2475,4475
50um-025-046,1,25,46,2475,4575
50um-025-047,1,25,47,2475,4675
50um-025-048,1,25,48,2475,4775
50um-025-049,1,25,49,2475,4875
50um-025-050,1,25,50,2475,4975
50um-025-051,1,25,51,2475,5075
50um-025-052,1,25,52,2475,5175
50um-025-053,1,25,53,2475,5275
50um-025-054,1,25,54,2475,5375
50um-025-055,1,25,55,2475,5475
50um-025-056,1,25,56,2475,5575
50um-025-057,1,25,57,2475,5675
50um-025-058,1,25,58,2475,5775
50um-025-059,1,25,59,2475,5875
50um-025-060,1,25,60,2475,5975
50um-025-061,1,25,61,2475,6075
50um-025-062,1,25,62,2475,6175
50um-025-063,1,25,63,2475,6275
50um-025-064,1,25,64,2475,6375
50um-026-001,1,26,1,2575,75
50um-026-002,1,26,2,2575,175
50um-026-003,1,26,3,2575,275
50um-026-004,1,26,4,2575,375
50um-026-005,1,26,5,2575,475
50um-026-006,1,26,6,2575,575
50um-026-007,1,26,7,2575,675
50um-026-008,1,26,8,2575,775
50um-026-009,1,26,9,2575,875
50um-026-010,1,26,10,2575,975
50um-026-011,1,26,11,2575,1075
50um-026-012,1,26,12,2575,1175
50um-026-013,1,26,13,2575,1275
50um-026-014,1,26,14,2575,1375
50um-026-015,1,26,15,2575,1475
50um-026-016,1,26,16,2575,1575
50um-026-017,1,26,17,2575,1675
50um-026-018,1,26,18,2575,1775
50um-026-019,1,26,19,2575,1875
50um-026-020,1,26,20,2575,1975
50um-026-021,1,26,21,2575,2075
50um-026-022,1,26,22,2575,2175
50um-026-023,1,26,23,2575,2275
50um-026-024,1,26,24,2575,2375
50um-026-025,1,26,25,2575,2475
50um-026-026,1,26,26,2575,2575
50um-026-027,1,26,27,2575,2675
50um-026-028,1,26,28,2575,2775
50um-026-029,1,26,29,2575,2875
50um-026-030,1,26,30,2575,2975
50um-026-031,1,26,31,2575,3075
50um-026-032,1,26,32,2575,3175
50um-026-033,1,26,33,2575,3275
50um-026-034,1,26,34,2575,3375
50um-026-035,1,26,35,2575,3475
50um-026-036,1,26,36,2575,3575
50um-026-037,1,26,37,2575,3675
50um-026-038,1,26,38,2575,3775
50um-026-039,1,26,39,2575,3875
50um-026-040,1,26,40,2575,3975
50um-026-041,1,26,41,2575,4075
50um-026-042,1,26,42,2575,4175
50um-026-043,1,26,43,2575,4275
50um-026-044,1,26,44,2575,4375
50um-026-045,1,26,45,2575,4475
50um-026-046,1,26,46,2575,4575
50um-026-047,1,26,47,2575,4675
50um-026-048,1,26,48,2575,4775
50um-026-049,1,26,49,2575,4875
50um-026-050,1,26,50,2575,4975
50um-026-051,1,26,51,2575,5075
50um-026-052,1,26,52,2575,5175
50um-026-053,1,26,53,2575,5275
50um-026-054,1,26,54,2575,5375
50um-026-055,1,26,55,2575,5475
50um-026-056,1,26,56,2575,5575
50um-026-057,1,26,57,2575,5675
50um-026-058,1,26,58,2575,5775
50um-026-059,1,26,59,2575,5875
50um-026-060,1,26,60,2575,5975
50um-026-061,1,26,61,2575,6075
50um-026-062,1,26,62,2575,6175
50um-026-063,1,26,63,2575,6275
50um-026-064,1,26,64,2575,6375
50um-027-001,1,27,1,2675,75
50um-027-002,1,27,2,2675,175
50um-027-003,1,27,3,2675,275
50um-027-004,1,27,4,2675,375
50um-027-005,1,27,5,2675,475
50um-027-006,1,27,6,2675,575
50um-027-007,1,27,7,2675,675
50um-027-008,1,27,8,2675,775
50um-027-009,1,27,9,2675,875
50um-027-010,1,27,10,2675,975
50um-027-011,1,27,11,2675,1075
50um-027-012,1,27,12,2675,1175
50um-027-013,1,27,13,2675,1275
50um-027-014,1,27,14,2675,1375
50um-027-015,1,27,15,2675,1475
50um-027-016,1,27,16,2675,1575
50um-027-017,1,27,17,2675,1675
50um-027-018,1,27,18,2675,1775
50um-027-019,1,27,19,2675,1875
50um-027-020,1,27,20,2675,1975
50um-027-021,1,27,21,2675,2075
50um-027-022,1,27,22,2675,2175
50um-027-023,1,27,23,2675,2275
50um-027-024,1,27,24,2675,2375
50um-027-025,1,27,25,2675,2475
50um-027-026,1,27,26,2675,2575
50um-027-027,1,27,27,2675,2675
50um-027-028,1,27,28,2675,2775
50um-027-029,1,27,29,2675,2875
50um-027-030,1,27,30,2675,2975
50um-027-031,1,27,31,2675,3075
50um-027-032,1,27,32,2675,3175
50um-027-033,1,27,33,2675,3275
50um-027-034,1,27,34,2675,3375
50um-027-035,1,27,35,2675,3475
50um-027-036,1,27,36,2675,3575
50um-027-037,1,27,37,2675,3675
50um-027-038,1,27,38,2675,3775
50um-027-039,1,27,39,2675,3875
50um-027-040,1,27,40,2675,3975
50um-027-041,1,27,41,2675,4075
50um-027-042,1,27,42,2675,4175
50um-027-043,1,27,43,2675,4275
50um-027-044,1,27,44,2675,4375
50um-027-045,1,27,45,2675,4475
50um-027-046,1,27,46,2675,4575
50um-027-047,1,27,47,2675,4675
50um-027-048,1,27,48,2675,4775
50um-027-049,1,27,49,2675,4875
50um-027-050,1,27,50,2675,4975
50um-027-051,1,27,51,2675,5075
50um-027-052,1,27,52,2675,5175
50um-027-053,1,27,53,2675,5275
50um-027-054,1,27,54,2675,5375
50um-027-055,1,27,55,2675,5475
50um-027-056,1,27,56,2675,5575
50um-027-057,1,27,57,2675,5675
50um-027-058,1,27,58,2675,5775
50um-027-059,1,27,59,2675,5875
50um-027-060,1,27,60,2675,5975
50um-027-061,1,27,61,2675,6075
50um-027-062,1,27,62,2675,6175
50um-027-063,1,27,63,2675,6275
50um-027-064,1,27,64,2675,6375
50um-028-001,1,28,1,2775,75
50um-028-002,1,28,2,2775,175
50um-028-003,1,28,3,2775,275
50um-028-004,1,28,4,2775,375
50um-028-005,1,28,5,2775,475
50um-028-006,1,28,6,2775,575
50um-028-007,1,28,7,2775,675
50um-028-008,1,28,8,2775,775
50um-028-009,1,28,9,2775,875
50um-028-010,1,28,10,2775,975
50um-028-011,1,28,11,2775,1075
50um-028-012,1,28,12,2775,1175
50um-028-013,1,28,13,2775,1275
50um-028-014,1,28,14,2775,1375
50um-028-015,1,28,15,2775,1475
50um-028-016,1,28,16,2775,1575
50um-028-017,1,28,17,2775,1675
50um-028-018,1,28,18,2775,1775
50um-028-019,1,28,19,2775,1875
50um-028-020,1,28,20,2775,1975
50um-028-021,1,28,21,2775,2075
50um-028-022,1,28,22,2775,2175
50um-028-023,1,28,23,2775,2275
50um-028-024,1,28,24,2775,2375
50um-028-025,1,28,25,2775,2475
50um-028-026,1,28,26,2775,2575
50um-028-027,1,28,27,2775,2675
50um-028-028,1,28,28,2775,2775
50um-028-029,1,28,29,2775,2875
50um-028-030,1,28,30,2775,2975
50um-028-031,1,28,31,2775,3075
50um-028-032,1,28,32,2775,3175
50um-028-033,1,28,33,2775,3275
50um-028-034,1,28,34,2775,3375
50um-028-035,1,28,35,2775,3475
50um-028-036,1,28,36,2775,3575
50um-028-037,1,28,37,2775,3675
50um-028-038,1,28,38,2775,3775
50um-028-039,1,28,39,2775,3875
50um-028-040,1,28,40,2775,3975
50um-028-041,1,28,41,2775,4075
50um-028-042,1,28,42,2775,4175
50um-028-043,1,28,43,2775,4275
50um-028-044,1,28,44,2775,4375
50um-028-045,1,28,45,2775,4475
50um-028-046,1,28,46,2775,4575
50um-028-047,1,28,47,2775,4675
50um-028-048,1,28,48,2775,4775
50um-028-049,1,28,49,2775,4875
50um-028-050,1,28,50,2775,4975
50um-028-051,1,28,51,2775,5075
50um-028-052,1,28,52,2775,5175
50um-028-053,1,28,53,2775,5275
50um-028-054,1,28,54,2775,5375
50um-028-055,1,28,55,2775,5475
50um-028-056,1,28,56,2775,5575
50um-028-057,1,28,57,2775,5675
50um-028-058,1,28,58,2775,5775
50um-028-059,1,28,59,2775,5875
50um-028-060,1,28,60,2775,5975
50um-028-061,1,28,61,2775,6075
50um-028-062,1,28,62,2775,6175
50um-028-063,1,28,63,2775,6275
50um-028-064,1,28,64,2775,6375
50um-029-001,1,29,1,2875,75
50um-029-002,1,29,2,2875,175
50um-029-003,1,29,3,2875,275
50um-029-004,1,29,4,2875,375
50um-029-005,1,29,5,2875,475
50um-029-006,1,29,6,2875,575
50um-029-007,1,29,7,2875,675
50um-029-008,1,29,8,2875,775
50um-029-009,1,29,9,2875,875
50um-029-010,1,29,10,2875,975
50um-029-011,1,29,11,2875,1075
50um-029-012,1,29,12,2875,1175
50um-029-013,1,29,13,2875,1275
50um-029-014,1,29,14,2875,1375
50um-029-015,1,29,15,2875,1475
50um-029-016,1,29,16,2875,1575
50um-029-017,1,29,17,2875,1675
50um-029-018,1,29,18,2875,1775
50um-029-019,1,29,19,2875,1875
50um-029-020,1,29,20,2875,1975
50um-029-021,1,29,21,2875,2075
50um-029-022,1,29,22,2875,2175
50um-029-023,1,29,23,2875,2275
50um-029-024,1,29,24,2875,2375
50um-029-025,1,29,25,2875,2475
50um-029-026,1,29,26,2875,2575
50um-029-027,1,29,27,2875,2675
50um-029-028,1,29,28,2875,2775
50um-029-029,1,29,29,2875,2875
50um-029-030,1,29,30,2875,2975
50um-029-031,1,29,31,2875,3075
50um-029-032,1,29,32,2875,3175
50um-029-033,1,29,33,2875,3275
50um-029-034,1,29,34,2875,3375
50um-029-035,1,29,35,2875,3475
50um-029-036,1,29,36,2875,3575
50um-029-037,1,29,37,2875,3675
50um-029-038,1,29,38,2875,3775
50um-029-039,1,29,39,2875,3875
50um-029-040,1,29,40,2875,3975
50um-029-041,1,29,41,2875,4075
50um-029-042,1,29,42,2875,4175
50um-029-043,1,29,43,2875,4275
50um-029-044,1,29,44,2875,4375
50um-029-045,1,29,45,2875,4475
50um-029-046,1,29,46,2875,4575
50um-029-047,1,29,47,2875,4675
50um-029-048,1,29,48,2875,4775
50um-029-049,1,29,49,2875,4875
50um-029-050,1,29,50,2875,4975
50um-029-051,1,29,51,2875,5075
50um-029-052,1,29,52,2875,5175
50um-029-053,1,29,53,2875,5275
50um-029-054,1,29,54,2875,5375
50um-029-055,1,29,55,2875,5475
50um-029-056,1,29,56,2875,5575
50um-029-057,1,29,57,2875,5675
50um-029-058,1,29,58,2875,5775
50um-029-059,1,29,59,2875,5875
50um-029-060,1,29,60,2875,5975
50um-029-061,1,29,61,2875,6075
50um-029-062,1,29,62,2875,6175
50um-029-063,1,29,63,2875,6275
50um-029-064,1,29,64,2875,6375
50um-030-001,1,30,1,2975,75
50um-030-002,1,30,2,2975,175
50um-030-003,1,30,3,2975,275
50um-030-004,1,30,4,2975,375
50um-030-005,1,30,5,2975,475
50um-030-006,1,30,6,2975,575
50um-030-007,1,30,7,2975,675
50um-030-008,1,30,8,2975,775
50um-030-009,1,30,9,2975,875
50um-030-010,1,30,10,2975,975
50um-030-011,1,30,11,2975,1075
50um-030-012,1,30,12,2975,1175
50um-030-013,1,30,13,2975,1275
50um-030-014,1,30,14,2975,1375
50um-030-015,1,30,15,2975,1475
50um-030-016,1,30,16,2975,1575
50um-030-017,1,30,17,2975,1675
50um-030-018,1,30,18,2975,1775
50um-030-019,1,30,19,2975,1875
50um-030-020,1,30,20,2975,1975
50um-030-021,1,30,21,2975,2075
50um-030-022,1,30,22,2975,2175
50um-030-023,1,30,23,2975,2275
50um-030-024,1,30,24,2975,2375
50um-030-025,1,30,25,2975,2475
50um-030-026,1,30,26,2975,2575
50um-030-027,1,30,27,2975,2675
50um-030-028,1,30,28,2975,2775
50um-030-029,1,30,29,2975,2875
50um-030-030,1,30,30,2975,2975
50um-030-031,1,30,31,2975,3075
50um-030-032,1,30,32,2975,3175
50um-030-033,1,30,33,2975,3275
50um-030-034,1,30,34,2975,3375
50um-030-035,1,30,35,2975,3475
50um-030-036,1,30,36,2975,3575
50um-030-037,1,30,37,2975,3675
50um-030-038,1,30,38,2975,3775
50um-030-039,1,30,39,2975,3875
50um-030-040,1,30,40,2975,3975
50um-030-041,1,30,41,2975,4075
50um-030-042,1,30,42,2975,4175
50um-030-043,1,30,43,2975,4275
50um-030-044,1,30,44,2975,4375
50um-030-045,1,30,45,2975,4475
50um-030-046,1,30,46,2975,4575
50um-030-047,1,30,47,2975,4675
50um-030-048,1,30,48,2975,4775
50um-030-049,1,30,49,2975,4875
50um-030-050,1,30,50,2975,4975
50um-030-051,1,30,51,2975,5075
50um-030-052,1,30,52,2975,5175
50um-030-053,1,30,53,2975,5275
50um-030-054,1,30,54,2975,5375
50um-030-055,1,30,55,2975,5475
50um-030-056,1,30,56,2975,5575
50um-030-057,1,30,57,2975,5675
50um-030-058,1,30,58,2975,5775
50um-030-059,1,30,59,2975,5875
50um-030-060,1,30,60,2975,5975
50um-030-061,1,30,61,2975,6075
50um-030-062,1,30,62,2975,6175
50um-030-063,1,30,63,2975,6275
50um-030-064,1,30,64,2975,6375
50um-031-001,1,31,1,3075,75
50um-031-002,1,31,2,3075,175
50um-031-003,1,31,3,3075,275
50um-031-004,1,31,4,3075,375
50um-031-005,1,31,5,3075,475
50um-031-006,1,31,6,3075,575
50um-031-007,1,31,7,3075,675
50um-031-008,1,31,8,3075,775
50um-031-009,1,31,9,3075,875
50um-031-010,1,31,10,3075,975
50um-031-011,1,31,11,3075,1075
50um-031-012,1,31,12,3075,1175
50um-031-013,1,31,13,3075,1275
50um-031-014,1,31,14,3075,1375
50um-031-015,1,31,15,3075,1475
50um-031-016,1,31,16,3075,1575
50um-031-017,1,31,17,3075,1675
50um-031-018,1,31,18,3075,1775
50um-031-019,1,31,19,3075,1875
50um-031-020,1,31,20,3075,1975
50um-031-021,1,31,21,3075,2075
50um-031-022,1,31,22,3075,2175
50um-031-023,1,31,23,3075,2275
50um-031-024,1,31,24,3075,2375
50um-031-025,1,31,25,3075,2475
50um-031-026,1,31,26,3075,2575
50um-031-027,1,31,27,3075,2675
50um-031-028,1,31,28,3075,2775
50um-031-029,1,31,29,3075,2875
50um-031-030,1,31,30,3075,2975
50um-031-031,1,31,31,3075,3075
50um-031-032,1,31,32,3075,3175
50um-031-033,1,31,33,3075,3275
50um-031-034,1,31,34,3075,3375
50um-031-035,1,31,35,3075,3475
50um-031-036,1,31,36,3075,3575
50um-031-037,1,31,37,3075,3675
50um-031-038,1,31,38,3075,3775
50um-031-039,1,31,39,3075,3875
50um-031-040,1,31,40,3075,3975
50um-031-041,1,31,41,3075,4075
50um-031-042,1,31,42,3075,4175
50um-031-043,1,31,43,3075,4275
50um-031-044,1,31,44,3075,4375
50um-031-045,1,31,45,3075,4475
50um-031-046,1,31,46,3075,4575
50um-031-047,1,31,47,3075,4675
50um-031-048,1,31,48,3075,4775
50um-031-049,1,31,49,3075,4875
50um-031-050,1,31,50,3075,4975
50um-031-051,1,31,51,3075,5075
50um-031-052,1,31,52,3075,5175
50um-031-053,1,31,53,3075,5275
50um-031-054,1,31,54,3075,5375
50um-031-055,1,31,55,3075,5475
50um-031-056,1,31,56,3075,5575
50um-031-057,1,31,57,3075,5675
50um-031-058,1,31,58,3075,5775
50um-031-059,1,31,59,3075,5875
50um-031-060,1,31,60,3075,5975
50um-031-061,1,31,61,3075,6075
50um-031-062,1,31,62,3075,6175
50um-031-063,1,31,63,3075,6275
50um-031-064,1,31,64,3075,6375
50um-032-001,1,32,1,3175,75
50um-032-002,1,32,2,3175,175
50um-032-003,1,32,3,3175,275
50um-032-004,1,32,4,3175,375
50um-032-005,1,32,5,3175,475
50um-032-006,1,32,6,3175,575
50um-032-007,1,32,7,3175,675
50um-032-008,1,32,8,3175,775
50um-032-009,1,32,9,3175,875
50um-032-010,1,32,10,3175,975
50um-032-011,1,32,11,3175,1075
50um-032-012,1,32,12,3175,1175
50um-032-013,1,32,13,3175,1275
50um-032-014,1,32,14,3175,1375
50um-032-015,1,32,15,3175,1475
50um-032-016,1,32,16,3175,1575
50um-032-017,1,32,17,3175,1675
50um-032-018,1,32,18,3175,1775
50um-032-019,1,32,19,3175,1875
50um-032-020,1,32,20,3175,1975
50um-032-021,1,32,21,3175,2075
50um-032-022,1,32,22,3175,2175
50um-032-023,1,32,23,3175,2275
50um-032-024,1,32,24,3175,2375
50um-032-025,1,32,25,3175,2475
50um-032-026,1,32,26,3175,2575
50um-032-027,1,32,27,3175,2675
50um-032-028,1,32,28,3175,2775
50um-032-029,1,32,29,3175,2875
50um-032-030,1,32,30,3175,2975
50um-032-031,1,32,31,3175,3075
50um-032-032,1,32,32,3175,3175
50um-032-033,1,32,33,3175,3275
50um-032-034,1,32,34,3175,3375
50um-032-035,1,32,35,3175,3475
50um-032-036,1,32,36,3175,3575
50um-032-037,1,32,37,3175,3675
50um-032-038,1,32,38,3175,3775
50um-032-039,1,32,39,3175,3875
50um-032-040,1,32,40,3175,3975
50um-032-041,1,32,41,3175,4075
50um-032-042,1,32,42,3175,4175
50um-032-043,1,32,43,3175,4275
50um-032-044,1,32,44,3175,4375
50um-032-045,1,32,45,3175,4475
50um-032-046,1,32,46,3175,4575
50um-032-047,1,32,47,3175,4675
50um-032-048,1,32,48,3175,4775
50um-032-049,1,32,49,3175,4875
50um-032-050,1,32,50,3175,4975
50um-032-051,1,32,51,3175,5075
50um-032-052,1,32,52,3175,5175
50um-032-053,1,32,53,3175,5275
50um-032-054,1,32,54,3175,5375
50um-032-055,1,32,55,3175,5475
50um-032-056,1,32,56,3175,5575
50um-032-057,1,32,57,3175,5675
50um-032-058,1,32,58,3175,5775
50um-032-059,1,32,59,3175,5875
50um-032-060,1,32,60,3175,5975
50um-032-061,1,32,61,3175,6075
50um-032-062,1,32,62,3175,6175
50um-032-063,1,32,63,3175,6275
50um-032-064,1,32,64,3175,6375
50um-033-001,1,33,1,3275,75
50um-033-002,1,33,2,3275,175
50um-033-003,1,33,3,3275,275
50um-033-004,1,33,4,3275,375
50um-033-005,1,33,5,3275,475
50um-033-006,1,33,6,3275,575
50um-033-007,1,33,7,3275,675
50um-033-008,1,33,8,3275,775
50um-033-009,1,33,9,3275,875
50um-033-010,1,33,10,3275,975
50um-033-011,1,33,11,3275,1075
50um-033-012,1,33,12,3275,1175
50um-033-013,1,33,13,3275,1275
50um-033-014,1,33,14,3275,1375
50um-033-015,1,33,15,3275,1475
50um-033-016,1,33,16,3275,1575
50um-033-017,1,33,17,3275,1675
50um-033-018,1,33,18,3275,1775
50um-033-019,1,33,19,3275,1875
50um-033-020,1,33,20,3275,1975
50um-033-021,1,33,21,3275,2075
50um-033-022,1,33,22,3275,2175
50um-033-023,1,33,23,3275,2275
50um-033-024,1,33,24,3275,2375
50um-033-025,1,33,25,3275,2475
50um-033-026,1,33,26,3275,2575
50um-033-027,1,33,27,3275,2675
50um-033-028,1,33,28,3275,2775
50um-033-029,1,33,29,3275,2875
50um-033-030,1,33,30,3275,2975
50um-033-031,1,33,31,3275,3075
50um-033-032,1,33,32,3275,3175
50um-033-033,1,33,33,3275,3275
50um-033-034,1,33,34,3275,3375
50um-033-035,1,33,35,3275,3475
50um-033-036,1,33,36,3275,3575
50um-033-037,1,33,37,3275,3675
50um-033-038,1,33,38,3275,3775
50um-033-039,1,33,39,3275,3875
50um-033-040,1,33,40,3275,3975
50um-033-041,1,33,41,3275,4075
50um-033-042,1,33,42,3275,4175
50um-033-043,1,33,43,3275,4275
50um-033-044,1,33,44,3275,4375
50um-033-045,1,33,45,3275,4475
50um-033-046,1,33,46,3275,4575
50um-033-047,1,33,47,3275,4675
50um-033-048,1,33,48,3275,4775
50um-033-049,1,33,49,3275,4875
50um-033-050,1,33,50,3275,4975
50um-033-051,1,33,51,3275,5075
50um-033-052,1,33,52,3275,5175
50um-033-053,1,33,53,3275,5275
50um-033-054,1,33,54,3275,5375
50um-033-055,1,33,55,3275,5475
50um-033-056,1,33,56,3275,5575
50um-033-057,1,33,57,3275,5675
50um-033-058,1,33,58,3275,5775
50um-033-059,1,33,59,3275,5875
50um-033-060,1,33,60,3275,5975
50um-033-061,1,33,61,3275,6075
50um-033-062,1,33,62,3275,6175
50um-033-063,1,33,63,3275,6275
50um-033-064,1,33,64,3275,6375
50um-034-001,1,34,1,3375,75
50um-034-002,1,34,2,3375,175
50um-034-003,1,34,3,3375,275
50um-034-004,1,34,4,3375,375
50um-034-005,1,34,5,3375,475
50um-034-006,1,34,6,3375,575
50um-034-007,1,34,7,3375,675
50um-034-008,1,34,8,3375,775
50um-034-009,1,34,9,3375,875
50um-034-010,1,34,10,3375,975
50um-034-011,1,34,11,3375,1075
50um-034-012,1,34,12,3375,1175
50um-034-013,1,34,13,3375,1275
50um-034-014,1,34,14,3375,1375
50um-034-015,1,34,15,3375,1475
50um-034-016,1,34,16,3375,1575
50um-034-017,1,34,17,3375,1675
50um-034-018,1,34,18,3375,1775
50um-034-019,1,34,19,3375,1875
50um-034-020,1,34,20,3375,1975
50um-034-021,1,34,21,3375,2075
50um-034-022,1,34,22,3375,2175
50um-034-023,1,34,23,3375,2275
50um-034-024,1,34,24,3375,2375
50um-034-025,1,34,25,3375,2475
50um-034-026,1,34,26,3375,2575
50um-034-027,1,34,27,3375,2675
50um-034-028,1,34,28,3375,2775
50um-034-029,1,34,29,3375,2875
50um-034-030,1,34,30,3375,2975
50um-034-031,1,34,31,3375,3075
50um-034-032,1,34,32,3375,3175
50um-034-033,1,34,33,3375,3275
50um-034-034,1,34,34,3375,3375
50um-034-035,1,34,35,3375,3475
50um-034-036,1,34,36,3375,3575
50um-034-037,1,34,37,3375,3675
50um-034-038,1,34,38,3375,3775
50um-034-039,1,34,39,3375,3875
50um-034-040,1,34,40,3375,3975
50um-034-041,1,34,41,3375,4075
50um-034-042,1,34,42,3375,4175
50um-034-043,1,34,43,3375,4275
50um-034-044,1,34,44,3375,4375
50um-034-045,1,34,45,3375,4475
50um-034-046,1,34,46,3375,4575
50um-034-047,1,34,47,3375,4675
50um-034-048,1,34,48,3375,4775
50um-034-049,1,34,49,3375,4875
50um-034-050,1,34,50,3375,4975
50um-034-051,1,34,51,3375,5075
50um-034-052,1,34,52,3375,5175
50um-034-053,1,34,53,3375,5275
50um-034-054,1,34,54,3375,5375
50um-034-055,1,34,55,3375,5475
50um-034-056,1,34,56,3375,5575
50um-034-057,1,34,57,3375,5675
50um-034-058,1,34,58,3375,5775
50um-034-059,1,34,59,3375,5875
50um-034-060,1,34,60,3375,5975
50um-034-061,1,34,61,3375,6075
50um-034-062,1,34,62,3375,6175
50um-034-063,1,34,63,3375,6275
50um-034-064,1,34,64,3375,6375
50um-035-001,1,35,1,3475,75
50um-035-002,1,35,2,3475,175
50um-035-003,1,35,3,3475,275
50um-035-004,1,35,4,3475,375
50um-035-005,1,35,5,3475,475
50um-035-006,1,35,6,3475,575
50um-035-007,1,35,7,3475,675
50um-035-008,1,35,8,3475,775
50um-035-009,1,35,9,3475,875
50um-035-010,1,35,10,3475,975
50um-035-011,1,35,11,3475,1075
50um-035-012,1,35,12,3475,1175
50um-035-013,1,35,13,3475,1275
50um-035-014,1,35,14,3475,1375
50um-035-015,1,35,15,3475,1475
50um-035-016,1,35,16,3475,1575
50um-035-017,1,35,17,3475,1675
50um-035-018,1,35,18,3475,1775
50um-035-019,1,35,19,3475,1875
50um-035-020,1,35,20,3475,1975
50um-035-021,1,35,21,3475,2075
50um-035-022,1,35,22,3475,2175
50um-035-023,1,35,23,3475,2275
50um-035-024,1,35,24,3475,2375
50um-035-025,1,35,25,3475,2475
50um-035-026,1,35,26,3475,2575
50um-035-027,1,35,27,3475,2675
50um-035-028,1,35,28,3475,2775
50um-035-029,1,35,29,3475,2875
50um-035-030,1,35,30,3475,2975
50um-035-031,1,35,31,3475,3075
50um-035-032,1,35,32,3475,3175
50um-035-033,1,35,33,3475,3275
50um-035-034,1,35,34,3475,3375
50um-035-035,1,35,35,3475,3475
50um-035-036,1,35,36,3475,3575
50um-035-037,1,35,37,3475,3675
50um-035-038,1,35,38,3475,3775
50um-035-039,1,35,39,3475,3875
50um-035-040,1,35,40,3475,3975
50um-035-041,1,35,41,3475,4075
50um-035-042,1,35,42,3475,4175
50um-035-043,1,35,43,3475,4275
50um-035-044,1,35,44,3475,4375
50um-035-045,1,35,45,3475,4475
50um-035-046,1,35,46,3475,4575
50um-035-047,1,35,47,3475,4675
50um-035-048,1,35,48,3475,4775
50um-035-049,1,35,49,3475,4875
50um-035-050,1,35,50,3475,4975
50um-035-051,1,35,51,3475,5075
50um-035-052,1,35,52,3475,5175
50um-035-053,1,35,53,3475,5275
50um-035-054,1,35,54,3475,5375
50um-035-055,1,35,55,3475,5475
50um-035-056,1,35,56,3475,5575
50um-035-057,1,35,57,3475,5675
50um-035-058,1,35,58,3475,5775
50um-035-059,1,35,59,3475,5875
50um-035-060,1,35,60,3475,5975
50um-035-061,1,35,61,3475,6075
50um-035-062,1,35,62,3475,6175
50um-035-063,1,35,63,3475,6275
50um-035-064,1,35,64,3475,6375
50um-036-001,1,36,1,3575,75
50um-036-002,1,36,2,3575,175
50um-036-003,1,36,3,3575,275
50um-036-004,1,36,4,3575,375
50um-036-005,1,36,5,3575,475
50um-036-006,1,36,6,3575,575
50um-036-007,1,36,7,3575,675
50um-036-008,1,36,8,3575,775
50um-036-009,1,36,9,3575,875
50um-036-010,1,36,10,3575,975
50um-036-011,1,36,11,3575,1075
50um-036-012,1,36,12,3575,1175
50um-036-013,1,36,13,3575,1275
50um-036-014,1,36,14,3575,1375
50um-036-015,1,36,15,3575,1475
50um-036-016,1,36,16,3575,1575
50um-036-017,1,36,17,3575,1675
50um-036-018,1,36,18,3575,1775
50um-036-019,1,36,19,3575,1875
50um-036-020,1,36,20,3575,1975
50um-036-021,1,36,21,3575,2075
50um-036-022,1,36,22,3575,2175
50um-036-023,1,36,23,3575,2275
50um-036-024,1,36,24,3575,2375
50um-036-025,1,36,25,3575,2475
50um-036-026,1,36,26,3575,2575
50um-036-027,1,36,27,3575,2675
50um-036-028,1,36,28,3575,2775
50um-036-029,1,36,29,3575,2875
50um-036-030,1,36,30,3575,2975
50um-036-031,1,36,31,3575,3075
50um-036-032,1,36,32,3575,3175
50um-036-033,1,36,33,3575,3275
50um-036-034,1,36,34,3575,3375
50um-036-035,1,36,35,3575,3475
50um-036-036,1,36,36,3575,3575
50um-036-037,1,36,37,3575,3675
50um-036-038,1,36,38,3575,3775
50um-036-039,1,36,39,3575,3875
50um-036-040,1,36,40,3575,3975
50um-036-041,1,36,41,3575,4075
50um-036-042,1,36,42,3575,4175
50um-036-043,1,36,43,3575,4275
50um-036-044,1,36,44,3575,4375
50um-036-045,1,36,45,3575,4475
50um-036-046,1,36,46,3575,4575
50um-036-047,1,36,47,3575,4675
50um-036-048,1,36,48,3575,4775
50um-036-049,1,36,49,3575,4875
50um-036-050,1,36,50,3575,4975
50um-036-051,1,36,51,3575,5075
50um-036-052,1,36,52,3575,5175
50um-036-053,1,36,53,3575,5275
50um-036-054,1,36,54,3575,5375
50um-036-055,1,36,55,3575,5475
50um-036-056,1,36,56,3575,5575
50um-036-057,1,36,57,3575,5675
50um-036-058,1,36,58,3575,5775
50um-036-059,1,36,59,3575,5875
50um-036-060,1,36,60,3575,5975
50um-036-061,1,36,61,3575,6075
50um-036-062,1,36,62,3575,6175
50um-036-063,1,36,63,3575,6275
50um-036-064,1,36,64,3575,6375
50um-037-001,1,37,1,3675,75
50um-037-002,1,37,2,3675,175
50um-037-003,1,37,3,3675,275
50um-037-004,1,37,4,3675,375
50um-037-005,1,37,5,3675,475
50um-037-006,1,37,6,3675,575
50um-037-007,1,37,7,3675,675
50um-037-008,1,37,8,3675,775
50um-037-009,1,37,9,3675,875
50um-037-010,1,37,10,3675,975
50um-037-011,1,37,11,3675,1075
50um-037-012,1,37,12,3675,1175
50um-037-013,1,37,13,3675,1275
50um-037-014,1,37,14,3675,1375
50um-037-015,1,37,15,3675,1475
50um-037-016,1,37,16,3675,1575
50um-037-017,1,37,17,3675,1675
50um-037-018,1,37,18,3675,1775
50um-037-019,1,37,19,3675,1875
50um-037-020,1,37,20,3675,1975
50um-037-021,1,37,21,3675,2075
50um-037-022,1,37,22,3675,2175
50um-037-023,1,37,23,3675,2275
50um-037-024,1,37,24,3675,2375
50um-037-025,1,37,25,3675,2475
50um-037-026,1,37,26,3675,2575
50um-037-027,1,37,27,3675,2675
50um-037-028,1,37,28,3675,2775
50um-037-029,1,37,29,3675,2875
50um-037-030,1,37,30,3675,2975
50um-037-031,1,37,31,3675,3075
50um-037-032,1,37,32,3675,3175
50um-037-033,1,37,33,3675,3275
50um-037-034,1,37,34,3675,3375
50um-037-035,1,37,35,3675,3475
50um-037-036,1,37,36,3675,3575
50um-037-037,1,37,37,3675,3675
50um-037-038,1,37,38,3675,3775
50um-037-039,1,37,39,3675,3875
50um-037-040,1,37,40,3675,3975
50um-037-041,1,37,41,3675,4075
50um-037-042,1,37,42,3675,4175
50um-037-043,1,37,43,3675,4275
50um-037-044,1,37,44,3675,4375
50um-037-045,1,37,45,3675,4475
50um-037-046,1,37,46,3675,4575
50um-037-047,1,37,47,3675,4675
50um-037-048,1,37,48,3675,4775
50um-037-049,1,37,49,3675,4875
50um-037-050,1,37,50,3675,4975
50um-037-051,1,37,51,3675,5075
50um-037-052,1,37,52,3675,5175
50um-037-053,1,37,53,3675,5275
50um-037-054,1,37,54,3675,5375
50um-037-055,1,37,55,3675,5475
50um-037-056,1,37,56,3675,5575
50um-037-057,1,37,57,3675,5675
50um-037-058,1,37,58,3675,5775
50um-037-059,1,37,59,3675,5875
50um-037-060,1,37,60,3675,5975
50um-037-061,1,37,61,3675,6075
50um-037-062,1,37,62,3675,6175
50um-037-063,1,37,63,3675,6275
50um-037-064,1,37,64,3675,6375
50um-038-001,1,38,1,3775,75
50um-038-002,1,38,2,3775,175
50um-038-003,1,38,3,3775,275
50um-038-004,1,38,4,3775,375
50um-038-005,1,38,5,3775,475
50um-038-006,1,38,6,3775,575
50um-038-007,1,38,7,3775,675
50um-038-008,1,38,8,3775,775
50um-038-009,1,38,9,3775,875
50um-038-010,1,38,10,3775,975
50um-038-011,1,38,11,3775,1075
50um-038-012,1,38,12,3775,1175
50um-038-013,1,38,13,3775,1275
50um-038-014,1,38,14,3775,1375
50um-038-015,1,38,15,3775,1475
50um-038-016,1,38,16,3775,1575
50um-038-017,1,38,17,3775,1675
50um-038-018,1,38,18,3775,1775
50um-038-019,1,38,19,3775,1875
50um-038-020,1,38,20,3775,1975
50um-038-021,1,38,21,3775,2075
50um-038-022,1,38,22,3775,2175
50um-038-023,1,38,23,3775,2275
50um-038-024,1,38,24,3775,2375
50um-038-025,1,38,25,3775,2475
50um-038-026,1,38,26,3775,2575
50um-038-027,1,38,27,3775,2675
50um-038-028,1,38,28,3775,2775
50um-038-029,1,38,29,3775,2875
50um-038-030,1,38,30,3775,2975
50um-038-031,1,38,31,3775,3075
50um-038-032,1,38,32,3775,3175
50um-038-033,1,38,33,3775,3275
50um-038-034,1,38,34,3775,3375
50um-038-035,1,38,35,3775,3475
50um-038-036,1,38,36,3775,3575
50um-038-037,1,38,37,3775,3675
50um-038-038,1,38,38,3775,3775
50um-038-039,1,38,39,3775,3875
50um-038-040,1,38,40,3775,3975
50um-038-041,1,38,41,3775,4075
50um-038-042,1,38,42,3775,4175
50um-038-043,1,38,43,3775,4275
50um-038-044,1,38,44,3775,4375
50um-038-045,1,38,45,3775,4475
50um-038-046,1,38,46,3775,4575
50um-038-047,1,38,47,3775,4675
50um-038-048,1,38,48,3775,4775
50um-038-049,1,38,49,3775,4875
50um-038-050,1,38,50,3775,4975
50um-038-051,1,38,51,3775,5075
50um-038-052,1,38,52,3775,5175
50um-038-053,1,38,53,3775,5275
50um-038-054,1,38,54,3775,5375
50um-038-055,1,38,55,3775,5475
50um-038-056,1,38,56,3775,5575
50um-038-057,1,38,57,3775,5675
50um-038-058,1,38,58,3775,5775
50um-038-059,1,38,59,3775,5875
50um-038-060,1,38,60,3775,5975
50um-038-061,1,38,61,3775,6075
50um-038-062,1,38,62,3775,6175
50um-038-063,1,38,63,3775,6275
50um-038-064,1,38,64,3775,6375
50um-039-001,1,39,1,3875,75
50um-039-002,1,39,2,3875,175
50um-039-003,1,39,3,3875,275
50um-039-004,1,39,4,3875,375
50um-039-005,1,39,5,3875,475
50um-039-006,1,39,6,3875,575
50um-039-007,1,39,7,3875,675
50um-039-008,1,39,8,3875,775
50um-039-009,1,39,9,3875,875
50um-039-010,1,39,10,3875,975
50um-039-011,1,39,11,3875,1075
50um-039-012,1,39,12,3875,1175
50um-039-013,1,39,13,3875,1275
50um-039-014,1,39,14,3875,1375
50um-039-015,1,39,15,3875,1475
50um-039-016,1,39,16,3875,1575
50um-039-017,1,39,17,3875,1675
50um-039-018,1,39,18,3875,1775
50um-039-019,1,39,19,3875,1875
50um-039-020,1,39,20,3875,1975
50um-039-021,1,39,21,3875,2075
50um-039-022,1,39,22,3875,2175
50um-039-023,1,39,23,3875,2275
50um-039-024,1,39,24,3875,2375
50um-039-025,1,39,25,3875,2475
50um-039-026,1,39,26,3875,2575
50um-039-027,1,39,27,3875,2675
50um-039-028,1,39,28,3875,2775
50um-039-029,1,39,29,3875,2875
50um-039-030,1,39,30,3875,2975
50um-039-031,1,39,31,3875,3075
50um-039-032,1,39,32,3875,3175
50um-039-033,1,39,33,3875,3275
50um-039-034,1,39,34,3875,3375
50um-039-035,1,39,35,3875,3475
50um-039-036,1,39,36,3875,3575
50um-039-037,1,39,37,3875,3675
50um-039-038,1,39,38,3875,3775
50um-039-039,1,39,39,3875,3875
50um-039-040,1,39,40,3875,3975
50um-039-041,1,39,41,3875,4075
50um-039-042,1,39,42,3875,4175
50um-039-043,1,39,43,3875,4275
50um-039-044,1,39,44,3875,4375
50um-039-045,1,39,45,3875,4475
50um-039-046,1,39,46,3875,4575
50um-039-047,1,39,47,3875,4675
50um-039-048,1,39,48,3875,4775
50um-039-049,1,39,49,3875,4875
50um-039-050,1,39,50,3875,4975
50um-039-051,1,39,51,3875,5075
50um-039-052,1,39,52,3875,5175
50um-039-053,1,39,53,3875,5275
50um-039-054,1,39,54,3875,5375
50um-039-055,1,39,55,3875,5475
50um-039-056,1,39,56,3875,5575
50um-039-057,1,39,57,3875,5675
50um-039-058,1,39,58,3875,5775
50um-039-059,1,39,59,3875,5875
50um-039-060,1,39,60,3875,5975
50um-039-061,1,39,61,3875,6075
50um-039-062,1,39,62,3875,6175
50um-039-063,1,39,63,3875,6275
50um-039-064,1,39,64,3875,6375
50um-040-001,1,40,1,3975,75
50um-040-002,1,40,2,3975,175
50um-040-003,1,40,3,3975,275
50um-040-004,1,40,4,3975,375
50um-040-005,1,40,5,3975,475
50um-040-006,1,40,6,3975,575
50um-040-007,1,40,7,3975,675
50um-040-008,1,40,8,3975,775
50um-040-009,1,40,9,3975,875
50um-040-010,1,40,10,3975,975
50um-040-011,1,40,11,3975,1075
50um-040-012,1,40,12,3975,1175
50um-040-013,1,40,13,3975,1275
50um-040-014,1,40,14,3975,1375
50um-040-015,1,40,15,3975,1475
50um-040-016,1,40,16,3975,1575
50um-040-017,1,40,17,3975,1675
50um-040-018,1,40,18,3975,1775
50um-040-019,1,40,19,3975,1875
50um-040-020,1,40,20,3975,1975
50um-040-021,1,40,21,3975,2075
50um-040-022,1,40,22,3975,2175
50um-040-023,1,40,23,3975,2275
50um-040-024,1,40,24,3975,2375
50um-040-025,1,40,25,3975,2475
50um-040-026,1,40,26,3975,2575
50um-040-027,1,40,27,3975,2675
50um-040-028,1,40,28,3975,2775
50um-040-029,1,40,29,3975,2875
50um-040-030,1,40,30,3975,2975
50um-040-031,1,40,31,3975,3075
50um-040-032,1,40,32,3975,3175
50um-040-033,1,40,33,3975,3275
50um-040-034,1,40,34,3975,3375
50um-040-035,1,40,35,3975,3475
50um-040-036,1,40,36,3975,3575
50um-040-037,1,40,37,3975,3675
50um-040-038,1,40,38,3975,3775
50um-040-039,1,40,39,3975,3875
50um-040-040,1,40,40,3975,3975
50um-040-041,1,40,41,3975,4075
50um-040-042,1,40,42,3975,4175
50um-040-043,1,40,43,3975,4275
50um-040-044,1,40,44,3975,4375
50um-040-045,1,40,45,3975,4475
50um-040-046,1,40,46,3975,4575
50um-040-047,1,40,47,3975,4675
50um-040-048,1,40,48,3975,4775
50um-040-049,1,40,49,3975,4875
50um-040-050,1,40,50,3975,4975
50um-040-051,1,40,51,3975,5075
50um-040-052,1,40,52,3975,5175
50um-040-053,1,40,53,3975,5275
50um-040-054,1,40,54,3975,5375
50um-040-055,1,40,55,3975,5475
50um-040-056,1,40,56,3975,5575
50um-040-057,1,40,57,3975,5675
50um-040-058,1,40,58,3975,5775
50um-040-059,1,40,59,3975,5875
50um-040-060,1,40,60,3975,5975
50um-040-061,1,40,61,3975,6075
50um-040-062,1,40,62,3975,6175
50um-040-063,1,40,63,3975,6275
50um-040-064,1,40,64,3975,6375
50um-041-001,1,41,1,4075,75
50um-041-002,1,41,2,4075,175
50um-041-003,1,41,3,4075,275
50um-041-004,1,41,4,4075,375
50um-041-005,1,41,5,4075,475
50um-041-006,1,41,6,4075,575
50um-041-007,1,41,7,4075,675
50um-041-008,1,41,8,4075,775
50um-041-009,1,41,9,4075,875
50um-041-010,1,41,10,4075,975
50um-041-011,1,41,11,4075,1075
50um-041-012,1,41,12,4075,1175
50um-041-013,1,41,13,4075,1275
50um-041-014,1,41,14,4075,1375
50um-041-015,1,41,15,4075,1475
50um-041-016,1,41,16,4075,1575
50um-041-017,1,41,17,4075,1675
50um-041-018,1,41,18,4075,1775
50um-041-019,1,41,19,4075,1875
50um-041-020,1,41,20,4075,1975
50um-041-021,1,41,21,4075,2075
50um-041-022,1,41,22,4075,2175
50um-041-023,1,41,23,4075,2275
50um-041-024,1,41,24,4075,2375
50um-041-025,1,41,25,4075,2475
50um-041-026,1,41,26,4075,2575
50um-041-027,1,41,27,4075,2675
50um-041-028,1,41,28,4075,2775
50um-041-029,1,41,29,4075,2875
50um-041-030,1,41,30,4075,2975
50um-041-031,1,41,31,4075,3075
50um-041-032,1,41,32,4075,3175
50um-041-033,1,41,33,4075,3275
50um-041-034,1,41,34,4075,3375
50um-041-035,1,41,35,4075,3475
50um-041-036,1,41,36,4075,3575
50um-041-037,1,41,37,4075,3675
50um-041-038,1,41,38,4075,3775
50um-041-039,1,41,39,4075,3875
50um-041-040,1,41,40,4075,3975
50um-041-041,1,41,41,4075,4075
50um-041-042,1,41,42,4075,4175
50um-041-043,1,41,43,4075,4275
50um-041-044,1,41,44,4075,4375
50um-041-045,1,41,45,4075,4475
50um-041-046,1,41,46,4075,4575
50um-041-047,1,41,47,4075,4675
50um-041-048,1,41,48,4075,4775
50um-041-049,1,41,49,4075,4875
50um-041-050,1,41,50,4075,4975
50um-041-051,1,41,51,4075,5075
50um-041-052,1,41,52,4075,5175
50um-041-053,1,41,53,4075,5275
50um-041-054,1,41,54,4075,5375
50um-041-055,1,41,55,4075,5475
50um-041-056,1,41,56,4075,5575
50um-041-057,1,41,57,4075,5675
50um-041-058,1,41,58,4075,5775
50um-041-059,1,41,59,4075,5875
50um-041-060,1,41,60,4075,5975
50um-041-061,1,41,61,4075,6075
50um-041-062,1,41,62,4075,6175
50um-041-063,1,41,63,4075,6275
50um-041-064,1,41,64,4075,6375
50um-042-001,1,42,1,4175,75
50um-042-002,1,42,2,4175,175
50um-042-003,1,42,3,4175,275
50um-042-004,1,42,4,4175,375
50um-042-005,1,42,5,4175,475
50um-042-006,1,42,6,4175,575
50um-042-007,1,42,7,4175,675
50um-042-008,1,42,8,4175,775
50um-042-009,1,42,9,4175,875
50um-042-010,1,42,10,4175,975
50um-042-011,1,42,11,4175,1075
50um-042-012,1,42,12,4175,1175
50um-042-013,1,42,13,4175,1275
50um-042-014,1,42,14,4175,1375
50um-042-015,1,42,15,4175,1475
50um-042-016,1,42,16,4175,1575
50um-042-017,1,42,17,4175,1675
50um-042-018,1,42,18,4175,1775
50um-042-019,1,42,19,4175,1875
50um-042-020,1,42,20,4175,1975
50um-042-021,1,42,21,4175,2075
50um-042-022,1,42,22,4175,2175
50um-042-023,1,42,23,4175,2275
50um-042-024,1,42,24,4175,2375
50um-042-025,1,42,25,4175,2475
50um-042-026,1,42,26,4175,2575
50um-042-027,1,42,27,4175,2675
50um-042-028,1,42,28,4175,2775
50um-042-029,1,42,29,4175,2875
50um-042-030,1,42,30,4175,2975
50um-042-031,1,42,31,4175,3075
50um-042-032,1,42,32,4175,3175
50um-042-033,1,42,33,4175,3275
50um-042-034,1,42,34,4175,3375
50um-042-035,1,42,35,4175,3475
50um-042-036,1,42,36,4175,3575
50um-042-037,1,42,37,4175,3675
50um-042-038,1,42,38,4175,3775
50um-042-039,1,42,39,4175,3875
50um-042-040,1,42,40,4175,3975
50um-042-041,1,42,41,4175,4075
50um-042-042,1,42,42,4175,4175
50um-042-043,1,42,43,4175,4275
50um-042-044,1,42,44,4175,4375
50um-042-045,1,42,45,4175,4475
50um-042-046,1,42,46,4175,4575
50um-042-047,1,42,47,4175,4675
50um-042-048,1,42,48,4175,4775
50um-042-049,1,42,49,4175,4875
50um-042-050,1,42,50,4175,4975
50um-042-051,1,42,51,4175,5075
50um-042-052,1,42,52,4175,5175
50um-042-053,1,42,53,4175,5275
50um-042-054,1,42,54,4175,5375
50um-042-055,1,42,55,4175,5475
50um-042-056,1,42,56,4175,5575
50um-042-057,1,42,57,4175,5675
50um-042-058,1,42,58,4175,5775
50um-042-059,1,42,59,4175,5875
50um-042-060,1,42,60,4175,5975
50um-042-061,1,42,61,4175,6075
50um-042-062,1,42,62,4175,6175
50um-042-063,1,42,63,4175,6275
50um-042-064,1,42,64,4175,6375
50um-043-001,1,43,1,4275,75
50um-043-002,1,43,2,4275,175
50um-043-003,1,43,3,4275,275
50um-043-004,1,43,4,4275,375
50um-043-005,1,43,5,4275,475
50um-043-006,1,43,6,4275,575
50um-043-007,1,43,7,4275,675
50um-043-008,1,43,8,4275,775
50um-043-009,1,43,9,4275,875
50um-043-010,1,43,10,4275,975
50um-043-011,1,43,11,4275,1075
50um-043-012,1,43,12,4275,1175
50um-043-013,1,43,13,4275,1275
50um-043-014,1,43,14,4275,1375
50um-043-015,1,43,15,4275,1475
50um-043-016,1,43,16,4275,1575
50um-043-017,1,43,17,4275,1675
50um-043-018,1,43,18,4275,1775
50um-043-019,1,43,19,4275,1875
50um-043-020,1,43,20,4275,1975
50um-043-021,1,43,21,4275,2075
50um-043-022,1,43,22,4275,2175
50um-043-023,1,43,23,4275,2275
50um-043-024,1,43,24,4275,2375
50um-043-025,1,43,25,4275,2475
50um-043-026,1,43,26,4275,2575
50um-043-027,1,43,27,4275,2675
50um-043-028,1,43,28,4275,2775
50um-043-029,1,43,29,4275,2875
50um-043-030,1,43,30,4275,2975
50um-043-031,1,43,31,4275,3075
50um-043-032,1,43,32,4275,3175
50um-043-033,1,43,33,4275,3275
50um-043-034,1,43,34,4275,3375
50um-043-035,1,43,35,4275,3475
50um-043-036,1,43,36,4275,3575
50um-043-037,1,43,37,4275,3675
50um-043-038,1,43,38,4275,3775
50um-043-039,1,43,39,4275,3875
50um-043-040,1,43,40,4275,3975
50um-043-041,1,43,41,4275,4075
50um-043-042,1,43,42,4275,4175
50um-043-043,1,43,43,4275,4275
50um-043-044,1,43,44,4275,4375
50um-043-045,1,43,45,4275,4475
50um-043-046,1,43,46,4275,4575
50um-043-047,1,43,47,4275,4675
50um-043-048,1,43,48,4275,4775
50um-043-049,1,43,49,4275,4875
50um-043-050,1,43,50,4275,4975
50um-043-051,1,43,51,4275,5075
50um-043-052,1,43,52,4275,5175
50um-043-053,1,43,53,4275,5275
50um-043-054,1,43,54,4275,5375
50um-043-055,1,43,55,4275,5475
50um-043-056,1,43,56,4275,5575
50um-043-057,1,43,57,4275,5675
50um-043-058,1,43,58,4275,5775
50um-043-059,1,43,59,4275,5875
50um-043-060,1,43,60,4275,5975
50um-043-061,1,43,61,4275,6075
50um-043-062,1,43,62,4275,6175
50um-043-063,1,43,63,4275,6275
50um-043-064,1,43,64,4275,6375
50um-044-001,1,44,1,4375,75
50um-044-002,1,44,2,4375,175
50um-044-003,1,44,3,4375,275
50um-044-004,1,44,4,4375,375
50um-044-005,1,44,5,4375,475
50um-044-006,1,44,6,4375,575
50um-044-007,1,44,7,4375,675
50um-044-008,1,44,8,4375,775
50um-044-009,1,44,9,4375,875
50um-044-010,1,44,10,4375,975
50um-044-011,1,44,11,4375,1075
50um-044-012,1,44,12,4375,1175
50um-044-013,1,44,13,4375,1275
50um-044-014,1,44,14,4375,1375
50um-044-015,1,44,15,4375,1475
50um-044-016,1,44,16,4375,1575
50um-044-017,1,44,17,4375,1675
50um-044-018,1,44,18,4375,1775
50um-044-019,1,44,19,4375,1875
50um-044-020,1,44,20,4375,1975
50um-044-021,1,44,21,4375,2075
50um-044-022,1,44,22,4375,2175
50um-044-023,1,44,23,4375,2275
50um-044-024,1,44,24,4375,2375
50um-044-025,1,44,25,4375,2475
50um-044-026,1,44,26,4375,2575
50um-044-027,1,44,27,4375,2675
50um-044-028,1,44,28,4375,2775
50um-044-029,1,44,29,4375,2875
50um-044-030,1,44,30,4375,2975
50um-044-031,1,44,31,4375,3075
50um-044-032,1,44,32,4375,3175
50um-044-033,1,44,33,4375,3275
50um-044-034,1,44,34,4375,3375
50um-044-035,1,44,35,4375,3475
50um-044-036,1,44,36,4375,3575
50um-044-037,1,44,37,4375,3675
50um-044-038,1,44,38,4375,3775
50um-044-039,1,44,39,4375,3875
50um-044-040,1,44,40,4375,3975
50um-044-041,1,44,41,4375,4075
50um-044-042,1,44,42,4375,4175
50um-044-043,1,44,43,4375,4275
50um-044-044,1,44,44,4375,4375
50um-044-045,1,44,45,4375,4475
50um-044-046,1,44,46,4375,4575
50um-044-047,1,44,47,4375,4675
50um-044-048,1,44,48,4375,4775
50um-044-049,1,44,49,4375,4875
50um-044-050,1,44,50,4375,4975
50um-044-051,1,44,51,4375,5075
50um-044-052,1,44,52,4375,5175
50um-044-053,1,44,53,4375,5275
50um-044-054,1,44,54,4375,5375
50um-044-055,1,44,55,4375,5475
50um-044-056,1,44,56,4375,5575
50um-044-057,1,44,57,4375,5675
50um-044-058,1,44,58,4375,5775
50um-044-059,1,44,59,4375,5875
50um-044-060,1,44,60,4375,5975
50um-044-061,1,44,61,4375,6075
50um-044-062,1,44,62,4375,6175
50um-044-063,1,44,63,4375,6275
50um-044-064,1,44,64,4375,6375
50um-045-001,1,45,1,4475,75
50um-045-002,1,45,2,4475,175
50um-045-003,1,45,3,4475,275
50um-045-004,1,45,4,4475,375
50um-045-005,1,45,5,4475,475
50um-045-006,1,45,6,4475,575
50um-045-007,1,45,7,4475,675
50um-045-008,1,45,8,4475,775
50um-045-009,1,45,9,4475,875
50um-045-010,1,45,10,4475,975
50um-045-011,1,45,11,4475,1075
50um-045-012,1,45,12,4475,1175
50um-045-013,1,45,13,4475,1275
50um-045-014,1,45,14,4475,1375
50um-045-015,1,45,15,4475,1475
50um-045-016,1,45,16,4475,1575
50um-045-017,1,45,17,4475,1675
50um-045-018,1,45,18,4475,1775
50um-045-019,1,45,19,4475,1875
50um-045-020,1,45,20,4475,1975
50um-045-021,1,45,21,4475,2075
50um-045-022,1,45,22,4475,2175
50um-045-023,1,45,23,4475,2275
50um-045-024,1,45,24,4475,2375
50um-045-025,1,45,25,4475,2475
50um-045-026,1,45,26,4475,2575
50um-045-027,1,45,27,4475,2675
50um-045-028,1,45,28,4475,2775
50um-045-029,1,45,29,4475,2875
50um-045-030,1,45,30,4475,2975
50um-045-031,1,45,31,4475,3075
50um-045-032,1,45,32,4475,3175
50um-045-033,1,45,33,4475,3275
50um-045-034,1,45,34,4475,3375
50um-045-035,1,45,35,4475,3475
50um-045-036,1,45,36,4475,3575
50um-045-037,1,45,37,4475,3675
50um-045-038,1,45,38,4475,3775
50um-045-039,1,45,39,4475,3875
50um-045-040,1,45,40,4475,3975
50um-045-041,1,45,41,4475,4075
50um-045-042,1,45,42,4475,4175
50um-045-043,1,45,43,4475,4275
50um-045-044,1,45,44,4475,4375
50um-045-045,1,45,45,4475,4475
50um-045-046,1,45,46,4475,4575
50um-045-047,1,45,47,4475,4675
50um-045-048,1,45,48,4475,4775
50um-045-049,1,45,49,4475,4875
50um-045-050,1,45,50,4475,4975
50um-045-051,1,45,51,4475,5075
50um-045-052,1,45,52,4475,5175
50um-045-053,1,45,53,4475,5275
50um-045-054,1,45,54,4475,5375
50um-045-055,1,45,55,4475,5475
50um-045-056,1,45,56,4475,5575
50um-045-057,1,45,57,4475,5675
50um-045-058,1,45,58,4475,5775
50um-045-059,1,45,59,4475,5875
50um-045-060,1,45,60,4475,5975
50um-045-061,1,45,61,4475,6075
50um-045-062,1,45,62,4475,6175
50um-045-063,1,45,63,4475,6275
50um-045-064,1,45,64,4475,6375
50um-046-001,1,46,1,4575,75
50um-046-002,1,46,2,4575,175
50um-046-003,1,46,3,4575,275
50um-046-004,1,46,4,4575,375
50um-046-005,1,46,5,4575,475
50um-046-006,1,46,6,4575,575
50um-046-007,1,46,7,4575,675
50um-046-008,1,46,8,4575,775
50um-046-009,1,46,9,4575,875
50um-046-010,1,46,10,4575,975
50um-046-011,1,46,11,4575,1075
50um-046-012,1,46,12,4575,1175
50um-046-013,1,46,13,4575,1275
50um-046-014,1,46,14,4575,1375
50um-046-015,1,46,15,4575,1475
50um-046-016,1,46,16,4575,1575
50um-046-017,1,46,17,4575,1675
50um-046-018,1,46,18,4575,1775
50um-046-019,1,46,19,4575,1875
50um-046-020,1,46,20,4575,1975
50um-046-021,1,46,21,4575,2075
50um-046-022,1,46,22,4575,2175
50um-046-023,1,46,23,4575,2275
50um-046-024,1,46,24,4575,2375
50um-046-025,1,46,25,4575,2475
50um-046-026,1,46,26,4575,2575
50um-046-027,1,46,27,4575,2675
50um-046-028,1,46,28,4575,2775
50um-046-029,1,46,29,4575,2875
50um-046-030,1,46,30,4575,2975
50um-046-031,1,46,31,4575,3075
50um-046-032,1,46,32,4575,3175
50um-046-033,1,46,33,4575,3275
50um-046-034,1,46,34,4575,3375
50um-046-035,1,46,35,4575,3475
50um-046-036,1,46,36,4575,3575
50um-046-037,1,46,37,4575,3675
50um-046-038,1,46,38,4575,3775
50um-046-039,1,46,39,4575,3875
50um-046-040,1,46,40,4575,3975
50um-046-041,1,46,41,4575,4075
50um-046-042,1,46,42,4575,4175
50um-046-043,1,46,43,4575,4275
50um-046-044,1,46,44,4575,4375
50um-046-045,1,46,45,4575,4475
50um-046-046,1,46,46,4575,4575
50um-046-047,1,46,47,4575,4675
50um-046-048,1,46,48,4575,4775
50um-046-049,1,46,49,4575,4875
50um-046-050,1,46,50,4575,4975
50um-046-051,1,46,51,4575,5075
50um-046-052,1,46,52,4575,5175
50um-046-053,1,46,53,4575,5275
50um-046-054,1,46,54,4575,5375
50um-046-055,1,46,55,4575,5475
50um-046-056,1,46,56,4575,5575
50um-046-057,1,46,57,4575,5675
50um-046-058,1,46,58,4575,5775
50um-046-059,1,46,59,4575,5875
50um-046-060,1,46,60,4575,5975
50um-046-061,1,46,61,4575,6075
50um-046-062,1,46,62,4575,6175
50um-046-063,1,46,63,4575,6275
50um-046-064,1,46,64,4575,6375
50um-047-001,1,47,1,4675,75
50um-047-002,1,47,2,4675,175
50um-047-003,1,47,3,4675,275
50um-047-004,1,47,4,4675,375
50um-047-005,1,47,5,4675,475
50um-047-006,1,47,6,4675,575
50um-047-007,1,47,7,4675,675
50um-047-008,1,47,8,4675,775
50um-047-009,1,47,9,4675,875
50um-047-010,1,47,10,4675,975
50um-047-011,1,47,11,4675,1075
50um-047-012,1,47,12,4675,1175
50um-047-013,1,47,13,4675,1275
50um-047-014,1,47,14,4675,1375
50um-047-015,1,47,15,4675,1475
50um-047-016,1,47,16,4675,1575
50um-047-017,1,47,17,4675,1675
50um-047-018,1,47,18,4675,1775
50um-047-019,1,47,19,4675,1875
50um-047-020,1,47,20,4675,1975
50um-047-021,1,47,21,4675,2075
50um-047-022,1,47,22,4675,2175
50um-047-023,1,47,23,4675,2275
50um-047-024,1,47,24,4675,2375
50um-047-025,1,47,25,4675,2475
50um-047-026,1,47,26,4675,2575
50um-047-027,1,47,27,4675,2675
50um-047-028,1,47,28,4675,2775
50um-047-029,1,47,29,4675,2875
50um-047-030,1,47,30,4675,2975
50um-047-031,1,47,31,4675,3075
50um-047-032,1,47,32,4675,3175
50um-047-033,1,47,33,4675,3275
50um-047-034,1,47,34,4675,3375
50um-047-035,1,47,35,4675,3475
50um-047-036,1,47,36,4675,3575
50um-047-037,1,47,37,4675,3675
50um-047-038,1,47,38,4675,3775
50um-047-039,1,47,39,4675,3875
50um-047-040,1,47,40,4675,3975
50um-047-041,1,47,41,4675,4075
50um-047-042,1,47,42,4675,4175
50um-047-043,1,47,43,4675,4275
50um-047-044,1,47,44,4675,4375
50um-047-045,1,47,45,4675,4475
50um-047-046,1,47,46,4675,4575
50um-047-047,1,47,47,4675,4675
50um-047-048,1,47,48,4675,4775
50um-047-049,1,47,49,4675,4875
50um-047-050,1,47,50,4675,4975
50um-047-051,1,47,51,4675,5075
50um-047-052,1,47,52,4675,5175
50um-047-053,1,47,53,4675,5275
50um-047-054,1,47,54,4675,5375
50um-047-055,1,47,55,4675,5475
50um-047-056,1,47,56,4675,5575
50um-047-057,1,47,57,4675,5675
50um-047-058,1,47,58,4675,5775
50um-047-059,1,47,59,4675,5875
50um-047-060,1,47,60,4675,5975
50um-047-061,1,47,61,4675,6075
50um-047-062,1,47,62,4675,6175
50um-047-063,1,47,63,4675,6275
50um-047-064,1,47,64,4675,6375
50um-048-001,1,48,1,4775,75
50um-048-002,1,48,2,4775,175
50um-048-003,1,48,3,4775,275
50um-048-004,1,48,4,4775,375
50um-048-005,1,48,5,4775,475
50um-048-006,1,48,6,4775,575
50um-048-007,1,48,7,4775,675
50um-048-008,1,48,8,4775,775
50um-048-009,1,48,9,4775,875
50um-048-010,1,48,10,4775,975
50um-048-011,1,48,11,4775,1075
50um-048-012,1,48,12,4775,1175
50um-048-013,1,48,13,4775,1275
50um-048-014,1,48,14,4775,1375
50um-048-015,1,48,15,4775,1475
50um-048-016,1,48,16,4775,1575
50um-048-017,1,48,17,4775,1675
50um-048-018,1,48,18,4775,1775
50um-048-019,1,48,19,4775,1875
50um-048-020,1,48,20,4775,1975
50um-048-021,1,48,21,4775,2075
50um-048-022,1,48,22,4775,2175
50um-048-023,1,48,23,4775,2275
50um-048-024,1,48,24,4775,2375
50um-048-025,1,48,25,4775,2475
50um-048-026,1,48,26,4775,2575
50um-048-027,1,48,27,4775,2675
50um-048-028,1,48,28,4775,2775
50um-048-029,1,48,29,4775,2875
50um-048-030,1,48,30,4775,2975
50um-048-031,1,48,31,4775,3075
50um-048-032,1,48,32,4775,3175
50um-048-033,1,48,33,4775,3275
50um-048-034,1,48,34,4775,3375
50um-048-035,1,48,35,4775,3475
50um-048-036,1,48,36,4775,3575
50um-048-037,1,48,37,4775,3675
50um-048-038,1,48,38,4775,3775
50um-048-039,1,48,39,4775,3875
50um-048-040,1,48,40,4775,3975
50um-048-041,1,48,41,4775,4075
50um-048-042,1,48,42,4775,4175
50um-048-043,1,48,43,4775,4275
50um-048-044,1,48,44,4775,4375
50um-048-045,1,48,45,4775,4475
50um-048-046,1,48,46,4775,4575
50um-048-047,1,48,47,4775,4675
50um-048-048,1,48,48,4775,4775
50um-048-049,1,48,49,4775,4875
50um-048-050,1,48,50,4775,4975
50um-048-051,1,48,51,4775,5075
50um-048-052,1,48,52,4775,5175
50um-048-053,1,48,53,4775,5275
50um-048-054,1,48,54,4775,5375
50um-048-055,1,48,55,4775,5475
50um-048-056,1,48,56,4775,5575
50um-048-057,1,48,57,4775,5675
50um-048-058,1,48,58,4775,5775
50um-048-059,1,48,59,4775,5875
50um-048-060,1,48,60,4775,5975
50um-048-061,1,48,61,4775,6075
50um-048-062,1,48,62,4775,6175
50um-048-063,1,48,63,4775,6275
50um-048-064,1,48,64,4775,6375
50um-049-001,1,49,1,4875,75
50um-049-002,1,49,2,4875,175
50um-049-003,1,49,3,4875,275
50um-049-004,1,49,4,4875,375
50um-049-005,1,49,5,4875,475
50um-049-006,1,49,6,4875,575
50um-049-007,1,49,7,4875,675
50um-049-008,1,49,8,4875,775
50um-049-009,1,49,9,4875,875
50um-049-010,1,49,10,4875,975
50um-049-011,1,49,11,4875,1075
50um-049-012,1,49,12,4875,1175
50um-049-013,1,49,13,4875,1275
50um-049-014,1,49,14,4875,1375
50um-049-015,1,49,15,4875,1475
50um-049-016,1,49,16,4875,1575
50um-049-017,1,49,17,4875,1675
50um-049-018,1,49,18,4875,1775
50um-049-019,1,49,19,4875,1875
50um-049-020,1,49,20,4875,1975
50um-049-021,1,49,21,4875,2075
50um-049-022,1,49,22,4875,2175
50um-049-023,1,49,23,4875,2275
50um-049-024,1,49,24,4875,2375
50um-049-025,1,49,25,4875,2475
50um-049-026,1,49,26,4875,2575
50um-049-027,1,49,27,4875,2675
50um-049-028,1,49,28,4875,2775
50um-049-029,1,49,29,4875,2875
50um-049-030,1,49,30,4875,2975
50um-049-031,1,49,31,4875,3075
50um-049-032,1,49,32,4875,3175
50um-049-033,1,49,33,4875,3275
50um-049-034,1,49,34,4875,3375
50um-049-035,1,49,35,4875,3475
50um-049-036,1,49,36,4875,3575
50um-049-037,1,49,37,4875,3675
50um-049-038,1,49,38,4875,3775
50um-049-039,1,49,39,4875,3875
50um-049-040,1,49,40,4875,3975
50um-049-041,1,49,41,4875,4075
50um-049-042,1,49,42,4875,4175
50um-049-043,1,49,43,4875,4275
50um-049-044,1,49,44,4875,4375
50um-049-045,1,49,45,4875,4475
50um-049-046,1,49,46,4875,4575
50um-049-047,1,49,47,4875,4675
50um-049-048,1,49,48,4875,4775
50um-049-049,1,49,49,4875,4875
50um-049-050,1,49,50,4875,4975
50um-049-051,1,49,51,4875,5075
50um-049-052,1,49,52,4875,5175
50um-049-053,1,49,53,4875,5275
50um-049-054,1,49,54,4875,5375
50um-049-055,1,49,55,4875,5475
50um-049-056,1,49,56,4875,5575
50um-049-057,1,49,57,4875,5675
50um-049-058,1,49,58,4875,5775
50um-049-059,1,49,59,4875,5875
50um-049-060,1,49,60,4875,5975
50um-049-061,1,49,61,4875,6075
50um-049-062,1,49,62,4875,6175
50um-049-063,1,49,63,4875,6275
50um-049-064,1,49,64,4875,6375
50um-050-001,1,50,1,4975,75
50um-050-002,1,50,2,4975,175
50um-050-003,1,50,3,4975,275
50um-050-004,1,50,4,4975,375
50um-050-005,1,50,5,4975,475
50um-050-006,1,50,6,4975,575
50um-050-007,1,50,7,4975,675
50um-050-008,1,50,8,4975,775
50um-050-009,1,50,9,4975,875
50um-050-010,1,50,10,4975,975
50um-050-011,1,50,11,4975,1075
50um-050-012,1,50,12,4975,1175
50um-050-013,1,50,13,4975,1275
50um-050-014,1,50,14,4975,1375
50um-050-015,1,50,15,4975,1475
50um-050-016,1,50,16,4975,1575
50um-050-017,1,50,17,4975,1675
50um-050-018,1,50,18,4975,1775
50um-050-019,1,50,19,4975,1875
50um-050-020,1,50,20,4975,1975
50um-050-021,1,50,21,4975,2075
50um-050-022,1,50,22,4975,2175
50um-050-023,1,50,23,4975,2275
50um-050-024,1,50,24,4975,2375
50um-050-025,1,50,25,4975,2475
50um-050-026,1,50,26,4975,2575
50um-050-027,1,50,27,4975,2675
50um-050-028,1,50,28,4975,2775
50um-050-029,1,50,29,4975,2875
50um-050-030,1,50,30,4975,2975
50um-050-031,1,50,31,4975,3075
50um-050-032,1,50,32,4975,3175
50um-050-033,1,50,33,4975,3275
50um-050-034,1,50,34,4975,3375
50um-050-035,1,50,35,4975,3475
50um-050-036,1,50,36,4975,3575
50um-050-037,1,50,37,4975,3675
50um-050-038,1,50,38,4975,3775
50um-050-039,1,50,39,4975,3875
50um-050-040,1,50,40,4975,3975
50um-050-041,1,50,41,4975,4075
50um-050-042,1,50,42,4975,4175
50um-050-043,1,50,43,4975,4275
50um-050-044,1,50,44,4975,4375
50um-050-045,1,50,45,4975,4475
50um-050-046,1,50,46,4975,4575
50um-050-047,1,50,47,4975,4675
50um-050-048,1,50,48,4975,4775
50um-050-049,1,50,49,4975,4875
50um-050-050,1,50,50,4975,4975
50um-050-051,1,50,51,4975,5075
50um-050-052,1,50,52,4975,5175
50um-050-053,1,50,53,4975,5275
50um-050-054,1,50,54,4975,5375
50um-050-055,1,50,55,4975,5475
50um-050-056,1,50,56,4975,5575
50um-050-057,1,50,57,4975,5675
50um-050-058,1,50,58,4975,5775
50um-050-059,1,50,59,4975,5875
50um-050-060,1,50,60,4975,5975
50um-050-061,1,50,61,4975,6075
50um-050-062,1,50,62,4975,6175
50um-050-063,1,50,63,4975,6275
50um-050-064,1,50,64,4975,6375
50um-051-001,1,51,1,5075,75
50um-051-002,1,51,2,5075,175
50um-051-003,1,51,3,5075,275
50um-051-004,1,51,4,5075,375
50um-051-005,1,51,5,5075,475
50um-051-006,1,51,6,5075,575
50um-051-007,1,51,7,5075,675
50um-051-008,1,51,8,5075,775
50um-051-009,1,51,9,5075,875
50um-051-010,1,51,10,5075,975
50um-051-011,1,51,11,5075,1075
50um-051-012,1,51,12,5075,1175
50um-051-013,1,51,13,5075,1275
50um-051-014,1,51,14,5075,1375
50um-051-015,1,51,15,5075,1475
50um-051-016,1,51,16,5075,1575
50um-051-017,1,51,17,5075,1675
50um-051-018,1,51,18,5075,1775
50um-051-019,1,51,19,5075,1875
50um-051-020,1,51,20,5075,1975
50um-051-021,1,51,21,5075,2075
50um-051-022,1,51,22,5075,2175
50um-051-023,1,51,23,5075,2275
50um-051-024,1,51,24,5075,2375
50um-051-025,1,51,25,5075,2475
50um-051-026,1,51,26,5075,2575
50um-051-027,1,51,27,5075,2675
50um-051-028,1,51,28,5075,2775
50um-051-029,1,51,29,5075,2875
50um-051-030,1,51,30,5075,2975
50um-051-031,1,51,31,5075,3075
50um-051-032,1,51,32,5075,3175
50um-051-033,1,51,33,5075,3275
50um-051-034,1,51,34,5075,3375
50um-051-035,1,51,35,5075,3475
50um-051-036,1,51,36,5075,3575
50um-051-037,1,51,37,5075,3675
50um-051-038,1,51,38,5075,3775
50um-051-039,1,51,39,5075,3875
50um-051-040,1,51,40,5075,3975
50um-051-041,1,51,41,5075,4075
50um-051-042,1,51,42,5075,4175
50um-051-043,1,51,43,5075,4275
50um-051-044,1,51,44,5075,4375
50um-051-045,1,51,45,5075,4475
50um-051-046,1,51,46,5075,4575
50um-051-047,1,51,47,5075,4675
50um-051-048,1,51,48,5075,4775
50um-051-049,1,51,49,5075,4875
50um-051-050,1,51,50,5075,4975
50um-051-051,1,51,51,5075,5075
50um-051-052,1,51,52,5075,5175
50um-051-053,1,51,53,5075,5275
50um-051-054,1,51,54,5075,5375
50um-051-055,1,51,55,5075,5475
50um-051-056,1,51,56,5075,5575
50um-051-057,1,51,57,5075,5675
50um-051-058,1,51,58,5075,5775
50um-051-059,1,51,59,5075,5875
50um-051-060,1,51,60,5075,5975
50um-051-061,1,51,61,5075,6075
50um-051-062,1,51,62,5075,6175
50um-051-063,1,51,63,5075,6275
50um-051-064,1,51,64,5075,6375
50um-052-001,1,52,1,5175,75
50um-052-002,1,52,2,5175,175
50um-052-003,1,52,3,5175,275
50um-052-004,1,52,4,5175,375
50um-052-005,1,52,5,5175,475
50um-052-006,1,52,6,5175,575
50um-052-007,1,52,7,5175,675
50um-052-008,1,52,8,5175,775
50um-052-009,1,52,9,5175,875
50um-052-010,1,52,10,5175,975
50um-052-011,1,52,11,5175,1075
50um-052-012,1,52,12,5175,1175
50um-052-013,1,52,13,5175,1275
50um-052-014,1,52,14,5175,1375
50um-052-015,1,52,15,5175,1475
50um-052-016,1,52,16,5175,1575
50um-052-017,1,52,17,5175,1675
50um-052-018,1,52,18,5175,1775
50um-052-019,1,52,19,5175,1875
50um-052-020,1,52,20,5175,1975
50um-052-021,1,52,21,5175,2075
50um-052-022,1,52,22,5175,2175
50um-052-023,1,52,23,5175,2275
50um-052-024,1,52,24,5175,2375
50um-052-025,1,52,25,5175,2475
50um-052-026,1,52,26,5175,2575
50um-052-027,1,52,27,5175,2675
50um-052-028,1,52,28,5175,2775
50um-052-029,1,52,29,5175,2875
50um-052-030,1,52,30,5175,2975
50um-052-031,1,52,31,5175,3075
50um-052-032,1,52,32,5175,3175
50um-052-033,1,52,33,5175,3275
50um-052-034,1,52,34,5175,3375
50um-052-035,1,52,35,5175,3475
50um-052-036,1,52,36,5175,3575
50um-052-037,1,52,37,5175,3675
50um-052-038,1,52,38,5175,3775
50um-052-039,1,52,39,5175,3875
50um-052-040,1,52,40,5175,3975
50um-052-041,1,52,41,5175,4075
50um-052-042,1,52,42,5175,4175
50um-052-043,1,52,43,5175,4275
50um-052-044,1,52,44,5175,4375
50um-052-045,1,52,45,5175,4475
50um-052-046,1,52,46,5175,4575
50um-052-047,1,52,47,5175,4675
50um-052-048,1,52,48,5175,4775
50um-052-049,1,52,49,5175,4875
50um-052-050,1,52,50,5175,4975
50um-052-051,1,52,51,5175,5075
50um-052-052,1,52,52,5175,5175
50um-052-053,1,52,53,5175,5275
50um-052-054,1,52,54,5175,5375
50um-052-055,1,52,55,5175,5475
50um-052-056,1,52,56,5175,5575
50um-052-057,1,52,57,5175,5675
50um-052-058,1,52,58,5175,5775
50um-052-059,1,52,59,5175,5875
50um-052-060,1,52,60,5175,5975
50um-052-061,1,52,61,5175,6075
50um-052-062,1,52,62,5175,6175
50um-052-063,1,52,63,5175,6275
50um-052-064,1,52,64,5175,6375
50um-053-001,1,53,1,5275,75
50um-053-002,1,53,2,5275,175
50um-053-003,1,53,3,5275,275
50um-053-004,1,53,4,5275,375
50um-053-005,1,53,5,5275,475
50um-053-006,1,53,6,5275,575
50um-053-007,1,53,7,5275,675
50um-053-008,1,53,8,5275,775
50um-053-009,1,53,9,5275,875
50um-053-010,1,53,10,5275,975
50um-053-011,1,53,11,5275,1075
50um-053-012,1,53,12,5275,1175
50um-053-013,1,53,13,5275,1275
50um-053-014,1,53,14,5275,1375
50um-053-015,1,53,15,5275,1475
50um-053-016,1,53,16,5275,1575
50um-053-017,1,53,17,5275,1675
50um-053-018,1,53,18,5275,1775
50um-053-019,1,53,19,5275,1875
50um-053-020,1,53,20,5275,1975
50um-053-021,1,53,21,5275,2075
50um-053-022,1,53,22,5275,2175
50um-053-023,1,53,23,5275,2275
50um-053-024,1,53,24,5275,2375
50um-053-025,1,53,25,5275,2475
50um-053-026,1,53,26,5275,2575
50um-053-027,1,53,27,5275,2675
50um-053-028,1,53,28,5275,2775
50um-053-029,1,53,29,5275,2875
50um-053-030,1,53,30,5275,2975
50um-053-031,1,53,31,5275,3075
50um-053-032,1,53,32,5275,3175
50um-053-033,1,53,33,5275,3275
50um-053-034,1,53,34,5275,3375
50um-053-035,1,53,35,5275,3475
50um-053-036,1,53,36,5275,3575
50um-053-037,1,53,37,5275,3675
50um-053-038,1,53,38,5275,3775
50um-053-039,1,53,39,5275,3875
50um-053-040,1,53,40,5275,3975
50um-053-041,1,53,41,5275,4075
50um-053-042,1,53,42,5275,4175
50um-053-043,1,53,43,5275,4275
50um-053-044,1,53,44,5275,4375
50um-053-045,1,53,45,5275,4475
50um-053-046,1,53,46,5275,4575
50um-053-047,1,53,47,5275,4675
50um-053-048,1,53,48,5275,4775
50um-053-049,1,53,49,5275,4875
50um-053-050,1,53,50,5275,4975
50um-053-051,1,53,51,5275,5075
50um-053-052,1,53,52,5275,5175
50um-053-053,1,53,53,5275,5275
50um-053-054,1,53,54,5275,5375
50um-053-055,1,53,55,5275,5475
50um-053-056,1,53,56,5275,5575
50um-053-057,1,53,57,5275,5675
50um-053-058,1,53,58,5275,5775
50um-053-059,1,53,59,5275,5875
50um-053-060,1,53,60,5275,5975
50um-053-061,1,53,61,5275,6075
50um-053-062,1,53,62,5275,6175
50um-053-063,1,53,63,5275,6275
50um-053-064,1,53,64,5275,6375
50um-054-001,1,54,1,5375,75
50um-054-002,1,54,2,5375,175
50um-054-003,1,54,3,5375,275
50um-054-004,1,54,4,5375,375
50um-054-005,1,54,5,5375,475
50um-054-006,1,54,6,5375,575
50um-054-007,1,54,7,5375,675
50um-054-008,1,54,8,5375,775
50um-054-009,1,54,9,5375,875
50um-054-010,1,54,10,5375,975
50um-054-011,1,54,11,5375,1075
50um-054-012,1,54,12,5375,1175
50um-054-013,1,54,13,5375,1275
50um-054-014,1,54,14,5375,1375
50um-054-015,1,54,15,5375,1475
50um-054-016,1,54,16,5375,1575
50um-054-017,1,54,17,5375,1675
50um-054-018,1,54,18,5375,1775
50um-054-019,1,54,19,5375,1875
50um-054-020,1,54,20,5375,1975
50um-054-021,1,54,21,5375,2075
50um-054-022,1,54,22,5375,2175
50um-054-023,1,54,23,5375,2275
50um-054-024,1,54,24,5375,2375
50um-054-025,1,54,25,5375,2475
50um-054-026,1,54,26,5375,2575
50um-054-027,1,54,27,5375,2675
50um-054-028,1,54,28,5375,2775
50um-054-029,1,54,29,5375,2875
50um-054-030,1,54,30,5375,2975
50um-054-031,1,54,31,5375,3075
50um-054-032,1,54,32,5375,3175
50um-054-033,1,54,33,5375,3275
50um-054-034,1,54,34,5375,3375
50um-054-035,1,54,35,5375,3475
50um-054-036,1,54,36,5375,3575
50um-054-037,1,54,37,5375,3675
50um-054-038,1,54,38,5375,3775
50um-054-039,1,54,39,5375,3875
50um-054-040,1,54,40,5375,3975
50um-054-041,1,54,41,5375,4075
50um-054-042,1,54,42,5375,4175
50um-054-043,1,54,43,5375,4275
50um-054-044,1,54,44,5375,4375
50um-054-045,1,54,45,5375,4475
50um-054-046,1,54,46,5375,4575
50um-054-047,1,54,47,5375,4675
50um-054-048,1,54,48,5375,4775
50um-054-049,1,54,49,5375,4875
50um-054-050,1,54,50,5375,4975
50um-054-051,1,54,51,5375,5075
50um-054-052,1,54,52,5375,5175
50um-054-053,1,54,53,5375,5275
50um-054-054,1,54,54,5375,5375
50um-054-055,1,54,55,5375,5475
50um-054-056,1,54,56,5375,5575
50um-054-057,1,54,57,5375,5675
50um-054-058,1,54,58,5375,5775
50um-054-059,1,54,59,5375,5875
50um-054-060,1,54,60,5375,5975
50um-054-061,1,54,61,5375,6075
50um-054-062,1,54,62,5375,6175
50um-054-063,1,54,63,5375,6275
50um-054-064,1,54,64,5375,6375
50um-055-001,1,55,1,5475,75
50um-055-002,1,55,2,5475,175
50um-055-003,1,55,3,5475,275
50um-055-004,1,55,4,5475,375
50um-055-005,1,55,5,5475,475
50um-055-006,1,55,6,5475,575
50um-055-007,1,55,7,5475,675
50um-055-008,1,55,8,5475,775
50um-055-009,1,55,9,5475,875
50um-055-010,1,55,10,5475,975
50um-055-011,1,55,11,5475,1075
50um-055-012,1,55,12,5475,1175
50um-055-013,1,55,13,5475,1275
50um-055-014,1,55,14,5475,1375
50um-055-015,1,55,15,5475,1475
50um-055-016,1,55,16,5475,1575
50um-055-017,1,55,17,5475,1675
50um-055-018,1,55,18,5475,1775
50um-055-019,1,55,19,5475,1875
50um-055-020,1,55,20,5475,1975
50um-055-021,1,55,21,5475,2075
50um-055-022,1,55,22,5475,2175
50um-055-023,1,55,23,5475,2275
50um-055-024,1,55,24,5475,2375
50um-055-025,1,55,25,5475,2475
50um-055-026,1,55,26,5475,2575
50um-055-027,1,55,27,5475,2675
50um-055-028,1,55,28,5475,2775
50um-055-029,1,55,29,5475,2875
50um-055-030,1,55,30,5475,2975
50um-055-031,1,55,31,5475,3075
50um-055-032,1,55,32,5475,3175
50um-055-033,1,55,33,5475,3275
50um-055-034,1,55,34,5475,3375
50um-055-035,1,55,35,5475,3475
50um-055-036,1,55,36,5475,3575
50um-055-037,1,55,37,5475,3675
50um-055-038,1,55,38,5475,3775
50um-055-039,1,55,39,5475,3875
50um-055-040,1,55,40,5475,3975
50um-055-041,1,55,41,5475,4075
50um-055-042,1,55,42,5475,4175
50um-055-043,1,55,43,5475,4275
50um-055-044,1,55,44,5475,4375
50um-055-045,1,55,45,5475,4475
50um-055-046,1,55,46,5475,4575
50um-055-047,1,55,47,5475,4675
50um-055-048,1,55,48,5475,4775
50um-055-049,1,55,49,5475,4875
50um-055-050,1,55,50,5475,4975
50um-055-051,1,55,51,5475,5075
50um-055-052,1,55,52,5475,5175
50um-055-053,1,55,53,5475,5275
50um-055-054,1,55,54,5475,5375
50um-055-055,1,55,55,5475,5475
50um-055-056,1,55,56,5475,5575
50um-055-057,1,55,57,5475,5675
50um-055-058,1,55,58,5475,5775
50um-055-059,1,55,59,5475,5875
50um-055-060,1,55,60,5475,5975
50um-055-061,1,55,61,5475,6075
50um-055-062,1,55,62,5475,6175
50um-055-063,1,55,63,5475,6275
50um-055-064,1,55,64,5475,6375
50um-056-001,1,56,1,5575,75
50um-056-002,1,56,2,5575,175
50um-056-003,1,56,3,5575,275
50um-056-004,1,56,4,5575,375
50um-056-005,1,56,5,5575,475
50um-056-006,1,56,6,5575,575
50um-056-007,1,56,7,5575,675
50um-056-008,1,56,8,5575,775
50um-056-009,1,56,9,5575,875
50um-056-010,1,56,10,5575,975
50um-056-011,1,56,11,5575,1075
50um-056-012,1,56,12,5575,1175
50um-056-013,1,56,13,5575,1275
50um-056-014,1,56,14,5575,1375
50um-056-015,1,56,15,5575,1475
50um-056-016,1,56,16,5575,1575
50um-056-017,1,56,17,5575,1675
50um-056-018,1,56,18,5575,1775
50um-056-019,1,56,19,5575,1875
50um-056-020,1,56,20,5575,1975
50um-056-021,1,56,21,5575,2075
50um-056-022,1,56,22,5575,2175
50um-056-023,1,56,23,5575,2275
50um-056-024,1,56,24,5575,2375
50um-056-025,1,56,25,5575,2475
50um-056-026,1,56,26,5575,2575
50um-056-027,1,56,27,5575,2675
50um-056-028,1,56,28,5575,2775
50um-056-029,1,56,29,5575,2875
50um-056-030,1,56,30,5575,2975
50um-056-031,1,56,31,5575,3075
50um-056-032,1,56,32,5575,3175
50um-056-033,1,56,33,5575,3275
50um-056-034,1,56,34,5575,3375
50um-056-035,1,56,35,5575,3475
50um-056-036,1,56,36,5575,3575
50um-056-037,1,56,37,5575,3675
50um-056-038,1,56,38,5575,3775
50um-056-039,1,56,39,5575,3875
50um-056-040,1,56,40,5575,3975
50um-056-041,1,56,41,5575,4075
50um-056-042,1,56,42,5575,4175
50um-056-043,1,56,43,5575,4275
50um-056-044,1,56,44,5575,4375
50um-056-045,1,56,45,5575,4475
50um-056-046,1,56,46,5575,4575
50um-056-047,1,56,47,5575,4675
50um-056-048,1,56,48,5575,4775
50um-056-049,1,56,49,5575,4875
50um-056-050,1,56,50,5575,4975
50um-056-051,1,56,51,5575,5075
50um-056-052,1,56,52,5575,5175
50um-056-053,1,56,53,5575,5275
50um-056-054,1,56,54,5575,5375
50um-056-055,1,56,55,5575,5475
50um-056-056,1,56,56,5575,5575
50um-056-057,1,56,57,5575,5675
50um-056-058,1,56,58,5575,5775
50um-056-059,1,56,59,5575,5875
50um-056-060,1,56,60,5575,5975
50um-056-061,1,56,61,5575,6075
50um-056-062,1,56,62,5575,6175
50um-056-063,1,56,63,5575,6275
50um-056-064,1,56,64,5575,6375
50um-057-001,1,57,1,5675,75
50um-057-002,1,57,2,5675,175
50um-057-003,1,57,3,5675,275
50um-057-004,1,57,4,5675,375
50um-057-005,1,57,5,5675,475
50um-057-006,1,57,6,5675,575
50um-057-007,1,57,7,5675,675
50um-057-008,1,57,8,5675,775
50um-057-009,1,57,9,5675,875
50um-057-010,1,57,10,5675,975
50um-057-011,1,57,11,5675,1075
50um-057-012,1,57,12,5675,1175
50um-057-013,1,57,13,5675,1275
50um-057-014,1,57,14,5675,1375
50um-057-015,1,57,15,5675,1475
50um-057-016,1,57,16,5675,1575
50um-057-017,1,57,17,5675,1675
50um-057-018,1,57,18,5675,1775
50um-057-019,1,57,19,5675,1875
50um-057-020,1,57,20,5675,1975
50um-057-021,1,57,21,5675,2075
50um-057-022,1,57,22,5675,2175
50um-057-023,1,57,23,5675,2275
50um-057-024,1,57,24,5675,2375
50um-057-025,1,57,25,5675,2475
50um-057-026,1,57,26,5675,2575
50um-057-027,1,57,27,5675,2675
50um-057-028,1,57,28,5675,2775
50um-057-029,1,57,29,5675,2875
50um-057-030,1,57,30,5675,2975
50um-057-031,1,57,31,5675,3075
50um-057-032,1,57,32,5675,3175
50um-057-033,1,57,33,5675,3275
50um-057-034,1,57,34,5675,3375
50um-057-035,1,57,35,5675,3475
50um-057-036,1,57,36,5675,3575
50um-057-037,1,57,37,5675,3675
50um-057-038,1,57,38,5675,3775
50um-057-039,1,57,39,5675,3875
50um-057-040,1,57,40,5675,3975
50um-057-041,1,57,41,5675,4075
50um-057-042,1,57,42,5675,4175
50um-057-043,1,57,43,5675,4275
50um-057-044,1,57,44,5675,4375
50um-057-045,1,57,45,5675,4475
50um-057-046,1,57,46,5675,4575
50um-057-047,1,57,47,5675,4675
50um-057-048,1,57,48,5675,4775
50um-057-049,1,57,49,5675,4875
50um-057-050,1,57,50,5675,4975
50um-057-051,1,57,51,5675,5075
50um-057-052,1,57,52,5675,5175
50um-057-053,1,57,53,5675,5275
50um-057-054,1,57,54,5675,5375
50um-057-055,1,57,55,5675,5475
50um-057-056,1,57,56,5675,5575
50um-057-057,1,57,57,5675,5675
50um-057-058,1,57,58,5675,5775
50um-057-059,1,57,59,5675,5875
50um-057-060,1,57,60,5675,5975
50um-057-061,1,57,61,5675,6075
50um-057-062,1,57,62,5675,6175
50um-057-063,1,57,63,5675,6275
50um-057-064,1,57,64,5675,6375
50um-058-001,1,58,1,5775,75
50um-058-002,1,58,2,5775,175
50um-058-003,1,58,3,5775,275
50um-058-004,1,58,4,5775,375
50um-058-005,1,58,5,5775,475
50um-058-006,1,58,6,5775,575
50um-058-007,1,58,7,5775,675
50um-058-008,1,58,8,5775,775
50um-058-009,1,58,9,5775,875
50um-058-010,1,58,10,5775,975
50um-058-011,1,58,11,5775,1075
50um-058-012,1,58,12,5775,1175
50um-058-013,1,58,13,5775,1275
50um-058-014,1,58,14,5775,1375
50um-058-015,1,58,15,5775,1475
50um-058-016,1,58,16,5775,1575
50um-058-017,1,58,17,5775,1675
50um-058-018,1,58,18,5775,1775
50um-058-019,1,58,19,5775,1875
50um-058-020,1,58,20,5775,1975
50um-058-021,1,58,21,5775,2075
50um-058-022,1,58,22,5775,2175
50um-058-023,1,58,23,5775,2275
50um-058-024,1,58,24,5775,2375
50um-058-025,1,58,25,5775,2475
50um-058-026,1,58,26,5775,2575
50um-058-027,1,58,27,5775,2675
50um-058-028,1,58,28,5775,2775
50um-058-029,1,58,29,5775,2875
50um-058-030,1,58,30,5775,2975
50um-058-031,1,58,31,5775,3075
50um-058-032,1,58,32,5775,3175
50um-058-033,1,58,33,5775,3275
50um-058-034,1,58,34,5775,3375
50um-058-035,1,58,35,5775,3475
50um-058-036,1,58,36,5775,3575
50um-058-037,1,58,37,5775,3675
50um-058-038,1,58,38,5775,3775
50um-058-039,1,58,39,5775,3875
50um-058-040,1,58,40,5775,3975
50um-058-041,1,58,41,5775,4075
50um-058-042,1,58,42,5775,4175
50um-058-043,1,58,43,5775,4275
50um-058-044,1,58,44,5775,4375
50um-058-045,1,58,45,5775,4475
50um-058-046,1,58,46,5775,4575
50um-058-047,1,58,47,5775,4675
50um-058-048,1,58,48,5775,4775
50um-058-049,1,58,49,5775,4875
50um-058-050,1,58,50,5775,4975
50um-058-051,1,58,51,5775,5075
50um-058-052,1,58,52,5775,5175
50um-058-053,1,58,53,5775,5275
50um-058-054,1,58,54,5775,5375
50um-058-055,1,58,55,5775,5475
50um-058-056,1,58,56,5775,5575
50um-058-057,1,58,57,5775,5675
50um-058-058,1,58,58,5775,5775
50um-058-059,1,58,59,5775,5875
50um-058-060,1,58,60,5775,5975
50um-058-061,1,58,61,5775,6075
50um-058-062,1,58,62,5775,6175
50um-058-063,1,58,63,5775,6275
50um-058-064,1,58,64,5775,6375
50um-059-001,1,59,1,5875,75
50um-059-002,1,59,2,5875,175
50um-059-003,1,59,3,5875,275
50um-059-004,1,59,4,5875,375
50um-059-005,1,59,5,5875,475
50um-059-006,1,59,6,5875,575
50um-059-007,1,59,7,5875,675
50um-059-008,1,59,8,5875,775
50um-059-009,1,59,9,5875,875
50um-059-010,1,59,10,5875,975
50um-059-011,1,59,11,5875,1075
50um-059-012,1,59,12,5875,1175
50um-059-013,1,59,13,5875,1275
50um-059-014,1,59,14,5875,1375
50um-059-015,1,59,15,5875,1475
50um-059-016,1,59,16,5875,1575
50um-059-017,1,59,17,5875,1675
50um-059-018,1,59,18,5875,1775
50um-059-019,1,59,19,5875,1875
50um-059-020,1,59,20,5875,1975
50um-059-021,1,59,21,5875,2075
50um-059-022,1,59,22,5875,2175
50um-059-023,1,59,23,5875,2275
50um-059-024,1,59,24,5875,2375
50um-059-025,1,59,25,5875,2475
50um-059-026,1,59,26,5875,2575
50um-059-027,1,59,27,5875,2675
50um-059-028,1,59,28,5875,2775
50um-059-029,1,59,29,5875,2875
50um-059-030,1,59,30,5875,2975
50um-059-031,1,59,31,5875,3075
50um-059-032,1,59,32,5875,3175
50um-059-033,1,59,33,5875,3275
50um-059-034,1,59,34,5875,3375
50um-059-035,1,59,35,5875,3475
50um-059-036,1,59,36,5875,3575
50um-059-037,1,59,37,5875,3675
50um-059-038,1,59,38,5875,3775
50um-059-039,1,59,39,5875,3875
50um-059-040,1,59,40,5875,3975
50um-059-041,1,59,41,5875,4075
50um-059-042,1,59,42,5875,4175
50um-059-043,1,59,43,5875,4275
50um-059-044,1,59,44,5875,4375
50um-059-045,1,59,45,5875,4475
50um-059-046,1,59,46,5875,4575
50um-059-047,1,59,47,5875,4675
50um-059-048,1,59,48,5875,4775
50um-059-049,1,59,49,5875,4875
50um-059-050,1,59,50,5875,4975
50um-059-051,1,59,51,5875,5075
50um-059-052,1,59,52,5875,5175
50um-059-053,1,59,53,5875,5275
50um-059-054,1,59,54,5875,5375
50um-059-055,1,59,55,5875,5475
50um-059-056,1,59,56,5875,5575
50um-059-057,1,59,57,5875,5675
50um-059-058,1,59,58,5875,5775
50um-059-059,1,59,59,5875,5875
50um-059-060,1,59,60,5875,5975
50um-059-061,1,59,61,5875,6075
50um-059-062,1,59,62,5875,6175
50um-059-063,1,59,63,5875,6275
50um-059-064,1,59,64,5875,6375
50um-060-001,1,60,1,5975,75
50um-060-002,1,60,2,5975,175
50um-060-003,1,60,3,5975,275
50um-060-004,1,60,4,5975,375
50um-060-005,1,60,5,5975,475
50um-060-006,1,60,6,5975,575
50um-060-007,1,60,7,5975,675
50um-060-008,1,60,8,5975,775
50um-060-009,1,60,9,5975,875
50um-060-010,1,60,10,5975,975
50um-060-011,1,60,11,5975,1075
50um-060-012,1,60,12,5975,1175
50um-060-013,1,60,13,5975,1275
50um-060-014,1,60,14,5975,1375
50um-060-015,1,60,15,5975,1475
50um-060-016,1,60,16,5975,1575
50um-060-017,1,60,17,5975,1675
50um-060-018,1,60,18,5975,1775
50um-060-019,1,60,19,5975,1875
50um-060-020,1,60,20,5975,1975
50um-060-021,1,60,21,5975,2075
50um-060-022,1,60,22,5975,2175
50um-060-023,1,60,23,5975,2275
50um-060-024,1,60,24,5975,2375
50um-060-025,1,60,25,5975,2475
50um-060-026,1,60,26,5975,2575
50um-060-027,1,60,27,5975,2675
50um-060-028,1,60,28,5975,2775
50um-060-029,1,60,29,5975,2875
50um-060-030,1,60,30,5975,2975
50um-060-031,1,60,31,5975,3075
50um-060-032,1,60,32,5975,3175
50um-060-033,1,60,33,5975,3275
50um-060-034,1,60,34,5975,3375
50um-060-035,1,60,35,5975,3475
50um-060-036,1,60,36,5975,3575
50um-060-037,1,60,37,5975,3675
50um-060-038,1,60,38,5975,3775
50um-060-039,1,60,39,5975,3875
50um-060-040,1,60,40,5975,3975
50um-060-041,1,60,41,5975,4075
50um-060-042,1,60,42,5975,4175
50um-060-043,1,60,43,5975,4275
50um-060-044,1,60,44,5975,4375
50um-060-045,1,60,45,5975,4475
50um-060-046,1,60,46,5975,4575
50um-060-047,1,60,47,5975,4675
50um-060-048,1,60,48,5975,4775
50um-060-049,1,60,49,5975,4875
50um-060-050,1,60,50,5975,4975
50um-060-051,1,60,51,5975,5075
50um-060-052,1,60,52,5975,5175
50um-060-053,1,60,53,5975,5275
50um-060-054,1,60,54,5975,5375
50um-060-055,1,60,55,5975,5475
50um-060-056,1,60,56,5975,5575
50um-060-057,1,60,57,5975,5675
50um-060-058,1,60,58,5975,5775
50um-060-059,1,60,59,5975,5875
50um-060-060,1,60,60,5975,5975
50um-060-061,1,60,61,5975,6075
50um-060-062,1,60,62,5975,6175
50um-060-063,1,60,63,5975,6275
50um-060-064,1,60,64,5975,6375
50um-061-001,1,61,1,6075,75
50um-061-002,1,61,2,6075,175
50um-061-003,1,61,3,6075,275
50um-061-004,1,61,4,6075,375
50um-061-005,1,61,5,6075,475
50um-061-006,1,61,6,6075,575
50um-061-007,1,61,7,6075,675
50um-061-008,1,61,8,6075,775
50um-061-009,1,61,9,6075,875
50um-061-010,1,61,10,6075,975
50um-061-011,1,61,11,6075,1075
50um-061-012,1,61,12,6075,1175
50um-061-013,1,61,13,6075,1275
50um-061-014,1,61,14,6075,1375
50um-061-015,1,61,15,6075,1475
50um-061-016,1,61,16,6075,1575
50um-061-017,1,61,17,6075,1675
50um-061-018,1,61,18,6075,1775
50um-061-019,1,61,19,6075,1875
50um-061-020,1,61,20,6075,1975
50um-061-021,1,61,21,6075,2075
50um-061-022,1,61,22,6075,2175
50um-061-023,1,61,23,6075,2275
50um-061-024,1,61,24,6075,2375
50um-061-025,1,61,25,6075,2475
50um-061-026,1,61,26,6075,2575
50um-061-027,1,61,27,6075,2675
50um-061-028,1,61,28,6075,2775
50um-061-029,1,61,29,6075,2875
50um-061-030,1,61,30,6075,2975
50um-061-031,1,61,31,6075,3075
50um-061-032,1,61,32,6075,3175
50um-061-033,1,61,33,6075,3275
50um-061-034,1,61,34,6075,3375
50um-061-035,1,61,35,6075,3475
50um-061-036,1,61,36,6075,3575
50um-061-037,1,61,37,6075,3675
50um-061-038,1,61,38,6075,3775
50um-061-039,1,61,39,6075,3875
50um-061-040,1,61,40,6075,3975
50um-061-041,1,61,41,6075,4075
50um-061-042,1,61,42,6075,4175
50um-061-043,1,61,43,6075,4275
50um-061-044,1,61,44,6075,4375
50um-061-045,1,61,45,6075,4475
50um-061-046,1,61,46,6075,4575
50um-061-047,1,61,47,6075,4675
50um-061-048,1,61,48,6075,4775
50um-061-049,1,61,49,6075,4875
50um-061-050,1,61,50,6075,4975
50um-061-051,1,61,51,6075,5075
50um-061-052,1,61,52,6075,5175
50um-061-053,1,61,53,6075,5275
50um-061-054,1,61,54,6075,5375
50um-061-055,1,61,55,6075,5475
50um-061-056,1,61,56,6075,5575
50um-061-057,1,61,57,6075,5675
50um-061-058,1,61,58,6075,5775
50um-061-059,1,61,59,6075,5875
50um-061-060,1,61,60,6075,5975
50um-061-061,1,61,61,6075,6075
50um-061-062,1,61,62,6075,6175
50um-061-063,1,61,63,6075,6275
50um-061-064,1,61,64,6075,6375
50um-062-001,1,62,1,6175,75
50um-062-002,1,62,2,6175,175
50um-062-003,1,62,3,6175,275
50um-062-004,1,62,4,6175,375
50um-062-005,1,62,5,6175,475
50um-062-006,1,62,6,6175,575
50um-062-007,1,62,7,6175,675
50um-062-008,1,62,8,6175,775
50um-062-009,1,62,9,6175,875
50um-062-010,1,62,10,6175,975
50um-062-011,1,62,11,6175,1075
50um-062-012,1,62,12,6175,1175
50um-062-013,1,62,13,6175,1275
50um-062-014,1,62,14,6175,1375
50um-062-015,1,62,15,6175,1475
50um-062-016,1,62,16,6175,1575
50um-062-017,1,62,17,6175,1675
50um-062-018,1,62,18,6175,1775
50um-062-019,1,62,19,6175,1875
50um-062-020,1,62,20,6175,1975
50um-062-021,1,62,21,6175,2075
50um-062-022,1,62,22,6175,2175
50um-062-023,1,62,23,6175,2275
50um-062-024,1,62,24,6175,2375
50um-062-025,1,62,25,6175,2475
50um-062-026,1,62,26,6175,2575
50um-062-027,1,62,27,6175,2675
50um-062-028,1,62,28,6175,2775
50um-062-029,1,62,29,6175,2875
50um-062-030,1,62,30,6175,2975
50um-062-031,1,62,31,6175,3075
50um-062-032,1,62,32,6175,3175
50um-062-033,1,62,33,6175,3275
50um-062-034,1,62,34,6175,3375
50um-062-035,1,62,35,6175,3475
50um-062-036,1,62,36,6175,3575
50um-062-037,1,62,37,6175,3675
50um-062-038,1,62,38,6175,3775
50um-062-039,1,62,39,6175,3875
50um-062-040,1,62,40,6175,3975
50um-062-041,1,62,41,6175,4075
50um-062-042,1,62,42,6175,4175
50um-062-043,1,62,43,6175,4275
50um-062-044,1,62,44,6175,4375
50um-062-045,1,62,45,6175,4475
50um-062-046,1,62,46,6175,4575
50um-062-047,1,62,47,6175,4675
50um-062-048,1,62,48,6175,4775
50um-062-049,1,62,49,6175,4875
50um-062-050,1,62,50,6175,4975
50um-062-051,1,62,51,6175,5075
50um-062-052,1,62,52,6175,5175
50um-062-053,1,62,53,6175,5275
50um-062-054,1,62,54,6175,5375
50um-062-055,1,62,55,6175,5475
50um-062-056,1,62,56,6175,5575
50um-062-057,1,62,57,6175,5675
50um-062-058,1,62,58,6175,5775
50um-062-059,1,62,59,6175,5875
50um-062-060,1,62,60,6175,5975
50um-062-061,1,62,61,6175,6075
50um-062-062,1,62,62,6175,6175
50um-062-063,1,62,63,6175,6275
50um-062-064,1,62,64,6175,6375
50um-063-001,1,63,1,6275,75
50um-063-002,1,63,2,6275,175
50um-063-003,1,63,3,6275,275
50um-063-004,1,63,4,6275,375
50um-063-005,1,63,5,6275,475
50um-063-006,1,63,6,6275,575
50um-063-007,1,63,7,6275,675
50um-063-008,1,63,8,6275,775
50um-063-009,1,63,9,6275,875
50um-063-010,1,63,10,6275,975
50um-063-011,1,63,11,6275,1075
50um-063-012,1,63,12,6275,1175
50um-063-013,1,63,13,6275,1275
50um-063-014,1,63,14,6275,1375
50um-063-015,1,63,15,6275,1475
50um-063-016,1,63,16,6275,1575
50um-063-017,1,63,17,6275,1675
50um-063-018,1,63,18,6275,1775
50um-063-019,1,63,19,6275,1875
50um-063-020,1,63,20,6275,1975
50um-063-021,1,63,21,6275,2075
50um-063-022,1,63,22,6275,2175
50um-063-023,1,63,23,6275,2275
50um-063-024,1,63,24,6275,2375
50um-063-025,1,63,25,6275,2475
50um-063-026,1,63,26,6275,2575
50um-063-027,1,63,27,6275,2675
50um-063-028,1,63,28,6275,2775
50um-063-029,1,63,29,6275,2875
50um-063-030,1,63,30,6275,2975
50um-063-031,1,63,31,6275,3075
50um-063-032,1,63,32,6275,3175
50um-063-033,1,63,33,6275,3275
50um-063-034,1,63,34,6275,3375
50um-063-035,1,63,35,6275,3475
50um-063-036,1,63,36,6275,3575
50um-063-037,1,63,37,6275,3675
50um-063-038,1,63,38,6275,3775
50um-063-039,1,63,39,6275,3875
50um-063-040,1,63,40,6275,3975
50um-063-041,1,63,41,6275,4075
50um-063-042,1,63,42,6275,4175
50um-063-043,1,63,43,6275,4275
50um-063-044,1,63,44,6275,4375
50um-063-045,1,63,45,6275,4475
50um-063-046,1,63,46,6275,4575
50um-063-047,1,63,47,6275,4675
50um-063-048,1,63,48,6275,4775
50um-063-049,1,63,49,6275,4875
50um-063-050,1,63,50,6275,4975
50um-063-051,1,63,51,6275,5075
50um-063-052,1,63,52,6275,5175
50um-063-053,1,63,53,6275,5275
50um-063-054,1,63,54,6275,5375
50um-063-055,1,63,55,6275,5475
50um-063-056,1,63,56,6275,5575
50um-063-057,1,63,57,6275,5675
50um-063-058,1,63,58,6275,5775
50um-063-059,1,63,59,6275,5875
50um-063-060,1,63,60,6275,5975
50um-063-061,1,63,61,6275,6075
50um-063-062,1,63,62,6275,6175
50um-063-063,1,63,63,6275,6275
50um-063-064,1,63,64,6275,6375
50um-064-001,1,64,1,6375,75
50um-064-002,1,64,2,6375,175
50um-064-003,1,64,3,6375,275
50um-064-004,1,64,4,6375,375
50um-064-005,1,64,5,6375,475
50um-064-006,1,64,6,6375,575
50um-064-007,1,64,7,6375,675
50um-064-008,1,64,8,6375,775
50um-064-009,1,64,9,6375,875
50um-064-010,1,64,10,6375,975
50um-064-011,1,64,11,6375,1075
50um-064-012,1,64,12,6375,1175
50um-064-013,1,64,13,6375,1275
50um-064-014,1,64,14,6375,1375
50um-064-015,1,64,15,6375,1475
50um-064-016,1,64,16,6375,1575
50um-064-017,1,64,17,6375,1675
50um-064-018,1,64,18,6375,1775
50um-064-019,1,64,19,6375,1875
50um-064-020,1,64,20,6375,1975
50um-064-021,1,64,21,6375,2075
50um-064-022,1,64,22,6375,2175
50um-064-023,1,64,23,6375,2275
50um-064-024,1,64,24,6375,2375
50um-064-025,1,64,25,6375,2475
50um-064-026,1,64,26,6375,2575
50um-064-027,1,64,27,6375,2675
50um-064-028,1,64,28,6375,2775
50um-064-029,1,64,29,6375,2875
50um-064-030,1,64,30,6375,2975
50um-064-031,1,64,31,6375,3075
50um-064-032,1,64,32,6375,3175
50um-064-033,1,64,33,6375,3275
50um-064-034,1,64,34,6375,3375
50um-064-035,1,64,35,6375,3475
50um-064-036,1,64,36,6375,3575
50um-064-037,1,64,37,6375,3675
50um-064-038,1,64,38,6375,3775
50um-064-039,1,64,39,6375,3875
50um-064-040,1,64,40,6375,3975
50um-064-041,1,64,41,6375,4075
50um-064-042,1,64,42,6375,4175
50um-064-043,1,64,43,6375,4275
50um-064-044,1,64,44,6375,4375
50um-064-045,1,64,45,6375,4475
50um-064-046,1,64,46,6375,4575
50um-064-047,1,64,47,6375,4675
50um-064-048,1,64,48,6375,4775
50um-064-049,1,64,49,6375,4875
50um-064-050,1,64,50,6375,4975
50um-064-051,1,64,51,6375,5075
50um-064-052,1,64,52,6375,5175
50um-064-053,1,64,53,6375,5275
50um-064-054,1,64,54,6375,5375
50um-064-055,1,64,55,6375,5475
50um-064-056,1,64,56,6375,5575
50um-064-057,1,64,57,6375,5675
50um-064-058,1,64,58,6375,5775
50um-064-059,1,64,59,6375,5875
50um-064-060,1,64,60,6375,5975
50um-064-061,1,64,61,6375,6075
50um-064-062,1,64,62,6375,6175
50um-064-063,1,64,63,6375,6275
50um-064-064,1,64,64,6375,6375
