barcode,in_tissue,array_row,array_col,pxl_row_in_fullres,pxl_col_in_fullres
15um-001-001,1,1,1,33,33
15um-001-002,1,1,2,33,73
15um-001-003,1,1,3,33,113
15um-001-004,1,1,4,33,153
15um-001-005,1,1,5,33,193
15um-001-006,1,1,6,33,233
15um-001-007,1,1,7,33,273
15um-001-008,1,1,8,33,313
15um-001-009,1,1,9,33,353
15um-001-010,1,1,10,33,393
15um-001-011,1,1,11,33,433
15um-001-012,1,1,12,33,473
15um-001-013,1,1,13,33,513
15um-001-014,1,1,14,33,553
15um-001-015,1,1,15,33,593
15um-001-016,1,1,16,33,633
15um-001-017,1,1,17,33,673
15um-001-018,1,1,18,33,713
15um-001-019,1,1,19,33,753
15um-001-020,1,1,20,33,793
15um-001-021,1,1,21,33,833
15um-001-022,1,1,22,33,873
15um-001-023,1,1,23,33,913
15um-001-024,1,1,24,33,953
15um-001-025,1,1,25,33,993
15um-001-026,1,1,26,33,1033
15um-001-027,1,1,27,33,1073
15um-001-028,1,1,28,33,1113
15um-001-029,1,1,29,33,1153
15um-001-030,1,1,30,33,1193
15um-001-031,1,1,31,33,1233
15um-001-032,1,1,32,33,1273
15um-001-033,1,1,33,33,1313
15um-001-034,1,1,34,33,1353
15um-001-035,1,1,35,33,1393
15um-001-036,1,1,36,33,1433
15um-001-037,1,1,37,33,1473
15um-001-038,1,1,38,33,1513
15um-001-039,1,1,39,33,1553
15um-001-040,1,1,40,33,1593
15um-001-041,1,1,41,33,1633
15um-001-042,1,1,42,33,1673
15um-001-043,1,1,43,33,1713
15um-001-044,1,1,44,33,1753
15um-001-045,1,1,45,33,1793
15um-001-046,1,1,46,33,1833
15um-001-047,1,1,47,33,1873
15um-001-048,1,1,48,33,1913
15um-001-049,1,1,49,33,1953
15um-001-050,1,1,50,33,1993
15um-001-051,1,1,51,33,2033
15um-001-052,1,1,52,33,2073
15um-001-053,1,1,53,33,2113
15um-001-054,1,1,54,33,2153
15um-001-055,1,1,55,33,2193
15um-001-056,1,1,56,33,2233
15um-001-057,1,1,57,33,2273
15um-001-058,1,1,58,33,2313
15um-001-059,1,1,59,33,2353
15um-001-060,1,1,60,33,2393
15um-001-061,1,1,61,33,2433
15um-001-062,1,1,62,33,2473
15um-001-063,1,1,63,33,2513
15um-001-064,1,1,64,33,2553
15um-001-065,1,1,65,33,2593
15um-001-066,1,1,66,33,2633
15um-001-067,1,1,67,33,2673
15um-001-068,1,1,68,33,2713
15um-001-069,1,1,69,33,2753
15um-001-070,1,1,70,33,2793
15um-001-071,1,1,71,33,2833
15um-001-072,1,1,72,33,2873
15um-001-073,1,1,73,33,2913
15um-001-074,1,1,74,33,2953
15um-001-075,1,1,75,33,2993
15um-001-076,1,1,76,33,3033
15um-001-077,1,1,77,33,3073
15um-001-078,1,1,78,33,3113
15um-001-079,1,1,79,33,3153
15um-001-080,1,1,80,33,3193
15um-001-081,1,1,81,33,3233
15um-001-082,1,1,82,33,3273
15um-001-083,1,1,83,33,3313
15um-001-084,1,1,84,33,3353
15um-001-085,1,1,85,33,3393
15um-001-086,1,1,86,33,3433
15um-001-087,1,1,87,33,3473
15um-001-088,1,1,88,33,3513
15um-001-089,1,1,89,33,3553
15um-001-090,1,1,90,33,3593
15um-001-091,1,1,91,33,3633
15um-001-092,1,1,92,33,3673
15um-001-093,1,1,93,33,3713
15um-001-094,1,1,94,33,3753
15um-001-095,1,1,95,33,3793
15um-001-096,1,1,96,33,3833
15um-002-001,1,2,1,73,33
15um-002-002,1,2,2,73,73
15um-002-003,1,2,3,73,113
15um-002-004,1,2,4,73,153
15um-002-005,1,2,5,73,193
15um-002-006,1,2,6,73,233
15um-002-007,1,2,7,73,273
15um-002-008,1,2,8,73,313
15um-002-009,1,2,9,73,353
15um-002-010,1,2,10,73,393
15um-002-011,1,2,11,73,433
15um-002-012,1,2,12,73,473
15um-002-013,1,2,13,73,513
15um-002-014,1,2,14,73,553
15um-002-015,1,2,15,73,593
15um-002-016,1,2,16,73,633
15um-002-017,1,2,17,73,673
15um-002-018,1,2,18,73,713
15um-002-019,1,2,19,73,753
15um-002-020,1,2,20,73,793
15um-002-021,1,2,21,73,833
15um-002-022,1,2,22,73,873
15um-002-023,1,2,23,73,913
15um-002-024,1,2,24,73,953
15um-002-025,1,2,25,73,993
15um-002-026,1,2,26,73,1033
15um-002-027,1,2,27,73,1073
15um-002-028,1,2,28,73,1113
15um-002-029,1,2,29,73,1153
15um-002-030,1,2,30,73,1193
15um-002-031,1,2,31,73,1233
15um-002-032,1,2,32,73,1273
15um-002-033,1,2,33,73,1313
15um-002-034,1,2,34,73,1353
15um-002-035,1,2,35,73,1393
15um-002-036,1,2,36,73,1433
15um-002-037,1,2,37,73,1473
15um-002-038,1,2,38,73,1513
15um-002-039,1,2,39,73,1553
15um-002-040,1,2,40,73,1593
15um-002-041,1,2,41,73,1633
15um-002-042,1,2,42,73,1673
15um-002-043,1,2,43,73,1713
15um-002-044,1,2,44,73,1753
15um-002-045,1,2,45,73,1793
15um-002-046,1,2,46,73,1833
15um-002-047,1,2,47,73,1873
15um-002-048,1,2,48,73,1913
15um-002-049,1,2,49,73,1953
15um-002-050,1,2,50,73,1993
15um-002-051,1,2,51,73,2033
15um-002-052,1,2,52,73,2073
15um-002-053,1,2,53,73,2113
15um-002-054,1,2,54,73,2153
15um-002-055,1,2,55,73,2193
15um-002-056,1,2,56,73,2233
15um-002-057,1,2,57,73,2273
15um-002-058,1,2,58,73,2313
15um-002-059,1,2,59,73,2353
15um-002-060,1,2,60,73,2393
15um-002-061,1,2,61,73,2433
15um-002-062,1,2,62,73,2473
15um-002-063,1,2,63,73,2513
15um-002-064,1,2,64,73,2553
15um-002-065,1,2,65,73,2593
15um-002-066,1,2,66,73,2633
15um-002-067,1,2,67,73,2673
15um-002-068,1,2,68,73,2713
15um-002-069,1,2,69,73,2753
15um-002-070,1,2,70,73,2793
15um-002-071,1,2,71,73,2833
15um-002-072,1,2,72,73,2873
15um-002-073,1,2,73,73,2913
15um-002-074,1,2,74,73,2953
15um-002-075,1,2,75,73,2993
15um-002-076,1,2,76,73,3033
15um-002-077,1,2,77,73,3073
15um-002-078,1,2,78,73,3113
15um-002-079,1,2,79,73,3153
15um-002-080,1,2,80,73,3193
15um-002-081,1,2,81,73,3233
15um-002-082,1,2,82,73,3273
15um-002-083,1,2,83,73,3313
15um-002-084,1,2,84,73,3353
15um-002-085,1,2,85,73,3393
15um-002-086,1,2,86,73,3433
15um-002-087,1,2,87,73,3473
15um-002-088,1,2,88,73,3513
15um-002-089,1,2,89,73,3553
15um-002-090,1,2,90,73,3593
15um-002-091,1,2,91,73,3633
15um-002-092,1,2,92,73,3673
15um-002-093,1,2,93,73,3713
15um-002-094,1,2,94,73,3753
15um-002-095,1,2,95,73,3793
15um-002-096,1,2,96,73,3833
15um-003-001,1,3,1,113,33
15um-003-002,1,3,2,113,73
15um-003-003,1,3,3,113,113
15um-003-004,1,3,4,113,153
15um-003-005,1,3,5,113,193
15um-003-006,1,3,6,113,233
15um-003-007,1,3,7,113,273
15um-003-008,1,3,8,113,313
15um-003-009,1,3,9,113,353
15um-003-010,1,3,10,113,393
15um-003-011,1,3,11,113,433
15um-003-012,1,3,12,113,473
15um-003-013,1,3,13,113,513
15um-003-014,1,3,14,113,553
15um-003-015,1,3,15,113,593
15um-003-016,1,3,16,113,633
15um-003-017,1,3,17,113,673
15um-003-018,1,3,18,113,713
15um-003-019,1,3,19,113,753
15um-003-020,1,3,20,113,793
15um-003-021,1,3,21,113,833
15um-003-022,1,3,22,113,873
15um-003-023,1,3,23,113,913
15um-003-024,1,3,24,113,953
15um-003-025,1,3,25,113,993
15um-003-026,1,3,26,113,1033
15um-003-027,1,3,27,113,1073
15um-003-028,1,3,28,113,1113
15um-003-029,1,3,29,113,1153
15um-003-030,1,3,30,113,1193
15um-003-031,1,3,31,113,1233
15um-003-032,1,3,32,113,1273
15um-003-033,1,3,33,113,1313
15um-003-034,1,3,34,113,1353
15um-003-035,1,3,35,113,1393
15um-003-036,1,3,36,113,1433
15um-003-037,1,3,37,113,1473
15um-003-038,1,3,38,113,1513
15um-003-039,1,3,39,113,1553
15um-003-040,1,3,40,113,1593
15um-003-041,1,3,41,113,1633
15um-003-042,1,3,42,113,1673
15um-003-043,1,3,43,113,1713
15um-003-044,1,3,44,113,1753
15um-003-045,1,3,45,113,1793
15um-003-046,1,3,46,113,1833
15um-003-047,1,3,47,113,1873
15um-003-048,1,3,48,113,1913
15um-003-049,1,3,49,113,1953
15um-003-050,1,3,50,113,1993
15um-003-051,1,3,51,113,2033
15um-003-052,1,3,52,113,2073
15um-003-053,1,3,53,113,2113
15um-003-054,1,3,54,113,2153
15um-003-055,1,3,55,113,2193
15um-003-056,1,3,56,113,2233
15um-003-057,1,3,57,113,2273
15um-003-058,1,3,58,113,2313
15um-003-059,1,3,59,113,2353
15um-003-060,1,3,60,113,2393
15um-003-061,1,3,61,113,2433
15um-003-062,1,3,62,113,2473
15um-003-063,1,3,63,113,2513
15um-003-064,1,3,64,113,2553
15um-003-065,1,3,65,113,2593
15um-003-066,1,3,66,113,2633
15um-003-067,1,3,67,113,2673
15um-003-068,1,3,68,113,2713
15um-003-069,1,3,69,113,2753
15um-003-070,1,3,70,113,2793
15um-003-071,1,3,71,113,2833
15um-003-072,1,3,72,113,2873
15um-003-073,1,3,73,113,2913
15um-003-074,1,3,74,113,2953
15um-003-075,1,3,75,113,2993
15um-003-076,1,3,76,113,3033
15um-003-077,1,3,77,113,3073
15um-003-078,1,3,78,113,3113
15um-003-079,1,3,79,113,3153
15um-003-080,1,3,80,113,3193
15um-003-081,1,3,81,113,3233
15um-003-082,1,3,82,113,3273
15um-003-083,1,3,83,113,3313
15um-003-084,1,3,84,113,3353
15um-003-085,1,3,85,113,3393
15um-003-086,1,3,86,113,3433
15um-003-087,1,3,87,113,3473
15um-003-088,1,3,88,113,3513
15um-003-089,1,3,89,113,3553
15um-003-090,1,3,90,113,3593
15um-003-091,1,3,91,113,3633
15um-003-092,1,3,92,113,3673
15um-003-093,1,3,93,113,3713
15um-003-094,1,3,94,113,3753
15um-003-095,1,3,95,113,3793
15um-003-096,1,3,96,113,3833
15um-004-001,1,4,1,153,33
15um-004-002,1,4,2,153,73
15um-004-003,1,4,3,153,113
15um-004-004,1,4,4,153,153
15um-004-005,1,4,5,153,193
15um-004-006,1,4,6,153,233
15um-004-007,1,4,7,153,273
15um-004-008,1,4,8,153,313
15um-004-009,1,4,9,153,353
15um-004-010,1,4,10,153,393
15um-004-011,1,4,11,153,433
15um-004-012,1,4,12,153,473
15um-004-013,1,4,13,153,513
15um-004-014,1,4,14,153,553
15um-004-015,1,4,15,153,593
15um-004-016,1,4,16,153,633
15um-004-017,1,4,17,153,673
15um-004-018,1,4,18,153,713
15um-004-019,1,4,19,153,753
15um-004-020,1,4,20,153,793
15um-004-021,1,4,21,153,833
15um-004-022,1,4,22,153,873
15um-004-023,1,4,23,153,913
15um-004-024,1,4,24,153,953
15um-004-025,1,4,25,153,993
15um-004-026,1,4,26,153,1033
15um-004-027,1,4,27,153,1073
15um-004-028,1,4,28,153,1113
15um-004-029,1,4,29,153,1153
15um-004-030,1,4,30,153,1193
15um-004-031,1,4,31,153,1233
15um-004-032,1,4,32,153,1273
15um-004-033,1,4,33,153,1313
15um-004-034,1,4,34,153,1353
15um-004-035,1,4,35,153,1393
15um-004-036,1,4,36,153,1433
15um-004-037,1,4,37,153,1473
15um-004-038,1,4,38,153,1513
15um-004-039,1,4,39,153,1553
15um-004-040,1,4,40,153,1593
15um-004-041,1,4,41,153,1633
15um-004-042,1,4,42,153,1673
15um-004-043,1,4,43,153,1713
15um-004-044,1,4,44,153,1753
15um-004-045,1,4,45,153,1793
15um-004-046,1,4,46,153,1833
15um-004-047,1,4,47,153,1873
15um-004-048,1,4,48,153,1913
15um-004-049,1,4,49,153,1953
15um-004-050,1,4,50,153,1993
15um-004-051,1,4,51,153,2033
15um-004-052,1,4,52,153,2073
15um-004-053,1,4,53,153,2113
15um-004-054,1,4,54,153,2153
15um-004-055,1,4,55,153,2193
15um-004-056,1,4,56,153,2233
15um-004-057,1,4,57,153,2273
15um-004-058,1,4,58,153,2313
15um-004-059,1,4,59,153,2353
15um-004-060,1,4,60,153,2393
15um-004-061,1,4,61,153,2433
15um-004-062,1,4,62,153,2473
15um-004-063,1,4,63,153,2513
15um-004-064,1,4,64,153,2553
15um-004-065,1,4,65,153,2593
15um-004-066,1,4,66,153,2633
15um-004-067,1,4,67,153,2673
15um-004-068,1,4,68,153,2713
15um-004-069,1,4,69,153,2753
15um-004-070,1,4,70,153,2793
15um-004-071,1,4,71,153,2833
15um-004-072,1,4,72,153,2873
15um-004-073,1,4,73,153,2913
15um-004-074,1,4,74,153,2953
15um-004-075,1,4,75,153,2993
15um-004-076,1,4,76,153,3033
15um-004-077,1,4,77,153,3073
15um-004-078,1,4,78,153,3113
15um-004-079,1,4,79,153,3153
15um-004-080,1,4,80,153,3193
15um-004-081,1,4,81,153,3233
15um-004-082,1,4,82,153,3273
15um-004-083,1,4,83,153,3313
15um-004-084,1,4,84,153,3353
15um-004-085,1,4,85,153,3393
15um-004-086,1,4,86,153,3433
15um-004-087,1,4,87,153,3473
15um-004-088,1,4,88,153,3513
15um-004-089,1,4,89,153,3553
15um-004-090,1,4,90,153,3593
15um-004-091,1,4,91,153,3633
15um-004-092,1,4,92,153,3673
15um-004-093,1,4,93,153,3713
15um-004-094,1,4,94,153,3753
15um-004-095,1,4,95,153,3793
15um-004-096,1,4,96,153,3833
15um-005-001,1,5,1,193,33
15um-005-002,1,5,2,193,73
15um-005-003,1,5,3,193,113
15um-005-004,1,5,4,193,153
15um-005-005,1,5,5,193,193
15um-005-006,1,5,6,193,233
15um-005-007,1,5,7,193,273
15um-005-008,1,5,8,193,313
15um-005-009,1,5,9,193,353
15um-005-010,1,5,10,193,393
15um-005-011,1,5,11,193,433
15um-005-012,1,5,12,193,473
15um-005-013,1,5,13,193,513
15um-005-014,1,5,14,193,553
15um-005-015,1,5,15,193,593
15um-005-016,1,5,16,193,633
15um-005-017,1,5,17,193,673
15um-005-018,1,5,18,193,713
15um-005-019,1,5,19,193,753
15um-005-020,1,5,20,193,793
15um-005-021,1,5,21,193,833
15um-005-022,1,5,22,193,873
15um-005-023,1,5,23,193,913
15um-005-024,1,5,24,193,953
15um-005-025,1,5,25,193,993
15um-005-026,1,5,26,193,1033
15um-005-027,1,5,27,193,1073
15um-005-028,1,5,28,193,1113
15um-005-029,1,5,29,193,1153
15um-005-030,1,5,30,193,1193
15um-005-031,1,5,31,193,1233
15um-005-032,1,5,32,193,1273
15um-005-033,1,5,33,193,1313
15um-005-034,1,5,34,193,1353
15um-005-035,1,5,35,193,1393
15um-005-036,1,5,36,193,1433
15um-005-037,1,5,37,193,1473
15um-005-038,1,5,38,193,1513
15um-005-039,1,5,39,193,1553
15um-005-040,1,5,40,193,1593
15um-005-041,1,5,41,193,1633
15um-005-042,1,5,42,193,1673
15um-005-043,1,5,43,193,1713
15um-005-044,1,5,44,193,1753
15um-005-045,1,5,45,193,1793
15um-005-046,1,5,46,193,1833
15um-005-047,1,5,47,193,1873
15um-005-048,1,5,48,193,1913
15um-005-049,1,5,49,193,1953
15um-005-050,1,5,50,193,1993
15um-005-051,1,5,51,193,2033
15um-005-052,1,5,52,193,2073
15um-005-053,1,5,53,193,2113
15um-005-054,1,5,54,193,2153
15um-005-055,1,5,55,193,2193
15um-005-056,1,5,56,193,2233
15um-005-057,1,5,57,193,2273
15um-005-058,1,5,58,193,2313
15um-005-059,1,5,59,193,2353
15um-005-060,1,5,60,193,2393
15um-005-061,1,5,61,193,2433
15um-005-062,1,5,62,193,2473
15um-005-063,1,5,63,193,2513
15um-005-064,1,5,64,193,2553
15um-005-065,1,5,65,193,2593
15um-005-066,1,5,66,193,2633
15um-005-067,1,5,67,193,2673
15um-005-068,1,5,68,193,2713
15um-005-069,1,5,69,193,2753
15um-005-070,1,5,70,193,2793
15um-005-071,1,5,71,193,2833
15um-005-072,1,5,72,193,2873
15um-005-073,1,5,73,193,2913
15um-005-074,1,5,74,193,2953
15um-005-075,1,5,75,193,2993
15um-005-076,1,5,76,193,3033
15um-005-077,1,5,77,193,3073
15um-005-078,1,5,78,193,3113
15um-005-079,1,5,79,193,3153
15um-005-080,1,5,80,193,3193
15um-005-081,1,5,81,193,3233
15um-005-082,1,5,82,193,3273
15um-005-083,1,5,83,193,3313
15um-005-084,1,5,84,193,3353
15um-005-085,1,5,85,193,3393
15um-005-086,1,5,86,193,3433
15um-005-087,1,5,87,193,3473
15um-005-088,1,5,88,193,3513
15um-005-089,1,5,89,193,3553
15um-005-090,1,5,90,193,3593
15um-005-091,1,5,91,193,3633
15um-005-092,1,5,92,193,3673
15um-005-093,1,5,93,193,3713
15um-005-094,1,5,94,193,3753
15um-005-095,1,5,95,193,3793
15um-005-096,1,5,96,193,3833
15um-006-001,1,6,1,233,33
15um-006-002,1,6,2,233,73
15um-006-003,1,6,3,233,113
15um-006-004,1,6,4,233,153
15um-006-005,1,6,5,233,193
15um-006-006,1,6,6,233,233
15um-006-007,1,6,7,233,273
15um-006-008,1,6,8,233,313
15um-006-009,1,6,9,233,353
15um-006-010,1,6,10,233,393
15um-006-011,1,6,11,233,433
15um-006-012,1,6,12,233,473
15um-006-013,1,6,13,233,513
15um-006-014,1,6,14,233,553
15um-006-015,1,6,15,233,593
15um-006-016,1,6,16,233,633
15um-006-017,1,6,17,233,673
15um-006-018,1,6,18,233,713
15um-006-019,1,6,19,233,753
15um-006-020,1,6,20,233,793
15um-006-021,1,6,21,233,833
15um-006-022,1,6,22,233,873
15um-006-023,1,6,23,233,913
15um-006-024,1,6,24,233,953
15um-006-025,1,6,25,233,993
15um-006-026,1,6,26,233,1033
15um-006-027,1,6,27,233,1073
15um-006-028,1,6,28,233,1113
15um-006-029,1,6,29,233,1153
15um-006-030,1,6,30,233,1193
15um-006-031,1,6,31,233,1233
15um-006-032,1,6,32,233,1273
15um-006-033,1,6,33,233,1313
15um-006-034,1,6,34,233,1353
15um-006-035,1,6,35,233,1393
15um-006-036,1,6,36,233,1433
15um-006-037,1,6,37,233,1473
15um-006-038,1,6,38,233,1513
15um-006-039,1,6,39,233,1553
15um-006-040,1,6,40,233,1593
15um-006-041,1,6,41,233,1633
15um-006-042,1,6,42,233,1673
15um-006-043,1,6,43,233,1713
15um-006-044,1,6,44,233,1753
15um-006-045,1,6,45,233,1793
15um-006-046,1,6,46,233,1833
15um-006-047,1,6,47,233,1873
15um-006-048,1,6,48,233,1913
15um-006-049,1,6,49,233,1953
15um-006-050,1,6,50,233,1993
15um-006-051,1,6,51,233,2033
15um-006-052,1,6,52,233,2073
15um-006-053,1,6,53,233,2113
15um-006-054,1,6,54,233,2153
15um-006-055,1,6,55,233,2193
15um-006-056,1,6,56,233,2233
15um-006-057,1,6,57,233,2273
15um-006-058,1,6,58,233,2313
15um-006-059,1,6,59,233,2353
15um-006-060,1,6,60,233,2393
15um-006-061,1,6,61,233,2433
15um-006-062,1,6,62,233,2473
15um-006-063,1,6,63,233,2513
15um-006-064,1,6,64,233,2553
15um-006-065,1,6,65,233,2593
15um-006-066,1,6,66,233,2633
15um-006-067,1,6,67,233,2673
15um-006-068,1,6,68,233,2713
15um-006-069,1,6,69,233,2753
15um-006-070,1,6,70,233,2793
15um-006-071,1,6,71,233,2833
15um-006-072,1,6,72,233,2873
15um-006-073,1,6,73,233,2913
15um-006-074,1,6,74,233,2953
15um-006-075,1,6,75,233,2993
15um-006-076,1,6,76,233,3033
15um-006-077,1,6,77,233,3073
15um-006-078,1,6,78,233,3113
15um-006-079,1,6,79,233,3153
15um-006-080,1,6,80,233,3193
15um-006-081,1,6,81,233,3233
15um-006-082,1,6,82,233,3273
15um-006-083,1,6,83,233,3313
15um-006-084,1,6,84,233,3353
15um-006-085,1,6,85,233,3393
15um-006-086,1,6,86,233,3433
15um-006-087,1,6,87,233,3473
15um-006-088,1,6,88,233,3513
15um-006-089,1,6,89,233,3553
15um-006-090,1,6,90,233,3593
15um-006-091,1,6,91,233,3633
15um-006-092,1,6,92,233,3673
15um-006-093,1,6,93,233,3713
15um-006-094,1,6,94,233,3753
15um-006-095,1,6,95,233,3793
15um-006-096,1,6,96,233,3833
15um-007-001,1,7,1,273,33
15um-007-002,1,7,2,273,73
15um-007-003,1,7,3,273,113
15um-007-004,1,7,4,273,153
15um-007-005,1,7,5,273,193
15um-007-006,1,7,6,273,233
15um-007-007,1,7,7,273,273
15um-007-008,1,7,8,273,313
15um-007-009,1,7,9,273,353
15um-007-010,1,7,10,273,393
15um-007-011,1,7,11,273,433
15um-007-012,1,7,12,273,473
15um-007-013,1,7,13,273,513
15um-007-014,1,7,14,273,553
15um-007-015,1,7,15,273,593
15um-007-016,1,7,16,273,633
15um-007-017,1,7,17,273,673
15um-007-018,1,7,18,273,713
15um-007-019,1,7,19,273,753
15um-007-020,1,7,20,273,793
15um-007-021,1,7,21,273,833
15um-007-022,1,7,22,273,873
15um-007-023,1,7,23,273,913
15um-007-024,1,7,24,273,953
15um-007-025,1,7,25,273,993
15um-007-026,1,7,26,273,1033
15um-007-027,1,7,27,273,1073
15um-007-028,1,7,28,273,1113
15um-007-029,1,7,29,273,1153
15um-007-030,1,7,30,273,1193
15um-007-031,1,7,31,273,1233
15um-007-032,1,7,32,273,1273
15um-007-033,1,7,33,273,1313
15um-007-034,1,7,34,273,1353
15um-007-035,1,7,35,273,1393
15um-007-036,1,7,36,273,1433
15um-007-037,1,7,37,273,1473
15um-007-038,1,7,38,273,1513
15um-007-039,1,7,39,273,1553
15um-007-040,1,7,40,273,1593
15um-007-041,1,7,41,273,1633
15um-007-042,1,7,42,273,1673
15um-007-043,1,7,43,273,1713
15um-007-044,1,7,44,273,1753
15um-007-045,1,7,45,273,1793
15um-007-046,1,7,46,273,1833
15um-007-047,1,7,47,273,1873
15um-007-048,1,7,48,273,1913
15um-007-049,1,7,49,273,1953
15um-007-050,1,7,50,273,1993
15um-007-051,1,7,51,273,2033
15um-007-052,1,7,52,273,2073
15um-007-053,1,7,53,273,2113
15um-007-054,1,7,54,273,2153
15um-007-055,1,7,55,273,2193
15um-007-056,1,7,56,273,2233
15um-007-057,1,7,57,273,2273
15um-007-058,1,7,58,273,2313
15um-007-059,1,7,59,273,2353
15um-007-060,1,7,60,273,2393
15um-007-061,1,7,61,273,2433
15um-007-062,1,7,62,273,2473
15um-007-063,1,7,63,273,2513
15um-007-064,1,7,64,273,2553
15um-007-065,1,7,65,273,2593
15um-007-066,1,7,66,273,2633
15um-007-067,1,7,67,273,2673
15um-007-068,1,7,68,273,2713
15um-007-069,1,7,69,273,2753
15um-007-070,1,7,70,273,2793
15um-007-071,1,7,71,273,2833
15um-007-072,1,7,72,273,2873
15um-007-073,1,7,73,273,2913
15um-007-074,1,7,74,273,2953
15um-007-075,1,7,75,273,2993
15um-007-076,1,7,76,273,3033
15um-007-077,1,7,77,273,3073
15um-007-078,1,7,78,273,3113
15um-007-079,1,7,79,273,3153
15um-007-080,1,7,80,273,3193
15um-007-081,1,7,81,273,3233
15um-007-082,1,7,82,273,3273
15um-007-083,1,7,83,273,3313
15um-007-084,1,7,84,273,3353
15um-007-085,1,7,85,273,3393
15um-007-086,1,7,86,273,3433
15um-007-087,1,7,87,273,3473
15um-007-088,1,7,88,273,3513
15um-007-089,1,7,89,273,3553
15um-007-090,1,7,90,273,3593
15um-007-091,1,7,91,273,3633
15um-007-092,1,7,92,273,3673
15um-007-093,1,7,93,273,3713
15um-007-094,1,7,94,273,3753
15um-007-095,1,7,95,273,3793
15um-007-096,1,7,96,273,3833
15um-008-001,1,8,1,313,33
15um-008-002,1,8,2,313,73
15um-008-003,1,8,3,313,113
15um-008-004,1,8,4,313,153
15um-008-005,1,8,5,313,193
15um-008-006,1,8,6,313,233
15um-008-007,1,8,7,313,273
15um-008-008,1,8,8,313,313
15um-008-009,1,8,9,313,353
15um-008-010,1,8,10,313,393
15um-008-011,1,8,11,313,433
15um-008-012,1,8,12,313,473
15um-008-013,1,8,13,313,513
15um-008-014,1,8,14,313,553
15um-008-015,1,8,15,313,593
15um-008-016,1,8,16,313,633
15um-008-017,1,8,17,313,673
15um-008-018,1,8,18,313,713
15um-008-019,1,8,19,313,753
15um-008-020,1,8,20,313,793
15um-008-021,1,8,21,313,833
15um-008-022,1,8,22,313,873
15um-008-023,1,8,23,313,913
15um-008-024,1,8,24,313,953
15um-008-025,1,8,25,313,993
15um-008-026,1,8,26,313,1033
15um-008-027,1,8,27,313,1073
15um-008-028,1,8,28,313,1113
15um-008-029,1,8,29,313,1153
15um-008-030,1,8,30,313,1193
15um-008-031,1,8,31,313,1233
15um-008-032,1,8,32,313,1273
15um-008-033,1,8,33,313,1313
15um-008-034,1,8,34,313,1353
15um-008-035,1,8,35,313,1393
15um-008-036,1,8,36,313,1433
15um-008-037,1,8,37,313,1473
15um-008-038,1,8,38,313,1513
15um-008-039,1,8,39,313,1553
15um-008-040,1,8,40,313,1593
15um-008-041,1,8,41,313,1633
15um-008-042,1,8,42,313,1673
15um-008-043,1,8,43,313,1713
15um-008-044,1,8,44,313,1753
15um-008-045,1,8,45,313,1793
15um-008-046,1,8,46,313,1833
15um-008-047,1,8,47,313,1873
15um-008-048,1,8,48,313,1913
15um-008-049,1,8,49,313,1953
15um-008-050,1,8,50,313,1993
15um-008-051,1,8,51,313,2033
15um-008-052,1,8,52,313,2073
15um-008-053,1,8,53,313,2113
15um-008-054,1,8,54,313,2153
15um-008-055,1,8,55,313,2193
15um-008-056,1,8,56,313,2233
15um-008-057,1,8,57,313,2273
15um-008-058,1,8,58,313,2313
15um-008-059,1,8,59,313,2353
15um-008-060,1,8,60,313,2393
15um-008-061,1,8,61,313,2433
15um-008-062,1,8,62,313,2473
15um-008-063,1,8,63,313,2513
15um-008-064,1,8,64,313,2553
15um-008-065,1,8,65,313,2593
15um-008-066,1,8,66,313,2633
15um-008-067,1,8,67,313,2673
15um-008-068,1,8,68,313,2713
15um-008-069,1,8,69,313,2753
15um-008-070,1,8,70,313,2793
15um-008-071,1,8,71,313,2833
15um-008-072,1,8,72,313,2873
15um-008-073,1,8,73,313,2913
15um-008-074,1,8,74,313,2953
15um-008-075,1,8,75,313,2993
15um-008-076,1,8,76,313,3033
15um-008-077,1,8,77,313,3073
15um-008-078,1,8,78,313,3113
15um-008-079,1,8,79,313,3153
15um-008-080,1,8,80,313,3193
15um-008-081,1,8,81,313,3233
15um-008-082,1,8,82,313,3273
15um-008-083,1,8,83,313,3313
15um-008-084,1,8,84,313,3353
15um-008-085,1,8,85,313,3393
15um-008-086,1,8,86,313,3433
15um-008-087,1,8,87,313,3473
15um-008-088,1,8,88,313,3513
15um-008-089,1,8,89,313,3553
15um-008-090,1,8,90,313,3593
15um-008-091,1,8,91,313,3633
15um-008-092,1,8,92,313,3673
15um-008-093,1,8,93,313,3713
15um-008-094,1,8,94,313,3753
15um-008-095,1,8,95,313,3793
15um-008-096,1,8,96,313,3833
15um-009-001,1,9,1,353,33
15um-009-002,1,9,2,353,73
15um-009-003,1,9,3,353,113
15um-009-004,1,9,4,353,153
15um-009-005,1,9,5,353,193
15um-009-006,1,9,6,353,233
15um-009-007,1,9,7,353,273
15um-009-008,1,9,8,353,313
15um-009-009,1,9,9,353,353
15um-009-010,1,9,10,353,393
15um-009-011,1,9,11,353,433
15um-009-012,1,9,12,353,473
15um-009-013,1,9,13,353,513
15um-009-014,1,9,14,353,553
15um-009-015,1,9,15,353,593
15um-009-016,1,9,16,353,633
15um-009-017,1,9,17,353,673
15um-009-018,1,9,18,353,713
15um-009-019,1,9,19,353,753
15um-009-020,1,9,20,353,793
15um-009-021,1,9,21,353,833
15um-009-022,1,9,22,353,873
15um-009-023,1,9,23,353,913
15um-009-024,1,9,24,353,953
15um-009-025,1,9,25,353,993
15um-009-026,1,9,26,353,1033
15um-009-027,1,9,27,353,1073
15um-009-028,1,9,28,353,1113
15um-009-029,1,9,29,353,1153
15um-009-030,1,9,30,353,1193
15um-009-031,1,9,31,353,1233
15um-009-032,1,9,32,353,1273
15um-009-033,1,9,33,353,1313
15um-009-034,1,9,34,353,1353
15um-009-035,1,9,35,353,1393
15um-009-036,1,9,36,353,1433
15um-009-037,1,9,37,353,1473
15um-009-038,1,9,38,353,1513
15um-009-039,1,9,39,353,1553
15um-009-040,1,9,40,353,1593
15um-009-041,1,9,41,353,1633
15um-009-042,1,9,42,353,1673
15um-009-043,1,9,43,353,1713
15um-009-044,1,9,44,353,1753
15um-009-045,1,9,45,353,1793
15um-009-046,1,9,46,353,1833
15um-009-047,1,9,47,353,1873
15um-009-048,1,9,48,353,1913
15um-009-049,1,9,49,353,1953
15um-009-050,1,9,50,353,1993
15um-009-051,1,9,51,353,2033
15um-009-052,1,9,52,353,2073
15um-009-053,1,9,53,353,2113
15um-009-054,1,9,54,353,2153
15um-009-055,1,9,55,353,2193
15um-009-056,1,9,56,353,2233
15um-009-057,1,9,57,353,2273
15um-009-058,1,9,58,353,2313
15um-009-059,1,9,59,353,2353
15um-009-060,1,9,60,353,2393
15um-009-061,1,9,61,353,2433
15um-009-062,1,9,62,353,2473
15um-009-063,1,9,63,353,2513
15um-009-064,1,9,64,353,2553
15um-009-065,1,9,65,353,2593
15um-009-066,1,9,66,353,2633
15um-009-067,1,9,67,353,2673
15um-009-068,1,9,68,353,2713
15um-009-069,1,9,69,353,2753
15um-009-070,1,9,70,353,2793
15um-009-071,1,9,71,353,2833
15um-009-072,1,9,72,353,2873
15um-009-073,1,9,73,353,2913
15um-009-074,1,9,74,353,2953
15um-009-075,1,9,75,353,2993
15um-009-076,1,9,76,353,3033
15um-009-077,1,9,77,353,3073
15um-009-078,1,9,78,353,3113
15um-009-079,1,9,79,353,3153
15um-009-080,1,9,80,353,3193
15um-009-081,1,9,81,353,3233
15um-009-082,1,9,82,353,3273
15um-009-083,1,9,83,353,3313
15um-009-084,1,9,84,353,3353
15um-009-085,1,9,85,353,3393
15um-009-086,1,9,86,353,3433
15um-009-087,1,9,87,353,3473
15um-009-088,1,9,88,353,3513
15um-009-089,1,9,89,353,3553
15um-009-090,1,9,90,353,3593
15um-009-091,1,9,91,353,3633
15um-009-092,1,9,92,353,3673
15um-009-093,1,9,93,353,3713
15um-009-094,1,9,94,353,3753
15um-009-095,1,9,95,353,3793
15um-009-096,1,9,96,353,3833
15um-010-001,1,10,1,393,33
15um-010-002,1,10,2,393,73
15um-010-003,1,10,3,393,113
15um-010-004,1,10,4,393,153
15um-010-005,1,10,5,393,193
15um-010-006,1,10,6,393,233
15um-010-007,1,10,7,393,273
15um-010-008,1,10,8,393,313
15um-010-009,1,10,9,393,353
15um-010-010,1,10,10,393,393
15um-010-011,1,10,11,393,433
15um-010-012,1,10,12,393,473
15um-010-013,1,10,13,393,513
15um-010-014,1,10,14,393,553
15um-010-015,1,10,15,393,593
15um-010-016,1,10,16,393,633
15um-010-017,1,10,17,393,673
15um-010-018,1,10,18,393,713
15um-010-019,1,10,19,393,753
15um-010-020,1,10,20,393,793
15um-010-021,1,10,21,393,833
15um-010-022,1,10,22,393,873
15um-010-023,1,10,23,393,913
15um-010-024,1,10,24,393,953
15um-010-025,1,10,25,393,993
15um-010-026,1,10,26,393,1033
15um-010-027,1,10,27,393,1073
15um-010-028,1,10,28,393,1113
15um-010-029,1,10,29,393,1153
15um-010-030,1,10,30,393,1193
15um-010-031,1,10,31,393,1233
15um-010-032,1,10,32,393,1273
15um-010-033,1,10,33,393,1313
15um-010-034,1,10,34,393,1353
15um-010-035,1,10,35,393,1393
15um-010-036,1,10,36,393,1433
15um-010-037,1,10,37,393,1473
15um-010-038,1,10,38,393,1513
15um-010-039,1,10,39,393,1553
15um-010-040,1,10,40,393,1593
15um-010-041,1,10,41,393,1633
15um-010-042,1,10,42,393,1673
15um-010-043,1,10,43,393,1713
15um-010-044,1,10,44,393,1753
15um-010-045,1,10,45,393,1793
15um-010-046,1,10,46,393,1833
15um-010-047,1,10,47,393,1873
15um-010-048,1,10,48,393,1913
15um-010-049,1,10,49,393,1953
15um-010-050,1,10,50,393,1993
15um-010-051,1,10,51,393,2033
15um-010-052,1,10,52,393,2073
15um-010-053,1,10,53,393,2113
15um-010-054,1,10,54,393,2153
15um-010-055,1,10,55,393,2193
15um-010-056,1,10,56,393,2233
15um-010-057,1,10,57,393,2273
15um-010-058,1,10,58,393,2313
15um-010-059,1,10,59,393,2353
15um-010-060,1,10,60,393,2393
15um-010-061,1,10,61,393,2433
15um-010-062,1,10,62,393,2473
15um-010-063,1,10,63,393,2513
15um-010-064,1,10,64,393,2553
15um-010-065,1,10,65,393,2593
15um-010-066,1,10,66,393,2633
15um-010-067,1,10,67,393,2673
15um-010-068,1,10,68,393,2713
15um-010-069,1,10,69,393,2753
15um-010-070,1,10,70,393,2793
15um-010-071,1,10,71,393,2833
15um-010-072,1,10,72,393,2873
15um-010-073,1,10,73,393,2913
15um-010-074,1,10,74,393,2953
15um-010-075,1,10,75,393,2993
15um-010-076,1,10,76,393,3033
15um-010-077,1,10,77,393,3073
15um-010-078,1,10,78,393,3113
15um-010-079,1,10,79,393,3153
15um-010-080,1,10,80,393,3193
15um-010-081,1,10,81,393,3233
15um-010-082,1,10,82,393,3273
15um-010-083,1,10,83,393,3313
15um-010-084,1,10,84,393,3353
15um-010-085,1,10,85,393,3393
15um-010-086,1,10,86,393,3433
15um-010-087,1,10,87,393,3473
15um-010-088,1,10,88,393,3513
15um-010-089,1,10,89,393,3553
15um-010-090,1,10,90,393,3593
15um-010-091,1,10,91,393,3633
15um-010-092,1,10,92,393,3673
15um-010-093,1,10,93,393,3713
15um-010-094,1,10,94,393,3753
15um-010-095,1,10,95,393,3793
15um-010-096,1,10,96,393,3833
15um-011-001,1,11,1,433,33
15um-011-002,1,11,2,433,73
15um-011-003,1,11,3,433,113
15um-011-004,1,11,4,433,153
15um-011-005,1,11,5,433,193
15um-011-006,1,11,6,433,233
15um-011-007,1,11,7,433,273
15um-011-008,1,11,8,433,313
15um-011-009,1,11,9,433,353
15um-011-010,1,11,10,433,393
15um-011-011,1,11,11,433,433
15um-011-012,1,11,12,433,473
15um-011-013,1,11,13,433,513
15um-011-014,1,11,14,433,553
15um-011-015,1,11,15,433,593
15um-011-016,1,11,16,433,633
15um-011-017,1,11,17,433,673
15um-011-018,1,11,18,433,713
15um-011-019,1,11,19,433,753
15um-011-020,1,11,20,433,793
15um-011-021,1,11,21,433,833
15um-011-022,1,11,22,433,873
15um-011-023,1,11,23,433,913
15um-011-024,1,11,24,433,953
15um-011-025,1,11,25,433,993
15um-011-026,1,11,26,433,1033
15um-011-027,1,11,27,433,1073
15um-011-028,1,11,28,433,1113
15um-011-029,1,11,29,433,1153
15um-011-030,1,11,30,433,1193
15um-011-031,1,11,31,433,1233
15um-011-032,1,11,32,433,1273
15um-011-033,1,11,33,433,1313
15um-011-034,1,11,34,433,1353
15um-011-035,1,11,35,433,1393
15um-011-036,1,11,36,433,1433
15um-011-037,1,11,37,433,1473
15um-011-038,1,11,38,433,1513
15um-011-039,1,11,39,433,1553
15um-011-040,1,11,40,433,1593
15um-011-041,1,11,41,433,1633
15um-011-042,1,11,42,433,1673
15um-011-043,1,11,43,433,1713
15um-011-044,1,11,44,433,1753
15um-011-045,1,11,45,433,1793
15um-011-046,1,11,46,433,1833
15um-011-047,1,11,47,433,1873
15um-011-048,1,11,48,433,1913
15um-011-049,1,11,49,433,1953
15um-011-050,1,11,50,433,1993
15um-011-051,1,11,51,433,2033
15um-011-052,1,11,52,433,2073
15um-011-053,1,11,53,433,2113
15um-011-054,1,11,54,433,2153
15um-011-055,1,11,55,433,2193
15um-011-056,1,11,56,433,2233
15um-011-057,1,11,57,433,2273
15um-011-058,1,11,58,433,2313
15um-011-059,1,11,59,433,2353
15um-011-060,1,11,60,433,2393
15um-011-061,1,11,61,433,2433
15um-011-062,1,11,62,433,2473
15um-011-063,1,11,63,433,2513
15um-011-064,1,11,64,433,2553
15um-011-065,1,11,65,433,2593
15um-011-066,1,11,66,433,2633
15um-011-067,1,11,67,433,2673
15um-011-068,1,11,68,433,2713
15um-011-069,1,11,69,433,2753
15um-011-070,1,11,70,433,2793
15um-011-071,1,11,71,433,2833
15um-011-072,1,11,72,433,2873
15um-011-073,1,11,73,433,2913
15um-011-074,1,11,74,433,2953
15um-011-075,1,11,75,433,2993
15um-011-076,1,11,76,433,3033
15um-011-077,1,11,77,433,3073
15um-011-078,1,11,78,433,3113
15um-011-079,1,11,79,433,3153
15um-011-080,1,11,80,433,3193
15um-011-081,1,11,81,433,3233
15um-011-082,1,11,82,433,3273
15um-011-083,1,11,83,433,3313
15um-011-084,1,11,84,433,3353
15um-011-085,1,11,85,433,3393
15um-011-086,1,11,86,433,3433
15um-011-087,1,11,87,433,3473
15um-011-088,1,11,88,433,3513
15um-011-089,1,11,89,433,3553
15um-011-090,1,11,90,433,3593
15um-011-091,1,11,91,433,3633
15um-011-092,1,11,92,433,3673
15um-011-093,1,11,93,433,3713
15um-011-094,1,11,94,433,3753
15um-011-095,1,11,95,433,3793
15um-011-096,1,11,96,433,3833
15um-012-001,1,12,1,473,33
15um-012-002,1,12,2,473,73
15um-012-003,1,12,3,473,113
15um-012-004,1,12,4,473,153
15um-012-005,1,12,5,473,193
15um-012-006,1,12,6,473,233
15um-012-007,1,12,7,473,273
15um-012-008,1,12,8,473,313
15um-012-009,1,12,9,473,353
15um-012-010,1,12,10,473,393
15um-012-011,1,12,11,473,433
15um-012-012,1,12,12,473,473
15um-012-013,1,12,13,473,513
15um-012-014,1,12,14,473,553
15um-012-015,1,12,15,473,593
15um-012-016,1,12,16,473,633
15um-012-017,1,12,17,473,673
15um-012-018,1,12,18,473,713
15um-012-019,1,12,19,473,753
15um-012-020,1,12,20,473,793
15um-012-021,1,12,21,473,833
15um-012-022,1,12,22,473,873
15um-012-023,1,12,23,473,913
15um-012-024,1,12,24,473,953
15um-012-025,1,12,25,473,993
15um-012-026,1,12,26,473,1033
15um-012-027,1,12,27,473,1073
15um-012-028,1,12,28,473,1113
15um-012-029,1,12,29,473,1153
15um-012-030,1,12,30,473,1193
15um-012-031,1,12,31,473,1233
15um-012-032,1,12,32,473,1273
15um-012-033,1,12,33,473,1313
15um-012-034,1,12,34,473,1353
15um-012-035,1,12,35,473,1393
15um-012-036,1,12,36,473,1433
15um-012-037,1,12,37,473,1473
15um-012-038,1,12,38,473,1513
15um-012-039,1,12,39,473,1553
15um-012-040,1,12,40,473,1593
15um-012-041,1,12,41,473,1633
15um-012-042,1,12,42,473,1673
15um-012-043,1,12,43,473,1713
15um-012-044,1,12,44,473,1753
15um-012-045,1,12,45,473,1793
15um-012-046,1,12,46,473,1833
15um-012-047,1,12,47,473,1873
15um-012-048,1,12,48,473,1913
15um-012-049,1,12,49,473,1953
15um-012-050,1,12,50,473,1993
15um-012-051,1,12,51,473,2033
15um-012-052,1,12,52,473,2073
15um-012-053,1,12,53,473,2113
15um-012-054,1,12,54,473,2153
15um-012-055,1,12,55,473,2193
15um-012-056,1,12,56,473,2233
15um-012-057,1,12,57,473,2273
15um-012-058,1,12,58,473,2313
15um-012-059,1,12,59,473,2353
15um-012-060,1,12,60,473,2393
15um-012-061,1,12,61,473,2433
15um-012-062,1,12,62,473,2473
15um-012-063,1,12,63,473,2513
15um-012-064,1,12,64,473,2553
15um-012-065,1,12,65,473,2593
15um-012-066,1,12,66,473,2633
15um-012-067,1,12,67,473,2673
15um-012-068,1,12,68,473,2713
15um-012-069,1,12,69,473,2753
15um-012-070,1,12,70,473,2793
15um-012-071,1,12,71,473,2833
15um-012-072,1,12,72,473,2873
15um-012-073,1,12,73,473,2913
15um-012-074,1,12,74,473,2953
15um-012-075,1,12,75,473,2993
15um-012-076,1,12,76,473,3033
15um-012-077,1,12,77,473,3073
15um-012-078,1,12,78,473,3113
15um-012-079,1,12,79,473,3153
15um-012-080,1,12,80,473,3193
15um-012-081,1,12,81,473,3233
15um-012-082,1,12,82,473,3273
15um-012-083,1,12,83,473,3313
15um-012-084,1,12,84,473,3353
15um-012-085,1,12,85,473,3393
15um-012-086,1,12,86,473,3433
15um-012-087,1,12,87,473,3473
15um-012-088,1,12,88,473,3513
15um-012-089,1,12,89,473,3553
15um-012-090,1,12,90,473,3593
15um-012-091,1,12,91,473,3633
15um-012-092,1,12,92,473,3673
15um-012-093,1,12,93,473,3713
15um-012-094,1,12,94,473,3753
15um-012-095,1,12,95,473,3793
15um-012-096,1,12,96,473,3833
15um-013-001,1,13,1,513,33
15um-013-002,1,13,2,513,73
15um-013-003,1,13,3,513,113
15um-013-004,1,13,4,513,153
15um-013-005,1,13,5,513,193
15um-013-006,1,13,6,513,233
15um-013-007,1,13,7,513,273
15um-013-008,1,13,8,513,313
15um-013-009,1,13,9,513,353
15um-013-010,1,13,10,513,393
15um-013-011,1,13,11,513,433
15um-013-012,1,13,12,513,473
15um-013-013,1,13,13,513,513
15um-013-014,1,13,14,513,553
15um-013-015,1,13,15,513,593
15um-013-016,1,13,16,513,633
15um-013-017,1,13,17,513,673
15um-013-018,1,13,18,513,713
15um-013-019,1,13,19,513,753
15um-013-020,1,13,20,513,793
15um-013-021,1,13,21,513,833
15um-013-022,1,13,22,513,873
15um-013-023,1,13,23,513,913
15um-013-024,1,13,24,513,953
15um-013-025,1,13,25,513,993
15um-013-026,1,13,26,513,1033
15um-013-027,1,13,27,513,1073
15um-013-028,1,13,28,513,1113
15um-013-029,1,13,29,513,1153
15um-013-030,1,13,30,513,1193
15um-013-031,1,13,31,513,1233
15um-013-032,1,13,32,513,1273
15um-013-033,1,13,33,513,1313
15um-013-034,1,13,34,513,1353
15um-013-035,1,13,35,513,1393
15um-013-036,1,13,36,513,1433
15um-013-037,1,13,37,513,1473
15um-013-038,1,13,38,513,1513
15um-013-039,1,13,39,513,1553
15um-013-040,1,13,40,513,1593
15um-013-041,1,13,41,513,1633
15um-013-042,1,13,42,513,1673
15um-013-043,1,13,43,513,1713
15um-013-044,1,13,44,513,1753
15um-013-045,1,13,45,513,1793
15um-013-046,1,13,46,513,1833
15um-013-047,1,13,47,513,1873
15um-013-048,1,13,48,513,1913
15um-013-049,1,13,49,513,1953
15um-013-050,1,13,50,513,1993
15um-013-051,1,13,51,513,2033
15um-013-052,1,13,52,513,2073
15um-013-053,1,13,53,513,2113
15um-013-054,1,13,54,513,2153
15um-013-055,1,13,55,513,2193
15um-013-056,1,13,56,513,2233
15um-013-057,1,13,57,513,2273
15um-013-058,1,13,58,513,2313
15um-013-059,1,13,59,513,2353
15um-013-060,1,13,60,513,2393
15um-013-061,1,13,61,513,2433
15um-013-062,1,13,62,513,2473
15um-013-063,1,13,63,513,2513
15um-013-064,1,13,64,513,2553
15um-013-065,1,13,65,513,2593
15um-013-066,1,13,66,513,2633
15um-013-067,1,13,67,513,2673
15um-013-068,1,13,68,513,2713
15um-013-069,1,13,69,513,2753
15um-013-070,1,13,70,513,2793
15um-013-071,1,13,71,513,2833
15um-013-072,1,13,72,513,2873
15um-013-073,1,13,73,513,2913
15um-013-074,1,13,74,513,2953
15um-013-075,1,13,75,513,2993
15um-013-076,1,13,76,513,3033
15um-013-077,1,13,77,513,3073
15um-013-078,1,13,78,513,3113
15um-013-079,1,13,79,513,3153
15um-013-080,1,13,80,513,3193
15um-013-081,1,13,81,513,3233
15um-013-082,1,13,82,513,3273
15um-013-083,1,13,83,513,3313
15um-013-084,1,13,84,513,3353
15um-013-085,1,13,85,513,3393
15um-013-086,1,13,86,513,3433
15um-013-087,1,13,87,513,3473
15um-013-088,1,13,88,513,3513
15um-013-089,1,13,89,513,3553
15um-013-090,1,13,90,513,3593
15um-013-091,1,13,91,513,3633
15um-013-092,1,13,92,513,3673
15um-013-093,1,13,93,513,3713
15um-013-094,1,13,94,513,3753
15um-013-095,1,13,95,513,3793
15um-013-096,1,13,96,513,3833
15um-014-001,1,14,1,553,33
15um-014-002,1,14,2,553,73
15um-014-003,1,14,3,553,113
15um-014-004,1,14,4,553,153
15um-014-005,1,14,5,553,193
15um-014-006,1,14,6,553,233
15um-014-007,1,14,7,553,273
15um-014-008,1,14,8,553,313
15um-014-009,1,14,9,553,353
15um-014-010,1,14,10,553,393
15um-014-011,1,14,11,553,433
15um-014-012,1,14,12,553,473
15um-014-013,1,14,13,553,513
15um-014-014,1,14,14,553,553
15um-014-015,1,14,15,553,593
15um-014-016,1,14,16,553,633
15um-014-017,1,14,17,553,673
15um-014-018,1,14,18,553,713
15um-014-019,1,14,19,553,753
15um-014-020,1,14,20,553,793
15um-014-021,1,14,21,553,833
15um-014-022,1,14,22,553,873
15um-014-023,1,14,23,553,913
15um-014-024,1,14,24,553,953
15um-014-025,1,14,25,553,993
15um-014-026,1,14,26,553,1033
15um-014-027,1,14,27,553,1073
15um-014-028,1,14,28,553,1113
15um-014-029,1,14,29,553,1153
15um-014-030,1,14,30,553,1193
15um-014-031,1,14,31,553,1233
15um-014-032,1,14,32,553,1273
15um-014-033,1,14,33,553,1313
15um-014-034,1,14,34,553,1353
15um-014-035,1,14,35,553,1393
15um-014-036,1,14,36,553,1433
15um-014-037,1,14,37,553,1473
15um-014-038,1,14,38,553,1513
15um-014-039,1,14,39,553,1553
15um-014-040,1,14,40,553,1593
15um-014-041,1,14,41,553,1633
15um-014-042,1,14,42,553,1673
15um-014-043,1,14,43,553,1713
15um-014-044,1,14,44,553,1753
15um-014-045,1,14,45,553,1793
15um-014-046,1,14,46,553,1833
15um-014-047,1,14,47,553,1873
15um-014-048,1,14,48,553,1913
15um-014-049,1,14,49,553,1953
15um-014-050,1,14,50,553,1993
15um-014-051,1,14,51,553,2033
15um-014-052,1,14,52,553,2073
15um-014-053,1,14,53,553,2113
15um-014-054,1,14,54,553,2153
15um-014-055,1,14,55,553,2193
15um-014-056,1,14,56,553,2233
15um-014-057,1,14,57,553,2273
15um-014-058,1,14,58,553,2313
15um-014-059,1,14,59,553,2353
15um-014-060,1,14,60,553,2393
15um-014-061,1,14,61,553,2433
15um-014-062,1,14,62,553,2473
15um-014-063,1,14,63,553,2513
15um-014-064,1,14,64,553,2553
15um-014-065,1,14,65,553,2593
15um-014-066,1,14,66,553,2633
15um-014-067,1,14,67,553,2673
15um-014-068,1,14,68,553,2713
15um-014-069,1,14,69,553,2753
15um-014-070,1,14,70,553,2793
15um-014-071,1,14,71,553,2833
15um-014-072,1,14,72,553,2873
15um-014-073,1,14,73,553,2913
15um-014-074,1,14,74,553,2953
15um-014-075,1,14,75,553,2993
15um-014-076,1,14,76,553,3033
15um-014-077,1,14,77,553,3073
15um-014-078,1,14,78,553,3113
15um-014-079,1,14,79,553,3153
15um-014-080,1,14,80,553,3193
15um-014-081,1,14,81,553,3233
15um-014-082,1,14,82,553,3273
15um-014-083,1,14,83,553,3313
15um-014-084,1,14,84,553,3353
15um-014-085,1,14,85,553,3393
15um-014-086,1,14,86,553,3433
15um-014-087,1,14,87,553,3473
15um-014-088,1,14,88,553,3513
15um-014-089,1,14,89,553,3553
15um-014-090,1,14,90,553,3593
15um-014-091,1,14,91,553,3633
15um-014-092,1,14,92,553,3673
15um-014-093,1,14,93,553,3713
15um-014-094,1,14,94,553,3753
15um-014-095,1,14,95,553,3793
15um-014-096,1,14,96,553,3833
15um-015-001,1,15,1,593,33
15um-015-002,1,15,2,593,73
15um-015-003,1,15,3,593,113
15um-015-004,1,15,4,593,153
15um-015-005,1,15,5,593,193
15um-015-006,1,15,6,593,233
15um-015-007,1,15,7,593,273
15um-015-008,1,15,8,593,313
15um-015-009,1,15,9,593,353
15um-015-010,1,15,10,593,393
15um-015-011,1,15,11,593,433
15um-015-012,1,15,12,593,473
15um-015-013,1,15,13,593,513
15um-015-014,1,15,14,593,553
15um-015-015,1,15,15,593,593
15um-015-016,1,15,16,593,633
15um-015-017,1,15,17,593,673
15um-015-018,1,15,18,593,713
15um-015-019,1,15,19,593,753
15um-015-020,1,15,20,593,793
15um-015-021,1,15,21,593,833
15um-015-022,1,15,22,593,873
15um-015-023,1,15,23,593,913
15um-015-024,1,15,24,593,953
15um-015-025,1,15,25,593,993
15um-015-026,1,15,26,593,1033
15um-015-027,1,15,27,593,1073
15um-015-028,1,15,28,593,1113
15um-015-029,1,15,29,593,1153
15um-015-030,1,15,30,593,1193
15um-015-031,1,15,31,593,1233
15um-015-032,1,15,32,593,1273
15um-015-033,1,15,33,593,1313
15um-015-034,1,15,34,593,1353
15um-015-035,1,15,35,593,1393
15um-015-036,1,15,36,593,1433
15um-015-037,1,15,37,593,1473
15um-015-038,1,15,38,593,1513
15um-015-039,1,15,39,593,1553
15um-015-040,1,15,40,593,1593
15um-015-041,1,15,41,593,1633
15um-015-042,1,15,42,593,1673
15um-015-043,1,15,43,593,1713
15um-015-044,1,15,44,593,1753
15um-015-045,1,15,45,593,1793
15um-015-046,1,15,46,593,1833
15um-015-047,1,15,47,593,1873
15um-015-048,1,15,48,593,1913
15um-015-049,1,15,49,593,1953
15um-015-050,1,15,50,593,1993
15um-015-051,1,15,51,593,2033
15um-015-052,1,15,52,593,2073
15um-015-053,1,15,53,593,2113
15um-015-054,1,15,54,593,2153
15um-015-055,1,15,55,593,2193
15um-015-056,1,15,56,593,2233
15um-015-057,1,15,57,593,2273
15um-015-058,1,15,58,593,2313
15um-015-059,1,15,59,593,2353
15um-015-060,1,15,60,593,2393
15um-015-061,1,15,61,593,2433
15um-015-062,1,15,62,593,2473
15um-015-063,1,15,63,593,2513
15um-015-064,1,15,64,593,2553
15um-015-065,1,15,65,593,2593
15um-015-066,1,15,66,593,2633
15um-015-067,1,15,67,593,2673
15um-015-068,1,15,68,593,2713
15um-015-069,1,15,69,593,2753
15um-015-070,1,15,70,593,2793
15um-015-071,1,15,71,593,2833
15um-015-072,1,15,72,593,2873
15um-015-073,1,15,73,593,2913
15um-015-074,1,15,74,593,2953
15um-015-075,1,15,75,593,2993
15um-015-076,1,15,76,593,3033
15um-015-077,1,15,77,593,3073
15um-015-078,1,15,78,593,3113
15um-015-079,1,15,79,593,3153
15um-015-080,1,15,80,593,3193
15um-015-081,1,15,81,593,3233
15um-015-082,1,15,82,593,3273
15um-015-083,1,15,83,593,3313
15um-015-084,1,15,84,593,3353
15um-015-085,1,15,85,593,3393
15um-015-086,1,15,86,593,3433
15um-015-087,1,15,87,593,3473
15um-015-088,1,15,88,593,3513
15um-015-089,1,15,89,593,3553
15um-015-090,1,15,90,593,3593
15um-015-091,1,15,91,593,3633
15um-015-092,1,15,92,593,3673
15um-015-093,1,15,93,593,3713
15um-015-094,1,15,94,593,3753
15um-015-095,1,15,95,593,3793
15um-015-096,1,15,96,593,3833
15um-016-001,1,16,1,633,33
15um-016-002,1,16,2,633,73
15um-016-003,1,16,3,633,113
15um-016-004,1,16,4,633,153
15um-016-005,1,16,5,633,193
15um-016-006,1,16,6,633,233
15um-016-007,1,16,7,633,273
15um-016-008,1,16,8,633,313
15um-016-009,1,16,9,633,353
15um-016-010,1,16,10,633,393
15um-016-011,1,16,11,633,433
15um-016-012,1,16,12,633,473
15um-016-013,1,16,13,633,513
15um-016-014,1,16,14,633,553
15um-016-015,1,16,15,633,593
15um-016-016,1,16,16,633,633
15um-016-017,1,16,17,633,673
15um-016-018,1,16,18,633,713
15um-016-019,1,16,19,633,753
15um-016-020,1,16,20,633,793
15um-016-021,1,16,21,633,833
15um-016-022,1,16,22,633,873
15um-016-023,1,16,23,633,913
15um-016-024,1,16,24,633,953
15um-016-025,1,16,25,633,993
15um-016-026,1,16,26,633,1033
15um-016-027,1,16,27,633,1073
15um-016-028,1,16,28,633,1113
15um-016-029,1,16,29,633,1153
15um-016-030,1,16,30,633,1193
15um-016-031,1,16,31,633,1233
15um-016-032,1,16,32,633,1273
15um-016-033,1,16,33,633,1313
15um-016-034,1,16,34,633,1353
15um-016-035,1,16,35,633,1393
15um-016-036,1,16,36,633,1433
15um-016-037,1,16,37,633,1473
15um-016-038,1,16,38,633,1513
15um-016-039,1,16,39,633,1553
15um-016-040,1,16,40,633,1593
15um-016-041,1,16,41,633,1633
15um-016-042,1,16,42,633,1673
15um-016-043,1,16,43,633,1713
15um-016-044,1,16,44,633,1753
15um-016-045,1,16,45,633,1793
15um-016-046,1,16,46,633,1833
15um-016-047,1,16,47,633,1873
15um-016-048,1,16,48,633,1913
15um-016-049,1,16,49,633,1953
15um-016-050,1,16,50,633,1993
15um-016-051,1,16,51,633,2033
15um-016-052,1,16,52,633,2073
15um-016-053,1,16,53,633,2113
15um-016-054,1,16,54,633,2153
15um-016-055,1,16,55,633,2193
15um-016-056,1,16,56,633,2233
15um-016-057,1,16,57,633,2273
15um-016-058,1,16,58,633,2313
15um-016-059,1,16,59,633,2353
15um-016-060,1,16,60,633,2393
15um-016-061,1,16,61,633,2433
15um-016-062,1,16,62,633,2473
15um-016-063,1,16,63,633,2513
15um-016-064,1,16,64,633,2553
15um-016-065,1,16,65,633,2593
15um-016-066,1,16,66,633,2633
15um-016-067,1,16,67,633,2673
15um-016-068,1,16,68,633,2713
15um-016-069,1,16,69,633,2753
15um-016-070,1,16,70,633,2793
15um-016-071,1,16,71,633,2833
15um-016-072,1,16,72,633,2873
15um-016-073,1,16,73,633,2913
15um-016-074,1,16,74,633,2953
15um-016-075,1,16,75,633,2993
15um-016-076,1,16,76,633,3033
15um-016-077,1,16,77,633,3073
15um-016-078,1,16,78,633,3113
15um-016-079,1,16,79,633,3153
15um-016-080,1,16,80,633,3193
15um-016-081,1,16,81,633,3233
15um-016-082,1,16,82,633,3273
15um-016-083,1,16,83,633,3313
15um-016-084,1,16,84,633,3353
15um-016-085,1,16,85,633,3393
15um-016-086,1,16,86,633,3433
15um-016-087,1,16,87,633,3473
15um-016-088,1,16,88,633,3513
15um-016-089,1,16,89,633,3553
15um-016-090,1,16,90,633,3593
15um-016-091,1,16,91,633,3633
15um-016-092,1,16,92,633,3673
15um-016-093,1,16,93,633,3713
15um-016-094,1,16,94,633,3753
15um-016-095,1,16,95,633,3793
15um-016-096,1,16,96,633,3833
15um-017-001,1,17,1,673,33
15um-017-002,1,17,2,673,73
15um-017-003,1,17,3,673,113
15um-017-004,1,17,4,673,153
15um-017-005,1,17,5,673,193
15um-017-006,1,17,6,673,233
15um-017-007,1,17,7,673,273
15um-017-008,1,17,8,673,313
15um-017-009,1,17,9,673,353
15um-017-010,1,17,10,673,393
15um-017-011,1,17,11,673,433
15um-017-012,1,17,12,673,473
15um-017-013,1,17,13,673,513
15um-017-014,1,17,14,673,553
15um-017-015,1,17,15,673,593
15um-017-016,1,17,16,673,633
15um-017-017,1,17,17,673,673
15um-017-018,1,17,18,673,713
15um-017-019,1,17,19,673,753
15um-017-020,1,17,20,673,793
15um-017-021,1,17,21,673,833
15um-017-022,1,17,22,673,873
15um-017-023,1,17,23,673,913
15um-017-024,1,17,24,673,953
15um-017-025,1,17,25,673,993
15um-017-026,1,17,26,673,1033
15um-017-027,1,17,27,673,1073
15um-017-028,1,17,28,673,1113
15um-017-029,1,17,29,673,1153
15um-017-030,1,17,30,673,1193
15um-017-031,1,17,31,673,1233
15um-017-032,1,17,32,673,1273
15um-017-033,1,17,33,673,1313
15um-017-034,1,17,34,673,1353
15um-017-035,1,17,35,673,1393
15um-017-036,1,17,36,673,1433
15um-017-037,1,17,37,673,1473
15um-017-038,1,17,38,673,1513
15um-017-039,1,17,39,673,1553
15um-017-040,1,17,40,673,1593
15um-017-041,1,17,41,673,1633
15um-017-042,1,17,42,673,1673
15um-017-043,1,17,43,673,1713
15um-017-044,1,17,44,673,1753
15um-017-045,1,17,45,673,1793
15um-017-046,1,17,46,673,1833
15um-017-047,1,17,47,673,1873
15um-017-048,1,17,48,673,1913
15um-017-049,1,17,49,673,1953
15um-017-050,1,17,50,673,1993
15um-017-051,1,17,51,673,2033
15um-017-052,1,17,52,673,2073
15um-017-053,1,17,53,673,2113
15um-017-054,1,17,54,673,2153
15um-017-055,1,17,55,673,2193
15um-017-056,1,17,56,673,2233
15um-017-057,1,17,57,673,2273
15um-017-058,1,17,58,673,2313
15um-017-059,1,17,59,673,2353
15um-017-060,1,17,60,673,2393
15um-017-061,1,17,61,673,2433
15um-017-062,1,17,62,673,2473
15um-017-063,1,17,63,673,2513
15um-017-064,1,17,64,673,2553
15um-017-065,1,17,65,673,2593
15um-017-066,1,17,66,673,2633
15um-017-067,1,17,67,673,2673
15um-017-068,1,17,68,673,2713
15um-017-069,1,17,69,673,2753
15um-017-070,1,17,70,673,2793
15um-017-071,1,17,71,673,2833
15um-017-072,1,17,72,673,2873
15um-017-073,1,17,73,673,2913
15um-017-074,1,17,74,673,2953
15um-017-075,1,17,75,673,2993
15um-017-076,1,17,76,673,3033
15um-017-077,1,17,77,673,3073
15um-017-078,1,17,78,673,3113
15um-017-079,1,17,79,673,3153
15um-017-080,1,17,80,673,3193
15um-017-081,1,17,81,673,3233
15um-017-082,1,17,82,673,3273
15um-017-083,1,17,83,673,3313
15um-017-084,1,17,84,673,3353
15um-017-085,1,17,85,673,3393
15um-017-086,1,17,86,673,3433
15um-017-087,1,17,87,673,3473
15um-017-088,1,17,88,673,3513
15um-017-089,1,17,89,673,3553
15um-017-090,1,17,90,673,3593
15um-017-091,1,17,91,673,3633
15um-017-092,1,17,92,673,3673
15um-017-093,1,17,93,673,3713
15um-017-094,1,17,94,673,3753
15um-017-095,1,17,95,673,3793
15um-017-096,1,17,96,673,3833
15um-018-001,1,18,1,713,33
15um-018-002,1,18,2,713,73
15um-018-003,1,18,3,713,113
15um-018-004,1,18,4,713,153
15um-018-005,1,18,5,713,193
15um-018-006,1,18,6,713,233
15um-018-007,1,18,7,713,273
15um-018-008,1,18,8,713,313
15um-018-009,1,18,9,713,353
15um-018-010,1,18,10,713,393
15um-018-011,1,18,11,713,433
15um-018-012,1,18,12,713,473
15um-018-013,1,18,13,713,513
15um-018-014,1,18,14,713,553
15um-018-015,1,18,15,713,593
15um-018-016,1,18,16,713,633
15um-018-017,1,18,17,713,673
15um-018-018,1,18,18,713,713
15um-018-019,1,18,19,713,753
15um-018-020,1,18,20,713,793
15um-018-021,1,18,21,713,833
15um-018-022,1,18,22,713,873
15um-018-023,1,18,23,713,913
15um-018-024,1,18,24,713,953
15um-018-025,1,18,25,713,993
15um-018-026,1,18,26,713,1033
15um-018-027,1,18,27,713,1073
15um-018-028,1,18,28,713,1113
15um-018-029,1,18,29,713,1153
15um-018-030,1,18,30,713,1193
15um-018-031,1,18,31,713,1233
15um-018-032,1,18,32,713,1273
15um-018-033,1,18,33,713,1313
15um-018-034,1,18,34,713,1353
15um-018-035,1,18,35,713,1393
15um-018-036,1,18,36,713,1433
15um-018-037,1,18,37,713,1473
15um-018-038,1,18,38,713,1513
15um-018-039,1,18,39,713,1553
15um-018-040,1,18,40,713,1593
15um-018-041,1,18,41,713,1633
15um-018-042,1,18,42,713,1673
15um-018-043,1,18,43,713,1713
15um-018-044,1,18,44,713,1753
15um-018-045,1,18,45,713,1793
15um-018-046,1,18,46,713,1833
15um-018-047,1,18,47,713,1873
15um-018-048,1,18,48,713,1913
15um-018-049,1,18,49,713,1953
15um-018-050,1,18,50,713,1993
15um-018-051,1,18,51,713,2033
15um-018-052,1,18,52,713,2073
15um-018-053,1,18,53,713,2113
15um-018-054,1,18,54,713,2153
15um-018-055,1,18,55,713,2193
15um-018-056,1,18,56,713,2233
15um-018-057,1,18,57,713,2273
15um-018-058,1,18,58,713,2313
15um-018-059,1,18,59,713,2353
15um-018-060,1,18,60,713,2393
15um-018-061,1,18,61,713,2433
15um-018-062,1,18,62,713,2473
15um-018-063,1,18,63,713,2513
15um-018-064,1,18,64,713,2553
15um-018-065,1,18,65,713,2593
15um-018-066,1,18,66,713,2633
15um-018-067,1,18,67,713,2673
15um-018-068,1,18,68,713,2713
15um-018-069,1,18,69,713,2753
15um-018-070,1,18,70,713,2793
15um-018-071,1,18,71,713,2833
15um-018-072,1,18,72,713,2873
15um-018-073,1,18,73,713,2913
15um-018-074,1,18,74,713,2953
15um-018-075,1,18,75,713,2993
15um-018-076,1,18,76,713,3033
15um-018-077,1,18,77,713,3073
15um-018-078,1,18,78,713,3113
15um-018-079,1,18,79,713,3153
15um-018-080,1,18,80,713,3193
15um-018-081,1,18,81,713,3233
15um-018-082,1,18,82,713,3273
15um-018-083,1,18,83,713,3313
15um-018-084,1,18,84,713,3353
15um-018-085,1,18,85,713,3393
15um-018-086,1,18,86,713,3433
15um-018-087,1,18,87,713,3473
15um-018-088,1,18,88,713,3513
15um-018-089,1,18,89,713,3553
15um-018-090,1,18,90,713,3593
15um-018-091,1,18,91,713,3633
15um-018-092,1,18,92,713,3673
15um-018-093,1,18,93,713,3713
15um-018-094,1,18,94,713,3753
15um-018-095,1,18,95,713,3793
15um-018-096,1,18,96,713,3833
15um-019-001,1,19,1,753,33
15um-019-002,1,19,2,753,73
15um-019-003,1,19,3,753,113
15um-019-004,1,19,4,753,153
15um-019-005,1,19,5,753,193
15um-019-006,1,19,6,753,233
15um-019-007,1,19,7,753,273
15um-019-008,1,19,8,753,313
15um-019-009,1,19,9,753,353
15um-019-010,1,19,10,753,393
15um-019-011,1,19,11,753,433
15um-019-012,1,19,12,753,473
15um-019-013,1,19,13,753,513
15um-019-014,1,19,14,753,553
15um-019-015,1,19,15,753,593
15um-019-016,1,19,16,753,633
15um-019-017,1,19,17,753,673
15um-019-018,1,19,18,753,713
15um-019-019,1,19,19,753,753
15um-019-020,1,19,20,753,793
15um-019-021,1,19,21,753,833
15um-019-022,1,19,22,753,873
15um-019-023,1,19,23,753,913
15um-019-024,1,19,24,753,953
15um-019-025,1,19,25,753,993
15um-019-026,1,19,26,753,1033
15um-019-027,1,19,27,753,1073
15um-019-028,1,19,28,753,1113
15um-019-029,1,19,29,753,1153
15um-019-030,1,19,30,753,1193
15um-019-031,1,19,31,753,1233
15um-019-032,1,19,32,753,1273
15um-019-033,1,19,33,753,1313
15um-019-034,1,19,34,753,1353
15um-019-035,1,19,35,753,1393
15um-019-036,1,19,36,753,1433
15um-019-037,1,19,37,753,1473
15um-019-038,1,19,38,753,1513
15um-019-039,1,19,39,753,1553
15um-019-040,1,19,40,753,1593
15um-019-041,1,19,41,753,1633
15um-019-042,1,19,42,753,1673
15um-019-043,1,19,43,753,1713
15um-019-044,1,19,44,753,1753
15um-019-045,1,19,45,753,1793
15um-019-046,1,19,46,753,1833
15um-019-047,1,19,47,753,1873
15um-019-048,1,19,48,753,1913
15um-019-049,1,19,49,753,1953
15um-019-050,1,19,50,753,1993
15um-019-051,1,19,51,753,2033
15um-019-052,1,19,52,753,2073
15um-019-053,1,19,53,753,2113
15um-019-054,1,19,54,753,2153
15um-019-055,1,19,55,753,2193
15um-019-056,1,19,56,753,2233
15um-019-057,1,19,57,753,2273
15um-019-058,1,19,58,753,2313
15um-019-059,1,19,59,753,2353
15um-019-060,1,19,60,753,2393
15um-019-061,1,19,61,753,2433
15um-019-062,1,19,62,753,2473
15um-019-063,1,19,63,753,2513
15um-019-064,1,19,64,753,2553
15um-019-065,1,19,65,753,2593
15um-019-066,1,19,66,753,2633
15um-019-067,1,19,67,753,2673
15um-019-068,1,19,68,753,2713
15um-019-069,1,19,69,753,2753
15um-019-070,1,19,70,753,2793
15um-019-071,1,19,71,753,2833
15um-019-072,1,19,72,753,2873
15um-019-073,1,19,73,753,2913
15um-019-074,1,19,74,753,2953
15um-019-075,1,19,75,753,2993
15um-019-076,1,19,76,753,3033
15um-019-077,1,19,77,753,3073
15um-019-078,1,19,78,753,3113
15um-019-079,1,19,79,753,3153
15um-019-080,1,19,80,753,3193
15um-019-081,1,19,81,753,3233
15um-019-082,1,19,82,753,3273
15um-019-083,1,19,83,753,3313
15um-019-084,1,19,84,753,3353
15um-019-085,1,19,85,753,3393
15um-019-086,1,19,86,753,3433
15um-019-087,1,19,87,753,3473
15um-019-088,1,19,88,753,3513
15um-019-089,1,19,89,753,3553
15um-019-090,1,19,90,753,3593
15um-019-091,1,19,91,753,3633
15um-019-092,1,19,92,753,3673
15um-019-093,1,19,93,753,3713
15um-019-094,1,19,94,753,3753
15um-019-095,1,19,95,753,3793
15um-019-096,1,19,96,753,3833
15um-020-001,1,20,1,793,33
15um-020-002,1,20,2,793,73
15um-020-003,1,20,3,793,113
15um-020-004,1,20,4,793,153
15um-020-005,1,20,5,793,193
15um-020-006,1,20,6,793,233
15um-020-007,1,20,7,793,273
15um-020-008,1,20,8,793,313
15um-020-009,1,20,9,793,353
15um-020-010,1,20,10,793,393
15um-020-011,1,20,11,793,433
15um-020-012,1,20,12,793,473
15um-020-013,1,20,13,793,513
15um-020-014,1,20,14,793,553
15um-020-015,1,20,15,793,593
15um-020-016,1,20,16,793,633
15um-020-017,1,20,17,793,673
15um-020-018,1,20,18,793,713
15um-020-019,1,20,19,793,753
15um-020-020,1,20,20,793,793
15um-020-021,1,20,21,793,833
15um-020-022,1,20,22,793,873
15um-020-023,1,20,23,793,913
15um-020-024,1,20,24,793,953
15um-020-025,1,20,25,793,993
15um-020-026,1,20,26,793,1033
15um-020-027,1,20,27,793,1073
15um-020-028,1,20,28,793,1113
15um-020-029,1,20,29,793,1153
15um-020-030,1,20,30,793,1193
15um-020-031,1,20,31,793,1233
15um-020-032,1,20,32,793,1273
15um-020-033,1,20,33,793,1313
15um-020-034,1,20,34,793,1353
15um-020-035,1,20,35,793,1393
15um-020-036,1,20,36,793,1433
15um-020-037,1,20,37,793,1473
15um-020-038,1,20,38,793,1513
15um-020-039,1,20,39,793,1553
15um-020-040,1,20,40,793,1593
15um-020-041,1,20,41,793,1633
15um-020-042,1,20,42,793,1673
15um-020-043,1,20,43,793,1713
15um-020-044,1,20,44,793,1753
15um-020-045,1,20,45,793,1793
15um-020-046,1,20,46,793,1833
15um-020-047,1,20,47,793,1873
15um-020-048,1,20,48,793,1913
15um-020-049,1,20,49,793,1953
15um-020-050,1,20,50,793,1993
15um-020-051,1,20,51,793,2033
15um-020-052,1,20,52,793,2073
15um-020-053,1,20,53,793,2113
15um-020-054,1,20,54,793,2153
15um-020-055,1,20,55,793,2193
15um-020-056,1,20,56,793,2233
15um-020-057,1,20,57,793,2273
15um-020-058,1,20,58,793,2313
15um-020-059,1,20,59,793,2353
15um-020-060,1,20,60,793,2393
15um-020-061,1,20,61,793,2433
15um-020-062,1,20,62,793,2473
15um-020-063,1,20,63,793,2513
15um-020-064,1,20,64,793,2553
15um-020-065,1,20,65,793,2593
15um-020-066,1,20,66,793,2633
15um-020-067,1,20,67,793,2673
15um-020-068,1,20,68,793,2713
15um-020-069,1,20,69,793,2753
15um-020-070,1,20,70,793,2793
15um-020-071,1,20,71,793,2833
15um-020-072,1,20,72,793,2873
15um-020-073,1,20,73,793,2913
15um-020-074,1,20,74,793,2953
15um-020-075,1,20,75,793,2993
15um-020-076,1,20,76,793,3033
15um-020-077,1,20,77,793,3073
15um-020-078,1,20,78,793,3113
15um-020-079,1,20,79,793,3153
15um-020-080,1,20,80,793,3193
15um-020-081,1,20,81,793,3233
15um-020-082,1,20,82,793,3273
15um-020-083,1,20,83,793,3313
15um-020-084,1,20,84,793,3353
15um-020-085,1,20,85,793,3393
15um-020-086,1,20,86,793,3433
15um-020-087,1,20,87,793,3473
15um-020-088,1,20,88,793,3513
15um-020-089,1,20,89,793,3553
15um-020-090,1,20,90,793,3593
15um-020-091,1,20,91,793,3633
15um-020-092,1,20,92,793,3673
15um-020-093,1,20,93,793,3713
15um-020-094,1,20,94,793,3753
15um-020-095,1,20,95,793,3793
15um-020-096,1,20,96,793,3833
15um-021-001,1,21,1,833,33
15um-021-002,1,21,2,833,73
15um-021-003,1,21,3,833,113
15um-021-004,1,21,4,833,153
15um-021-005,1,21,5,833,193
15um-021-006,1,21,6,833,233
15um-021-007,1,21,7,833,273
15um-021-008,1,21,8,833,313
15um-021-009,1,21,9,833,353
15um-021-010,1,21,10,833,393
15um-021-011,1,21,11,833,433
15um-021-012,1,21,12,833,473
15um-021-013,1,21,13,833,513
15um-021-014,1,21,14,833,553
15um-021-015,1,21,15,833,593
15um-021-016,1,21,16,833,633
15um-021-017,1,21,17,833,673
15um-021-018,1,21,18,833,713
15um-021-019,1,21,19,833,753
15um-021-020,1,21,20,833,793
15um-021-021,1,21,21,833,833
15um-021-022,1,21,22,833,873
15um-021-023,1,21,23,833,913
15um-021-024,1,21,24,833,953
15um-021-025,1,21,25,833,993
15um-021-026,1,21,26,833,1033
15um-021-027,1,21,27,833,1073
15um-021-028,1,21,28,833,1113
15um-021-029,1,21,29,833,1153
15um-021-030,1,21,30,833,1193
15um-021-031,1,21,31,833,1233
15um-021-032,1,21,32,833,1273
15um-021-033,1,21,33,833,1313
15um-021-034,1,21,34,833,1353
15um-021-035,1,21,35,833,1393
15um-021-036,1,21,36,833,1433
15um-021-037,1,21,37,833,1473
15um-021-038,1,21,38,833,1513
15um-021-039,1,21,39,833,1553
15um-021-040,1,21,40,833,1593
15um-021-041,1,21,41,833,1633
15um-021-042,1,21,42,833,1673
15um-021-043,1,21,43,833,1713
15um-021-044,1,21,44,833,1753
15um-021-045,1,21,45,833,1793
15um-021-046,1,21,46,833,1833
15um-021-047,1,21,47,833,1873
15um-021-048,1,21,48,833,1913
15um-021-049,1,21,49,833,1953
15um-021-050,1,21,50,833,1993
15um-021-051,1,21,51,833,2033
15um-021-052,1,21,52,833,2073
15um-021-053,1,21,53,833,2113
15um-021-054,1,21,54,833,2153
15um-021-055,1,21,55,833,2193
15um-021-056,1,21,56,833,2233
15um-021-057,1,21,57,833,2273
15um-021-058,1,21,58,833,2313
15um-021-059,1,21,59,833,2353
15um-021-060,1,21,60,833,2393
15um-021-061,1,21,61,833,2433
15um-021-062,1,21,62,833,2473
15um-021-063,1,21,63,833,2513
15um-021-064,1,21,64,833,2553
15um-021-065,1,21,65,833,2593
15um-021-066,1,21,66,833,2633
15um-021-067,1,21,67,833,2673
15um-021-068,1,21,68,833,2713
15um-021-069,1,21,69,833,2753
15um-021-070,1,21,70,833,2793
15um-021-071,1,21,71,833,2833
15um-021-072,1,21,72,833,2873
15um-021-073,1,21,73,833,2913
15um-021-074,1,21,74,833,2953
15um-021-075,1,21,75,833,2993
15um-021-076,1,21,76,833,3033
15um-021-077,1,21,77,833,3073
15um-021-078,1,21,78,833,3113
15um-021-079,1,21,79,833,3153
15um-021-080,1,21,80,833,3193
15um-021-081,1,21,81,833,3233
15um-021-082,1,21,82,833,3273
15um-021-083,1,21,83,833,3313
15um-021-084,1,21,84,833,3353
15um-021-085,1,21,85,833,3393
15um-021-086,1,21,86,833,3433
15um-021-087,1,21,87,833,3473
15um-021-088,1,21,88,833,3513
15um-021-089,1,21,89,833,3553
15um-021-090,1,21,90,833,3593
15um-021-091,1,21,91,833,3633
15um-021-092,1,21,92,833,3673
15um-021-093,1,21,93,833,3713
15um-021-094,1,21,94,833,3753
15um-021-095,1,21,95,833,3793
15um-021-096,1,21,96,833,3833
15um-022-001,1,22,1,873,33
15um-022-002,1,22,2,873,73
15um-022-003,1,22,3,873,113
15um-022-004,1,22,4,873,153
15um-022-005,1,22,5,873,193
15um-022-006,1,22,6,873,233
15um-022-007,1,22,7,873,273
15um-022-008,1,22,8,873,313
15um-022-009,1,22,9,873,353
15um-022-010,1,22,10,873,393
15um-022-011,1,22,11,873,433
15um-022-012,1,22,12,873,473
15um-022-013,1,22,13,873,513
15um-022-014,1,22,14,873,553
15um-022-015,1,22,15,873,593
15um-022-016,1,22,16,873,633
15um-022-017,1,22,17,873,673
15um-022-018,1,22,18,873,713
15um-022-019,1,22,19,873,753
15um-022-020,1,22,20,873,793
15um-022-021,1,22,21,873,833
15um-022-022,1,22,22,873,873
15um-022-023,1,22,23,873,913
15um-022-024,1,22,24,873,953
15um-022-025,1,22,25,873,993
15um-022-026,1,22,26,873,1033
15um-022-027,1,22,27,873,1073
15um-022-028,1,22,28,873,1113
15um-022-029,1,22,29,873,1153
15um-022-030,1,22,30,873,1193
15um-022-031,1,22,31,873,1233
15um-022-032,1,22,32,873,1273
15um-022-033,1,22,33,873,1313
15um-022-034,1,22,34,873,1353
15um-022-035,1,22,35,873,1393
15um-022-036,1,22,36,873,1433
15um-022-037,1,22,37,873,1473
15um-022-038,1,22,38,873,1513
15um-022-039,1,22,39,873,1553
15um-022-040,1,22,40,873,1593
15um-022-041,1,22,41,873,1633
15um-022-042,1,22,42,873,1673
15um-022-043,1,22,43,873,1713
15um-022-044,1,22,44,873,1753
15um-022-045,1,22,45,873,1793
15um-022-046,1,22,46,873,1833
15um-022-047,1,22,47,873,1873
15um-022-048,1,22,48,873,1913
15um-022-049,1,22,49,873,1953
15um-022-050,1,22,50,873,1993
15um-022-051,1,22,51,873,2033
15um-022-052,1,22,52,873,2073
15um-022-053,1,22,53,873,2113
15um-022-054,1,22,54,873,2153
15um-022-055,1,22,55,873,2193
15um-022-056,1,22,56,873,2233
15um-022-057,1,22,57,873,2273
15um-022-058,1,22,58,873,2313
15um-022-059,1,22,59,873,2353
15um-022-060,1,22,60,873,2393
15um-022-061,1,22,61,873,2433
15um-022-062,1,22,62,873,2473
15um-022-063,1,22,63,873,2513
15um-022-064,1,22,64,873,2553
15um-022-065,1,22,65,873,2593
15um-022-066,1,22,66,873,2633
15um-022-067,1,22,67,873,2673
15um-022-068,1,22,68,873,2713
15um-022-069,1,22,69,873,2753
15um-022-070,1,22,70,873,2793
15um-022-071,1,22,71,873,2833
15um-022-072,1,22,72,873,2873
15um-022-073,1,22,73,873,2913
15um-022-074,1,22,74,873,2953
15um-022-075,1,22,75,873,2993
15um-022-076,1,22,76,873,3033
15um-022-077,1,22,77,873,3073
15um-022-078,1,22,78,873,3113
15um-022-079,1,22,79,873,3153
15um-022-080,1,22,80,873,3193
15um-022-081,1,22,81,873,3233
15um-022-082,1,22,82,873,3273
15um-022-083,1,22,83,873,3313
15um-022-084,1,22,84,873,3353
15um-022-085,1,22,85,873,3393
15um-022-086,1,22,86,873,3433
15um-022-087,1,22,87,873,3473
15um-022-088,1,22,88,873,3513
15um-022-089,1,22,89,873,3553
15um-022-090,1,22,90,873,3593
15um-022-091,1,22,91,873,3633
15um-022-092,1,22,92,873,3673
15um-022-093,1,22,93,873,3713
15um-022-094,1,22,94,873,3753
15um-022-095,1,22,95,873,3793
15um-022-096,1,22,96,873,3833
15um-023-001,1,23,1,913,33
15um-023-002,1,23,2,913,73
15um-023-003,1,23,3,913,113
15um-023-004,1,23,4,913,153
15um-023-005,1,23,5,913,193
15um-023-006,1,23,6,913,233
15um-023-007,1,23,7,913,273
15um-023-008,1,23,8,913,313
15um-023-009,1,23,9,913,353
15um-023-010,1,23,10,913,393
15um-023-011,1,23,11,913,433
15um-023-012,1,23,12,913,473
15um-023-013,1,23,13,913,513
15um-023-014,1,23,14,913,553
15um-023-015,1,23,15,913,593
15um-023-016,1,23,16,913,633
15um-023-017,1,23,17,913,673
15um-023-018,1,23,18,913,713
15um-023-019,1,23,19,913,753
15um-023-020,1,23,20,913,793
15um-023-021,1,23,21,913,833
15um-023-022,1,23,22,913,873
15um-023-023,1,23,23,913,913
15um-023-024,1,23,24,913,953
15um-023-025,1,23,25,913,993
15um-023-026,1,23,26,913,1033
15um-023-027,1,23,27,913,1073
15um-023-028,1,23,28,913,1113
15um-023-029,1,23,29,913,1153
15um-023-030,1,23,30,913,1193
15um-023-031,1,23,31,913,1233
15um-023-032,1,23,32,913,1273
15um-023-033,1,23,33,913,1313
15um-023-034,1,23,34,913,1353
15um-023-035,1,23,35,913,1393
15um-023-036,1,23,36,913,1433
15um-023-037,1,23,37,913,1473
15um-023-038,1,23,38,913,1513
15um-023-039,1,23,39,913,1553
15um-023-040,1,23,40,913,1593
15um-023-041,1,23,41,913,1633
15um-023-042,1,23,42,913,1673
15um-023-043,1,23,43,913,1713
15um-023-044,1,23,44,913,1753
15um-023-045,1,23,45,913,1793
15um-023-046,1,23,46,913,1833
15um-023-047,1,23,47,913,1873
15um-023-048,1,23,48,913,1913
15um-023-049,1,23,49,913,1953
15um-023-050,1,23,50,913,1993
15um-023-051,1,23,51,913,2033
15um-023-052,1,23,52,913,2073
15um-023-053,1,23,53,913,2113
15um-023-054,1,23,54,913,2153
15um-023-055,1,23,55,913,2193
15um-023-056,1,23,56,913,2233
15um-023-057,1,23,57,913,2273
15um-023-058,1,23,58,913,2313
15um-023-059,1,23,59,913,2353
15um-023-060,1,23,60,913,2393
15um-023-061,1,23,61,913,2433
15um-023-062,1,23,62,913,2473
15um-023-063,1,23,63,913,2513
15um-023-064,1,23,64,913,2553
15um-023-065,1,23,65,913,2593
15um-023-066,1,23,66,913,2633
15um-023-067,1,23,67,913,2673
15um-023-068,1,23,68,913,2713
15um-023-069,1,23,69,913,2753
15um-023-070,1,23,70,913,2793
15um-023-071,1,23,71,913,2833
15um-023-072,1,23,72,913,2873
15um-023-073,1,23,73,913,2913
15um-023-074,1,23,74,913,2953
15um-023-075,1,23,75,913,2993
15um-023-076,1,23,76,913,3033
15um-023-077,1,23,77,913,3073
15um-023-078,1,23,78,913,3113
15um-023-079,1,23,79,913,3153
15um-023-080,1,23,80,913,3193
15um-023-081,1,23,81,913,3233
15um-023-082,1,23,82,913,3273
15um-023-083,1,23,83,913,3313
15um-023-084,1,23,84,913,3353
15um-023-085,1,23,85,913,3393
15um-023-086,1,23,86,913,3433
15um-023-087,1,23,87,913,3473
15um-023-088,1,23,88,913,3513
15um-023-089,1,23,89,913,3553
15um-023-090,1,23,90,913,3593
15um-023-091,1,23,91,913,3633
15um-023-092,1,23,92,913,3673
15um-023-093,1,23,93,913,3713
15um-023-094,1,23,94,913,3753
15um-023-095,1,23,95,913,3793
15um-023-096,1,23,96,913,3833
15um-024-001,1,24,1,953,33
15um-024-002,1,24,2,953,73
15um-024-003,1,24,3,953,113
15um-024-004,1,24,4,953,153
15um-024-005,1,24,5,953,193
15um-024-006,1,24,6,953,233
15um-024-007,1,24,7,953,273
15um-024-008,1,24,8,953,313
15um-024-009,1,24,9,953,353
15um-024-010,1,24,10,953,393
15um-024-011,1,24,11,953,433
15um-024-012,1,24,12,953,473
15um-024-013,1,24,13,953,513
15um-024-014,1,24,14,953,553
15um-024-015,1,24,15,953,593
15um-024-016,1,24,16,953,633
15um-024-017,1,24,17,953,673
15um-024-018,1,24,18,953,713
15um-024-019,1,24,19,953,753
15um-024-020,1,24,20,953,793
15um-024-021,1,24,21,953,833
15um-024-022,1,24,22,953,873
15um-024-023,1,24,23,953,913
15um-024-024,1,24,24,953,953
15um-024-025,1,24,25,953,993
15um-024-026,1,24,26,953,1033
15um-024-027,1,24,27,953,1073
15um-024-028,1,24,28,953,1113
15um-024-029,1,24,29,953,1153
15um-024-030,1,24,30,953,1193
15um-024-031,1,24,31,953,1233
15um-024-032,1,24,32,953,1273
15um-024-033,1,24,33,953,1313
15um-024-034,1,24,34,953,1353
15um-024-035,1,24,35,953,1393
15um-024-036,1,24,36,953,1433
15um-024-037,1,24,37,953,1473
15um-024-038,1,24,38,953,1513
15um-024-039,1,24,39,953,1553
15um-024-040,1,24,40,953,1593
15um-024-041,1,24,41,953,1633
15um-024-042,1,24,42,953,1673
15um-024-043,1,24,43,953,1713
15um-024-044,1,24,44,953,1753
15um-024-045,1,24,45,953,1793
15um-024-046,1,24,46,953,1833
15um-024-047,1,24,47,953,1873
15um-024-048,1,24,48,953,1913
15um-024-049,1,24,49,953,1953
15um-024-050,1,24,50,953,1993
15um-024-051,1,24,51,953,2033
15um-024-052,1,24,52,953,2073
15um-024-053,1,24,53,953,2113
15um-024-054,1,24,54,953,2153
15um-024-055,1,24,55,953,2193
15um-024-056,1,24,56,953,2233
15um-024-057,1,24,57,953,2273
15um-024-058,1,24,58,953,2313
15um-024-059,1,24,59,953,2353
15um-024-060,1,24,60,953,2393
15um-024-061,1,24,61,953,2433
15um-024-062,1,24,62,953,2473
15um-024-063,1,24,63,953,2513
15um-024-064,1,24,64,953,2553
15um-024-065,1,24,65,953,2593
15um-024-066,1,24,66,953,2633
15um-024-067,1,24,67,953,2673
15um-024-068,1,24,68,953,2713
15um-024-069,1,24,69,953,2753
15um-024-070,1,24,70,953,2793
15um-024-071,1,24,71,953,2833
15um-024-072,1,24,72,953,2873
15um-024-073,1,24,73,953,2913
15um-024-074,1,24,74,953,2953
15um-024-075,1,24,75,953,2993
15um-024-076,1,24,76,953,3033
15um-024-077,1,24,77,953,3073
15um-024-078,1,24,78,953,3113
15um-024-079,1,24,79,953,3153
15um-024-080,1,24,80,953,3193
15um-024-081,1,24,81,953,3233
15um-024-082,1,24,82,953,3273
15um-024-083,1,24,83,953,3313
15um-024-084,1,24,84,953,3353
15um-024-085,1,24,85,953,3393
15um-024-086,1,24,86,953,3433
15um-024-087,1,24,87,953,3473
15um-024-088,1,24,88,953,3513
15um-024-089,1,24,89,953,3553
15um-024-090,1,24,90,953,3593
15um-024-091,1,24,91,953,3633
15um-024-092,1,24,92,953,3673
15um-024-093,1,24,93,953,3713
15um-024-094,1,24,94,953,3753
15um-024-095,1,24,95,953,3793
15um-024-096,1,24,96,953,3833
15um-025-001,1,25,1,993,33
15um-025-002,1,25,2,993,73
15um-025-003,1,25,3,993,113
15um-025-004,1,25,4,993,153
15um-025-005,1,25,5,993,193
15um-025-006,1,25,6,993,233
15um-025-007,1,25,7,993,273
15um-025-008,1,25,8,993,313
15um-025-009,1,25,9,993,353
15um-025-010,1,25,10,993,393
15um-025-011,1,25,11,993,433
15um-025-012,1,25,12,993,473
15um-025-013,1,25,13,993,513
15um-025-014,1,25,14,993,553
15um-025-015,1,25,15,993,593
15um-025-016,1,25,16,993,633
15um-025-017,1,25,17,993,673
15um-025-018,1,25,18,993,713
15um-025-019,1,25,19,993,753
15um-025-020,1,25,20,993,793
15um-025-021,1,25,21,993,833
15um-025-022,1,25,22,993,873
15um-025-023,1,25,23,993,913
15um-025-024,1,25,24,993,953
15um-025-025,1,25,25,993,993
15um-025-026,1,25,26,993,1033
15um-025-027,1,25,27,993,1073
15um-025-028,1,25,28,993,1113
15um-025-029,1,25,29,993,1153
15um-025-030,1,25,30,993,1193
15um-025-031,1,25,31,993,1233
15um-025-032,1,25,32,993,1273
15um-025-033,1,25,33,993,1313
15um-025-034,1,25,34,993,1353
15um-025-035,1,25,35,993,1393
15um-025-036,1,25,36,993,1433
15um-025-037,1,25,37,993,1473
15um-025-038,1,25,38,993,1513
15um-025-039,1,25,39,993,1553
15um-025-040,1,25,40,993,1593
15um-025-041,1,25,41,993,1633
15um-025-042,1,25,42,993,1673
15um-025-043,1,25,43,993,1713
15um-025-044,1,25,44,993,1753
15um-025-045,1,25,45,993,1793
15um-025-046,1,25,46,993,1833
15um-025-047,1,25,47,993,1873
15um-025-048,1,25,48,993,1913
15um-025-049,1,25,49,993,1953
15um-025-050,1,25,50,993,1993
15um-025-051,1,25,51,993,2033
15um-025-052,1,25,52,993,2073
15um-025-053,1,25,53,993,2113
15um-025-054,1,25,54,993,2153
15um-025-055,1,25,55,993,2193
15um-025-056,1,25,56,993,2233
15um-025-057,1,25,57,993,2273
15um-025-058,1,25,58,993,2313
15um-025-059,1,25,59,993,2353
15um-025-060,1,25,60,993,2393
15um-025-061,1,25,61,993,2433
15um-025-062,1,25,62,993,2473
15um-025-063,1,25,63,993,2513
15um-025-064,1,25,64,993,2553
15um-025-065,1,25,65,993,2593
15um-025-066,1,25,66,993,2633
15um-025-067,1,25,67,993,2673
15um-025-068,1,25,68,993,2713
15um-025-069,1,25,69,993,2753
15um-025-070,1,25,70,993,2793
15um-025-071,1,25,71,993,2833
15um-025-072,1,25,72,993,2873
15um-025-073,1,25,73,993,2913
15um-025-074,1,25,74,993,2953
15um-025-075,1,25,75,993,2993
15um-025-076,1,25,76,993,3033
15um-025-077,1,25,77,993,3073
15um-025-078,1,25,78,993,3113
15um-025-079,1,25,79,993,3153
15um-025-080,1,25,80,993,3193
15um-025-081,1,25,81,993,3233
15um-025-082,1,25,82,993,3273
15um-025-083,1,25,83,993,3313
15um-025-084,1,25,84,993,3353
15um-025-085,1,25,85,993,3393
15um-025-086,1,25,86,993,3433
15um-025-087,1,25,87,993,3473
15um-025-088,1,25,88,993,3513
15um-025-089,1,25,89,993,3553
15um-025-090,1,25,90,993,3593
15um-025-091,1,25,91,993,3633
15um-025-092,1,25,92,993,3673
15um-025-093,1,25,93,993,3713
15um-025-094,1,25,94,993,3753
15um-025-095,1,25,95,993,3793
15um-025-096,1,25,96,993,3833
15um-026-001,1,26,1,1033,33
15um-026-002,1,26,2,1033,73
15um-026-003,1,26,3,1033,113
15um-026-004,1,26,4,1033,153
15um-026-005,1,26,5,1033,193
15um-026-006,1,26,6,1033,233
15um-026-007,1,26,7,1033,273
15um-026-008,1,26,8,1033,313
15um-026-009,1,26,9,1033,353
15um-026-010,1,26,10,1033,393
15um-026-011,1,26,11,1033,433
15um-026-012,1,26,12,1033,473
15um-026-013,1,26,13,1033,513
15um-026-014,1,26,14,1033,553
15um-026-015,1,26,15,1033,593
15um-026-016,1,26,16,1033,633
15um-026-017,1,26,17,1033,673
15um-026-018,1,26,18,1033,713
15um-026-019,1,26,19,1033,753
15um-026-020,1,26,20,1033,793
15um-026-021,1,26,21,1033,833
15um-026-022,1,26,22,1033,873
15um-026-023,1,26,23,1033,913
15um-026-024,1,26,24,1033,953
15um-026-025,1,26,25,1033,993
15um-026-026,1,26,26,1033,1033
15um-026-027,1,26,27,1033,1073
15um-026-028,1,26,28,1033,1113
15um-026-029,1,26,29,1033,1153
15um-026-030,1,26,30,1033,1193
15um-026-031,1,26,31,1033,1233
15um-026-032,1,26,32,1033,1273
15um-026-033,1,26,33,1033,1313
15um-026-034,1,26,34,1033,1353
15um-026-035,1,26,35,1033,1393
15um-026-036,1,26,36,1033,1433
15um-026-037,1,26,37,1033,1473
15um-026-038,1,26,38,1033,1513
15um-026-039,1,26,39,1033,1553
15um-026-040,1,26,40,1033,1593
15um-026-041,1,26,41,1033,1633
15um-026-042,1,26,42,1033,1673
15um-026-043,1,26,43,1033,1713
15um-026-044,1,26,44,1033,1753
15um-026-045,1,26,45,1033,1793
15um-026-046,1,26,46,1033,1833
15um-026-047,1,26,47,1033,1873
15um-026-048,1,26,48,1033,1913
15um-026-049,1,26,49,1033,1953
15um-026-050,1,26,50,1033,1993
15um-026-051,1,26,51,1033,2033
15um-026-052,1,26,52,1033,2073
15um-026-053,1,26,53,1033,2113
15um-026-054,1,26,54,1033,2153
15um-026-055,1,26,55,1033,2193
15um-026-056,1,26,56,1033,2233
15um-026-057,1,26,57,1033,2273
15um-026-058,1,26,58,1033,2313
15um-026-059,1,26,59,1033,2353
15um-026-060,1,26,60,1033,2393
15um-026-061,1,26,61,1033,2433
15um-026-062,1,26,62,1033,2473
15um-026-063,1,26,63,1033,2513
15um-026-064,1,26,64,1033,2553
15um-026-065,1,26,65,1033,2593
15um-026-066,1,26,66,1033,2633
15um-026-067,1,26,67,1033,2673
15um-026-068,1,26,68,1033,2713
15um-026-069,1,26,69,1033,2753
15um-026-070,1,26,70,1033,2793
15um-026-071,1,26,71,1033,2833
15um-026-072,1,26,72,1033,2873
15um-026-073,1,26,73,1033,2913
15um-026-074,1,26,74,1033,2953
15um-026-075,1,26,75,1033,2993
15um-026-076,1,26,76,1033,3033
15um-026-077,1,26,77,1033,3073
15um-026-078,1,26,78,1033,3113
15um-026-079,1,26,79,1033,3153
15um-026-080,1,26,80,1033,3193
15um-026-081,1,26,81,1033,3233
15um-026-082,1,26,82,1033,3273
15um-026-083,1,26,83,1033,3313
15um-026-084,1,26,84,1033,3353
15um-026-085,1,26,85,1033,3393
15um-026-086,1,26,86,1033,3433
15um-026-087,1,26,87,1033,3473
15um-026-088,1,26,88,1033,3513
15um-026-089,1,26,89,1033,3553
15um-026-090,1,26,90,1033,3593
15um-026-091,1,26,91,1033,3633
15um-026-092,1,26,92,1033,3673
15um-026-093,1,26,93,1033,3713
15um-026-094,1,26,94,1033,3753
15um-026-095,1,26,95,1033,3793
15um-026-096,1,26,96,1033,3833
15um-027-001,1,27,1,1073,33
15um-027-002,1,27,2,1073,73
15um-027-003,1,27,3,1073,113
15um-027-004,1,27,4,1073,153
15um-027-005,1,27,5,1073,193
15um-027-006,1,27,6,1073,233
15um-027-007,1,27,7,1073,273
15um-027-008,1,27,8,1073,313
15um-027-009,1,27,9,1073,353
15um-027-010,1,27,10,1073,393
15um-027-011,1,27,11,1073,433
15um-027-012,1,27,12,1073,473
15um-027-013,1,27,13,1073,513
15um-027-014,1,27,14,1073,553
15um-027-015,1,27,15,1073,593
15um-027-016,1,27,16,1073,633
15um-027-017,1,27,17,1073,673
15um-027-018,1,27,18,1073,713
15um-027-019,1,27,19,1073,753
15um-027-020,1,27,20,1073,793
15um-027-021,1,27,21,1073,833
15um-027-022,1,27,22,1073,873
15um-027-023,1,27,23,1073,913
15um-027-024,1,27,24,1073,953
15um-027-025,1,27,25,1073,993
15um-027-026,1,27,26,1073,1033
15um-027-027,1,27,27,1073,1073
15um-027-028,1,27,28,1073,1113
15um-027-029,1,27,29,1073,1153
15um-027-030,1,27,30,1073,1193
15um-027-031,1,27,31,1073,1233
15um-027-032,1,27,32,1073,1273
15um-027-033,1,27,33,1073,1313
15um-027-034,1,27,34,1073,1353
15um-027-035,1,27,35,1073,1393
15um-027-036,1,27,36,1073,1433
15um-027-037,1,27,37,1073,1473
15um-027-038,1,27,38,1073,1513
15um-027-039,1,27,39,1073,1553
15um-027-040,1,27,40,1073,1593
15um-027-041,1,27,41,1073,1633
15um-027-042,1,27,42,1073,1673
15um-027-043,1,27,43,1073,1713
15um-027-044,1,27,44,1073,1753
15um-027-045,1,27,45,1073,1793
15um-027-046,1,27,46,1073,1833
15um-027-047,1,27,47,1073,1873
15um-027-048,1,27,48,1073,1913
15um-027-049,1,27,49,1073,1953
15um-027-050,1,27,50,1073,1993
15um-027-051,1,27,51,1073,2033
15um-027-052,1,27,52,1073,2073
15um-027-053,1,27,53,1073,2113
15um-027-054,1,27,54,1073,2153
15um-027-055,1,27,55,1073,2193
15um-027-056,1,27,56,1073,2233
15um-027-057,1,27,57,1073,2273
15um-027-058,1,27,58,1073,2313
15um-027-059,1,27,59,1073,2353
15um-027-060,1,27,60,1073,2393
15um-027-061,1,27,61,1073,2433
15um-027-062,1,27,62,1073,2473
15um-027-063,1,27,63,1073,2513
15um-027-064,1,27,64,1073,2553
15um-027-065,1,27,65,1073,2593
15um-027-066,1,27,66,1073,2633
15um-027-067,1,27,67,1073,2673
15um-027-068,1,27,68,1073,2713
15um-027-069,1,27,69,1073,2753
15um-027-070,1,27,70,1073,2793
15um-027-071,1,27,71,1073,2833
15um-027-072,1,27,72,1073,2873
15um-027-073,1,27,73,1073,2913
15um-027-074,1,27,74,1073,2953
15um-027-075,1,27,75,1073,2993
15um-027-076,1,27,76,1073,3033
15um-027-077,1,27,77,1073,3073
15um-027-078,1,27,78,1073,3113
15um-027-079,1,27,79,1073,3153
15um-027-080,1,27,80,1073,3193
15um-027-081,1,27,81,1073,3233
15um-027-082,1,27,82,1073,3273
15um-027-083,1,27,83,1073,3313
15um-027-084,1,27,84,1073,3353
15um-027-085,1,27,85,1073,3393
15um-027-086,1,27,86,1073,3433
15um-027-087,1,27,87,1073,3473
15um-027-088,1,27,88,1073,3513
15um-027-089,1,27,89,1073,3553
15um-027-090,1,27,90,1073,3593
15um-027-091,1,27,91,1073,3633
15um-027-092,1,27,92,1073,3673
15um-027-093,1,27,93,1073,3713
15um-027-094,1,27,94,1073,3753
15um-027-095,1,27,95,1073,3793
15um-027-096,1,27,96,1073,3833
15um-028-001,1,28,1,1113,33
15um-028-002,1,28,2,1113,73
15um-028-003,1,28,3,1113,113
15um-028-004,1,28,4,1113,153
15um-028-005,1,28,5,1113,193
15um-028-006,1,28,6,1113,233
15um-028-007,1,28,7,1113,273
15um-028-008,1,28,8,1113,313
15um-028-009,1,28,9,1113,353
15um-028-010,1,28,10,1113,393
15um-028-011,1,28,11,1113,433
15um-028-012,1,28,12,1113,473
15um-028-013,1,28,13,1113,513
15um-028-014,1,28,14,1113,553
15um-028-015,1,28,15,1113,593
15um-028-016,1,28,16,1113,633
15um-028-017,1,28,17,1113,673
15um-028-018,1,28,18,1113,713
15um-028-019,1,28,19,1113,753
15um-028-020,1,28,20,1113,793
15um-028-021,1,28,21,1113,833
15um-028-022,1,28,22,1113,873
15um-028-023,1,28,23,1113,913
15um-028-024,1,28,24,1113,953
15um-028-025,1,28,25,1113,993
15um-028-026,1,28,26,1113,1033
15um-028-027,1,28,27,1113,1073
15um-028-028,1,28,28,1113,1113
15um-028-029,1,28,29,1113,1153
15um-028-030,1,28,30,1113,1193
15um-028-031,1,28,31,1113,1233
15um-028-032,1,28,32,1113,1273
15um-028-033,1,28,33,1113,1313
15um-028-034,1,28,34,1113,1353
15um-028-035,1,28,35,1113,1393
15um-028-036,1,28,36,1113,1433
15um-028-037,1,28,37,1113,1473
15um-028-038,1,28,38,1113,1513
15um-028-039,1,28,39,1113,1553
15um-028-040,1,28,40,1113,1593
15um-028-041,1,28,41,1113,1633
15um-028-042,1,28,42,1113,1673
15um-028-043,1,28,43,1113,1713
15um-028-044,1,28,44,1113,1753
15um-028-045,1,28,45,1113,1793
15um-028-046,1,28,46,1113,1833
15um-028-047,1,28,47,1113,1873
15um-028-048,1,28,48,1113,1913
15um-028-049,1,28,49,1113,1953
15um-028-050,1,28,50,1113,1993
15um-028-051,1,28,51,1113,2033
15um-028-052,1,28,52,1113,2073
15um-028-053,1,28,53,1113,2113
15um-028-054,1,28,54,1113,2153
15um-028-055,1,28,55,1113,2193
15um-028-056,1,28,56,1113,2233
15um-028-057,1,28,57,1113,2273
15um-028-058,1,28,58,1113,2313
15um-028-059,1,28,59,1113,2353
15um-028-060,1,28,60,1113,2393
15um-028-061,1,28,61,1113,2433
15um-028-062,1,28,62,1113,2473
15um-028-063,1,28,63,1113,2513
15um-028-064,1,28,64,1113,2553
15um-028-065,1,28,65,1113,2593
15um-028-066,1,28,66,1113,2633
15um-028-067,1,28,67,1113,2673
15um-028-068,1,28,68,1113,2713
15um-028-069,1,28,69,1113,2753
15um-028-070,1,28,70,1113,2793
15um-028-071,1,28,71,1113,2833
15um-028-072,1,28,72,1113,2873
15um-028-073,1,28,73,1113,2913
15um-028-074,1,28,74,1113,2953
15um-028-075,1,28,75,1113,2993
15um-028-076,1,28,76,1113,3033
15um-028-077,1,28,77,1113,3073
15um-028-078,1,28,78,1113,3113
15um-028-079,1,28,79,1113,3153
15um-028-080,1,28,80,1113,3193
15um-028-081,1,28,81,1113,3233
15um-028-082,1,28,82,1113,3273
15um-028-083,1,28,83,1113,3313
15um-028-084,1,28,84,1113,3353
15um-028-085,1,28,85,1113,3393
15um-028-086,1,28,86,1113,3433
15um-028-087,1,28,87,1113,3473
15um-028-088,1,28,88,1113,3513
15um-028-089,1,28,89,1113,3553
15um-028-090,1,28,90,1113,3593
15um-028-091,1,28,91,1113,3633
15um-028-092,1,28,92,1113,3673
15um-028-093,1,28,93,1113,3713
15um-028-094,1,28,94,1113,3753
15um-028-095,1,28,95,1113,3793
15um-028-096,1,28,96,1113,3833
15um-029-001,1,29,1,1153,33
15um-029-002,1,29,2,1153,73
15um-029-003,1,29,3,1153,113
15um-029-004,1,29,4,1153,153
15um-029-005,1,29,5,1153,193
15um-029-006,1,29,6,1153,233
15um-029-007,1,29,7,1153,273
15um-029-008,1,29,8,1153,313
15um-029-009,1,29,9,1153,353
15um-029-010,1,29,10,1153,393
15um-029-011,1,29,11,1153,433
15um-029-012,1,29,12,1153,473
15um-029-013,1,29,13,1153,513
15um-029-014,1,29,14,1153,553
15um-029-015,1,29,15,1153,593
15um-029-016,1,29,16,1153,633
15um-029-017,1,29,17,1153,673
15um-029-018,1,29,18,1153,713
15um-029-019,1,29,19,1153,753
15um-029-020,1,29,20,1153,793
15um-029-021,1,29,21,1153,833
15um-029-022,1,29,22,1153,873
15um-029-023,1,29,23,1153,913
15um-029-024,1,29,24,1153,953
15um-029-025,1,29,25,1153,993
15um-029-026,1,29,26,1153,1033
15um-029-027,1,29,27,1153,1073
15um-029-028,1,29,28,1153,1113
15um-029-029,1,29,29,1153,1153
15um-029-030,1,29,30,1153,1193
15um-029-031,1,29,31,1153,1233
15um-029-032,1,29,32,1153,1273
15um-029-033,1,29,33,1153,1313
15um-029-034,1,29,34,1153,1353
15um-029-035,1,29,35,1153,1393
15um-029-036,1,29,36,1153,1433
15um-029-037,1,29,37,1153,1473
15um-029-038,1,29,38,1153,1513
15um-029-039,1,29,39,1153,1553
15um-029-040,1,29,40,1153,1593
15um-029-041,1,29,41,1153,1633
15um-029-042,1,29,42,1153,1673
15um-029-043,1,29,43,1153,1713
15um-029-044,1,29,44,1153,1753
15um-029-045,1,29,45,1153,1793
15um-029-046,1,29,46,1153,1833
15um-029-047,1,29,47,1153,1873
15um-029-048,1,29,48,1153,1913
15um-029-049,1,29,49,1153,1953
15um-029-050,1,29,50,1153,1993
15um-029-051,1,29,51,1153,2033
15um-029-052,1,29,52,1153,2073
15um-029-053,1,29,53,1153,2113
15um-029-054,1,29,54,1153,2153
15um-029-055,1,29,55,1153,2193
15um-029-056,1,29,56,1153,2233
15um-029-057,1,29,57,1153,2273
15um-029-058,1,29,58,1153,2313
15um-029-059,1,29,59,1153,2353
15um-029-060,1,29,60,1153,2393
15um-029-061,1,29,61,1153,2433
15um-029-062,1,29,62,1153,2473
15um-029-063,1,29,63,1153,2513
15um-029-064,1,29,64,1153,2553
15um-029-065,1,29,65,1153,2593
15um-029-066,1,29,66,1153,2633
15um-029-067,1,29,67,1153,2673
15um-029-068,1,29,68,1153,2713
15um-029-069,1,29,69,1153,2753
15um-029-070,1,29,70,1153,2793
15um-029-071,1,29,71,1153,2833
15um-029-072,1,29,72,1153,2873
15um-029-073,1,29,73,1153,2913
15um-029-074,1,29,74,1153,2953
15um-029-075,1,29,75,1153,2993
15um-029-076,1,29,76,1153,3033
15um-029-077,1,29,77,1153,3073
15um-029-078,1,29,78,1153,3113
15um-029-079,1,29,79,1153,3153
15um-029-080,1,29,80,1153,3193
15um-029-081,1,29,81,1153,3233
15um-029-082,1,29,82,1153,3273
15um-029-083,1,29,83,1153,3313
15um-029-084,1,29,84,1153,3353
15um-029-085,1,29,85,1153,3393
15um-029-086,1,29,86,1153,3433
15um-029-087,1,29,87,1153,3473
15um-029-088,1,29,88,1153,3513
15um-029-089,1,29,89,1153,3553
15um-029-090,1,29,90,1153,3593
15um-029-091,1,29,91,1153,3633
15um-029-092,1,29,92,1153,3673
15um-029-093,1,29,93,1153,3713
15um-029-094,1,29,94,1153,3753
15um-029-095,1,29,95,1153,3793
15um-029-096,1,29,96,1153,3833
15um-030-001,1,30,1,1193,33
15um-030-002,1,30,2,1193,73
15um-030-003,1,30,3,1193,113
15um-030-004,1,30,4,1193,153
15um-030-005,1,30,5,1193,193
15um-030-006,1,30,6,1193,233
15um-030-007,1,30,7,1193,273
15um-030-008,1,30,8,1193,313
15um-030-009,1,30,9,1193,353
15um-030-010,1,30,10,1193,393
15um-030-011,1,30,11,1193,433
15um-030-012,1,30,12,1193,473
15um-030-013,1,30,13,1193,513
15um-030-014,1,30,14,1193,553
15um-030-015,1,30,15,1193,593
15um-030-016,1,30,16,1193,633
15um-030-017,1,30,17,1193,673
15um-030-018,1,30,18,1193,713
15um-030-019,1,30,19,1193,753
15um-030-020,1,30,20,1193,793
15um-030-021,1,30,21,1193,833
15um-030-022,1,30,22,1193,873
15um-030-023,1,30,23,1193,913
15um-030-024,1,30,24,1193,953
15um-030-025,1,30,25,1193,993
15um-030-026,1,30,26,1193,1033
15um-030-027,1,30,27,1193,1073
15um-030-028,1,30,28,1193,1113
15um-030-029,1,30,29,1193,1153
15um-030-030,1,30,30,1193,1193
15um-030-031,1,30,31,1193,1233
15um-030-032,1,30,32,1193,1273
15um-030-033,1,30,33,1193,1313
15um-030-034,1,30,34,1193,1353
15um-030-035,1,30,35,1193,1393
15um-030-036,1,30,36,1193,1433
15um-030-037,1,30,37,1193,1473
15um-030-038,1,30,38,1193,1513
15um-030-039,1,30,39,1193,1553
15um-030-040,1,30,40,1193,1593
15um-030-041,1,30,41,1193,1633
15um-030-042,1,30,42,1193,1673
15um-030-043,1,30,43,1193,1713
15um-030-044,1,30,44,1193,1753
15um-030-045,1,30,45,1193,1793
15um-030-046,1,30,46,1193,1833
15um-030-047,1,30,47,1193,1873
15um-030-048,1,30,48,1193,1913
15um-030-049,1,30,49,1193,1953
15um-030-050,1,30,50,1193,1993
15um-030-051,1,30,51,1193,2033
15um-030-052,1,30,52,1193,2073
15um-030-053,1,30,53,1193,2113
15um-030-054,1,30,54,1193,2153
15um-030-055,1,30,55,1193,2193
15um-030-056,1,30,56,1193,2233
15um-030-057,1,30,57,1193,2273
15um-030-058,1,30,58,1193,2313
15um-030-059,1,30,59,1193,2353
15um-030-060,1,30,60,1193,2393
15um-030-061,1,30,61,1193,2433
15um-030-062,1,30,62,1193,2473
15um-030-063,1,30,63,1193,2513
15um-030-064,1,30,64,1193,2553
15um-030-065,1,30,65,1193,2593
15um-030-066,1,30,66,1193,2633
15um-030-067,1,30,67,1193,2673
15um-030-068,1,30,68,1193,2713
15um-030-069,1,30,69,1193,2753
15um-030-070,1,30,70,1193,2793
15um-030-071,1,30,71,1193,2833
15um-030-072,1,30,72,1193,2873
15um-030-073,1,30,73,1193,2913
15um-030-074,1,30,74,1193,2953
15um-030-075,1,30,75,1193,2993
15um-030-076,1,30,76,1193,3033
15um-030-077,1,30,77,1193,3073
15um-030-078,1,30,78,1193,3113
15um-030-079,1,30,79,1193,3153
15um-030-080,1,30,80,1193,3193
15um-030-081,1,30,81,1193,3233
15um-030-082,1,30,82,1193,3273
15um-030-083,1,30,83,1193,3313
15um-030-084,1,30,84,1193,3353
15um-030-085,1,30,85,1193,3393
15um-030-086,1,30,86,1193,3433
15um-030-087,1,30,87,1193,3473
15um-030-088,1,30,88,1193,3513
15um-030-089,1,30,89,1193,3553
15um-030-090,1,30,90,1193,3593
15um-030-091,1,30,91,1193,3633
15um-030-092,1,30,92,1193,3673
15um-030-093,1,30,93,1193,3713
15um-030-094,1,30,94,1193,3753
15um-030-095,1,30,95,1193,3793
15um-030-096,1,30,96,1193,3833
15um-031-001,1,31,1,1233,33
15um-031-002,1,31,2,1233,73
15um-031-003,1,31,3,1233,113
15um-031-004,1,31,4,1233,153
15um-031-005,1,31,5,1233,193
15um-031-006,1,31,6,1233,233
15um-031-007,1,31,7,1233,273
15um-031-008,1,31,8,1233,313
15um-031-009,1,31,9,1233,353
15um-031-010,1,31,10,1233,393
15um-031-011,1,31,11,1233,433
15um-031-012,1,31,12,1233,473
15um-031-013,1,31,13,1233,513
15um-031-014,1,31,14,1233,553
15um-031-015,1,31,15,1233,593
15um-031-016,1,31,16,1233,633
15um-031-017,1,31,17,1233,673
15um-031-018,1,31,18,1233,713
15um-031-019,1,31,19,1233,753
15um-031-020,1,31,20,1233,793
15um-031-021,1,31,21,1233,833
15um-031-022,1,31,22,1233,873
15um-031-023,1,31,23,1233,913
15um-031-024,1,31,24,1233,953
15um-031-025,1,31,25,1233,993
15um-031-026,1,31,26,1233,1033
15um-031-027,1,31,27,1233,1073
15um-031-028,1,31,28,1233,1113
15um-031-029,1,31,29,1233,1153
15um-031-030,1,31,30,1233,1193
15um-031-031,1,31,31,1233,1233
15um-031-032,1,31,32,1233,1273
15um-031-033,1,31,33,1233,1313
15um-031-034,1,31,34,1233,1353
15um-031-035,1,31,35,1233,1393
15um-031-036,1,31,36,1233,1433
15um-031-037,1,31,37,1233,1473
15um-031-038,1,31,38,1233,1513
15um-031-039,1,31,39,1233,1553
15um-031-040,1,31,40,1233,1593
15um-031-041,1,31,41,1233,1633
15um-031-042,1,31,42,1233,1673
15um-031-043,1,31,43,1233,1713
15um-031-044,1,31,44,1233,1753
15um-031-045,1,31,45,1233,1793
15um-031-046,1,31,46,1233,1833
15um-031-047,1,31,47,1233,1873
15um-031-048,1,31,48,1233,1913
15um-031-049,1,31,49,1233,1953
15um-031-050,1,31,50,1233,1993
15um-031-051,1,31,51,1233,2033
15um-031-052,1,31,52,1233,2073
15um-031-053,1,31,53,1233,2113
15um-031-054,1,31,54,1233,2153
15um-031-055,1,31,55,1233,2193
15um-031-056,1,31,56,1233,2233
15um-031-057,1,31,57,1233,2273
15um-031-058,1,31,58,1233,2313
15um-031-059,1,31,59,1233,2353
15um-031-060,1,31,60,1233,2393
15um-031-061,1,31,61,1233,2433
15um-031-062,1,31,62,1233,2473
15um-031-063,1,31,63,1233,2513
15um-031-064,1,31,64,1233,2553
15um-031-065,1,31,65,1233,2593
15um-031-066,1,31,66,1233,2633
15um-031-067,1,31,67,1233,2673
15um-031-068,1,31,68,1233,2713
15um-031-069,1,31,69,1233,2753
15um-031-070,1,31,70,1233,2793
15um-031-071,1,31,71,1233,2833
15um-031-072,1,31,72,1233,2873
15um-031-073,1,31,73,1233,2913
15um-031-074,1,31,74,1233,2953
15um-031-075,1,31,75,1233,2993
15um-031-076,1,31,76,1233,3033
15um-031-077,1,31,77,1233,3073
15um-031-078,1,31,78,1233,3113
15um-031-079,1,31,79,1233,3153
15um-031-080,1,31,80,1233,3193
15um-031-081,1,31,81,1233,3233
15um-031-082,1,31,82,1233,3273
15um-031-083,1,31,83,1233,3313
15um-031-084,1,31,84,1233,3353
15um-031-085,1,31,85,1233,3393
15um-031-086,1,31,86,1233,3433
15um-031-087,1,31,87,1233,3473
15um-031-088,1,31,88,1233,3513
15um-031-089,1,31,89,1233,3553
15um-031-090,1,31,90,1233,3593
15um-031-091,1,31,91,1233,3633
15um-031-092,1,31,92,1233,3673
15um-031-093,1,31,93,1233,3713
15um-031-094,1,31,94,1233,3753
15um-031-095,1,31,95,1233,3793
15um-031-096,1,31,96,1233,3833
15um-032-001,1,32,1,1273,33
15um-032-002,1,32,2,1273,73
15um-032-003,1,32,3,1273,113
15um-032-004,1,32,4,1273,153
15um-032-005,1,32,5,1273,193
15um-032-006,1,32,6,1273,233
15um-032-007,1,32,7,1273,273
15um-032-008,1,32,8,1273,313
15um-032-009,1,32,9,1273,353
15um-032-010,1,32,10,1273,393
15um-032-011,1,32,11,1273,433
15um-032-012,1,32,12,1273,473
15um-032-013,1,32,13,1273,513
15um-032-014,1,32,14,1273,553
15um-032-015,1,32,15,1273,593
15um-032-016,1,32,16,1273,633
15um-032-017,1,32,17,1273,673
15um-032-018,1,32,18,1273,713
15um-032-019,1,32,19,1273,753
15um-032-020,1,32,20,1273,793
15um-032-021,1,32,21,1273,833
15um-032-022,1,32,22,1273,873
15um-032-023,1,32,23,1273,913
15um-032-024,1,32,24,1273,953
15um-032-025,1,32,25,1273,993
15um-032-026,1,32,26,1273,1033
15um-032-027,1,32,27,1273,1073
15um-032-028,1,32,28,1273,1113
15um-032-029,1,32,29,1273,1153
15um-032-030,1,32,30,1273,1193
15um-032-031,1,32,31,1273,1233
15um-032-032,1,32,32,1273,1273
15um-032-033,1,32,33,1273,1313
15um-032-034,1,32,34,1273,1353
15um-032-035,1,32,35,1273,1393
15um-032-036,1,32,36,1273,1433
15um-032-037,1,32,37,1273,1473
15um-032-038,1,32,38,1273,1513
15um-032-039,1,32,39,1273,1553
15um-032-040,1,32,40,1273,1593
15um-032-041,1,32,41,1273,1633
15um-032-042,1,32,42,1273,1673
15um-032-043,1,32,43,1273,1713
15um-032-044,1,32,44,1273,1753
15um-032-045,1,32,45,1273,1793
15um-032-046,1,32,46,1273,1833
15um-032-047,1,32,47,1273,1873
15um-032-048,1,32,48,1273,1913
15um-032-049,1,32,49,1273,1953
15um-032-050,1,32,50,1273,1993
15um-032-051,1,32,51,1273,2033
15um-032-052,1,32,52,1273,2073
15um-032-053,1,32,53,1273,2113
15um-032-054,1,32,54,1273,2153
15um-032-055,1,32,55,1273,2193
15um-032-056,1,32,56,1273,2233
15um-032-057,1,32,57,1273,2273
15um-032-058,1,32,58,1273,2313
15um-032-059,1,32,59,1273,2353
15um-032-060,1,32,60,1273,2393
15um-032-061,1,32,61,1273,2433
15um-032-062,1,32,62,1273,2473
15um-032-063,1,32,63,1273,2513
15um-032-064,1,32,64,1273,2553
15um-032-065,1,32,65,1273,2593
15um-032-066,1,32,66,1273,2633
15um-032-067,1,32,67,1273,2673
15um-032-068,1,32,68,1273,2713
15um-032-069,1,32,69,1273,2753
15um-032-070,1,32,70,1273,2793
15um-032-071,1,32,71,1273,2833
15um-032-072,1,32,72,1273,2873
15um-032-073,1,32,73,1273,2913
15um-032-074,1,32,74,1273,2953
15um-032-075,1,32,75,1273,2993
15um-032-076,1,32,76,1273,3033
15um-032-077,1,32,77,1273,3073
15um-032-078,1,32,78,1273,3113
15um-032-079,1,32,79,1273,3153
15um-032-080,1,32,80,1273,3193
15um-032-081,1,32,81,1273,3233
15um-032-082,1,32,82,1273,3273
15um-032-083,1,32,83,1273,3313
15um-032-084,1,32,84,1273,3353
15um-032-085,1,32,85,1273,3393
15um-032-086,1,32,86,1273,3433
15um-032-087,1,32,87,1273,3473
15um-032-088,1,32,88,1273,3513
15um-032-089,1,32,89,1273,3553
15um-032-090,1,32,90,1273,3593
15um-032-091,1,32,91,1273,3633
15um-032-092,1,32,92,1273,3673
15um-032-093,1,32,93,1273,3713
15um-032-094,1,32,94,1273,3753
15um-032-095,1,32,95,1273,3793
15um-032-096,1,32,96,1273,3833
15um-033-001,1,33,1,1313,33
15um-033-002,1,33,2,1313,73
15um-033-003,1,33,3,1313,113
15um-033-004,1,33,4,1313,153
15um-033-005,1,33,5,1313,193
15um-033-006,1,33,6,1313,233
15um-033-007,1,33,7,1313,273
15um-033-008,1,33,8,1313,313
15um-033-009,1,33,9,1313,353
15um-033-010,1,33,10,1313,393
15um-033-011,1,33,11,1313,433
15um-033-012,1,33,12,1313,473
15um-033-013,1,33,13,1313,513
15um-033-014,1,33,14,1313,553
15um-033-015,1,33,15,1313,593
15um-033-016,1,33,16,1313,633
15um-033-017,1,33,17,1313,673
15um-033-018,1,33,18,1313,713
15um-033-019,1,33,19,1313,753
15um-033-020,1,33,20,1313,793
15um-033-021,1,33,21,1313,833
15um-033-022,1,33,22,1313,873
15um-033-023,1,33,23,1313,913
15um-033-024,1,33,24,1313,953
15um-033-025,1,33,25,1313,993
15um-033-026,1,33,26,1313,1033
15um-033-027,1,33,27,1313,1073
15um-033-028,1,33,28,1313,1113
15um-033-029,1,33,29,1313,1153
15um-033-030,1,33,30,1313,1193
15um-033-031,1,33,31,1313,1233
15um-033-032,1,33,32,1313,1273
15um-033-033,1,33,33,1313,1313
15um-033-034,1,33,34,1313,1353
15um-033-035,1,33,35,1313,1393
15um-033-036,1,33,36,1313,1433
15um-033-037,1,33,37,1313,1473
15um-033-038,1,33,38,1313,1513
15um-033-039,1,33,39,1313,1553
15um-033-040,1,33,40,1313,1593
15um-033-041,1,33,41,1313,1633
15um-033-042,1,33,42,1313,1673
15um-033-043,1,33,43,1313,1713
15um-033-044,1,33,44,1313,1753
15um-033-045,1,33,45,1313,1793
15um-033-046,1,33,46,1313,1833
15um-033-047,1,33,47,1313,1873
15um-033-048,1,33,48,1313,1913
15um-033-049,1,33,49,1313,1953
15um-033-050,1,33,50,1313,1993
15um-033-051,1,33,51,1313,2033
15um-033-052,1,33,52,1313,2073
15um-033-053,1,33,53,1313,2113
15um-033-054,1,33,54,1313,2153
15um-033-055,1,33,55,1313,2193
15um-033-056,1,33,56,1313,2233
15um-033-057,1,33,57,1313,2273
15um-033-058,1,33,58,1313,2313
15um-033-059,1,33,59,1313,2353
15um-033-060,1,33,60,1313,2393
15um-033-061,1,33,61,1313,2433
15um-033-062,1,33,62,1313,2473
15um-033-063,1,33,63,1313,2513
15um-033-064,1,33,64,1313,2553
15um-033-065,1,33,65,1313,2593
15um-033-066,1,33,66,1313,2633
15um-033-067,1,33,67,1313,2673
15um-033-068,1,33,68,1313,2713
15um-033-069,1,33,69,1313,2753
15um-033-070,1,33,70,1313,2793
15um-033-071,1,33,71,1313,2833
15um-033-072,1,33,72,1313,2873
15um-033-073,1,33,73,1313,2913
15um-033-074,1,33,74,1313,2953
15um-033-075,1,33,75,1313,2993
15um-033-076,1,33,76,1313,3033
15um-033-077,1,33,77,1313,3073
15um-033-078,1,33,78,1313,3113
15um-033-079,1,33,79,1313,3153
15um-033-080,1,33,80,1313,3193
15um-033-081,1,33,81,1313,3233
15um-033-082,1,33,82,1313,3273
15um-033-083,1,33,83,1313,3313
15um-033-084,1,33,84,1313,3353
15um-033-085,1,33,85,1313,3393
15um-033-086,1,33,86,1313,3433
15um-033-087,1,33,87,1313,3473
15um-033-088,1,33,88,1313,3513
15um-033-089,1,33,89,1313,3553
15um-033-090,1,33,90,1313,3593
15um-033-091,1,33,91,1313,3633
15um-033-092,1,33,92,1313,3673
15um-033-093,1,33,93,1313,3713
15um-033-094,1,33,94,1313,3753
15um-033-095,1,33,95,1313,3793
15um-033-096,1,33,96,1313,3833
15um-034-001,1,34,1,1353,33
15um-034-002,1,34,2,1353,73
15um-034-003,1,34,3,1353,113
15um-034-004,1,34,4,1353,153
15um-034-005,1,34,5,1353,193
15um-034-006,1,34,6,1353,233
15um-034-007,1,34,7,1353,273
15um-034-008,1,34,8,1353,313
15um-034-009,1,34,9,1353,353
15um-034-010,1,34,10,1353,393
15um-034-011,1,34,11,1353,433
15um-034-012,1,34,12,1353,473
15um-034-013,1,34,13,1353,513
15um-034-014,1,34,14,1353,553
15um-034-015,1,34,15,1353,593
15um-034-016,1,34,16,1353,633
15um-034-017,1,34,17,1353,673
15um-034-018,1,34,18,1353,713
15um-034-019,1,34,19,1353,753
15um-034-020,1,34,20,1353,793
15um-034-021,1,34,21,1353,833
15um-034-022,1,34,22,1353,873
15um-034-023,1,34,23,1353,913
15um-034-024,1,34,24,1353,953
15um-034-025,1,34,25,1353,993
15um-034-026,1,34,26,1353,1033
15um-034-027,1,34,27,1353,1073
15um-034-028,1,34,28,1353,1113
15um-034-029,1,34,29,1353,1153
15um-034-030,1,34,30,1353,1193
15um-034-031,1,34,31,1353,1233
15um-034-032,1,34,32,1353,1273
15um-034-033,1,34,33,1353,1313
15um-034-034,1,34,34,1353,1353
15um-034-035,1,34,35,1353,1393
15um-034-036,1,34,36,1353,1433
15um-034-037,1,34,37,1353,1473
15um-034-038,1,34,38,1353,1513
15um-034-039,1,34,39,1353,1553
15um-034-040,1,34,40,1353,1593
15um-034-041,1,34,41,1353,1633
15um-034-042,1,34,42,1353,1673
15um-034-043,1,34,43,1353,1713
15um-034-044,1,34,44,1353,1753
15um-034-045,1,34,45,1353,1793
15um-034-046,1,34,46,1353,1833
15um-034-047,1,34,47,1353,1873
15um-034-048,1,34,48,1353,1913
15um-034-049,1,34,49,1353,1953
15um-034-050,1,34,50,1353,1993
15um-034-051,1,34,51,1353,2033
15um-034-052,1,34,52,1353,2073
15um-034-053,1,34,53,1353,2113
15um-034-054,1,34,54,1353,2153
15um-034-055,1,34,55,1353,2193
15um-034-056,1,34,56,1353,2233
15um-034-057,1,34,57,1353,2273
15um-034-058,1,34,58,1353,2313
15um-034-059,1,34,59,1353,2353
15um-034-060,1,34,60,1353,2393
15um-034-061,1,34,61,1353,2433
15um-034-062,1,34,62,1353,2473
15um-034-063,1,34,63,1353,2513
15um-034-064,1,34,64,1353,2553
15um-034-065,1,34,65,1353,2593
15um-034-066,1,34,66,1353,2633
15um-034-067,1,34,67,1353,2673
15um-034-068,1,34,68,1353,2713
15um-034-069,1,34,69,1353,2753
15um-034-070,1,34,70,1353,2793
15um-034-071,1,34,71,1353,2833
15um-034-072,1,34,72,1353,2873
15um-034-073,1,34,73,1353,2913
15um-034-074,1,34,74,1353,2953
15um-034-075,1,34,75,1353,2993
15um-034-076,1,34,76,1353,3033
15um-034-077,1,34,77,1353,3073
15um-034-078,1,34,78,1353,3113
15um-034-079,1,34,79,1353,3153
15um-034-080,1,34,80,1353,3193
15um-034-081,1,34,81,1353,3233
15um-034-082,1,34,82,1353,3273
15um-034-083,1,34,83,1353,3313
15um-034-084,1,34,84,1353,3353
15um-034-085,1,34,85,1353,3393
15um-034-086,1,34,86,1353,3433
15um-034-087,1,34,87,1353,3473
15um-034-088,1,34,88,1353,3513
15um-034-089,1,34,89,1353,3553
15um-034-090,1,34,90,1353,3593
15um-034-091,1,34,91,1353,3633
15um-034-092,1,34,92,1353,3673
15um-034-093,1,34,93,1353,3713
15um-034-094,1,34,94,1353,3753
15um-034-095,1,34,95,1353,3793
15um-034-096,1,34,96,1353,3833
15um-035-001,1,35,1,1393,33
15um-035-002,1,35,2,1393,73
15um-035-003,1,35,3,1393,113
15um-035-004,1,35,4,1393,153
15um-035-005,1,35,5,1393,193
15um-035-006,1,35,6,1393,233
15um-035-007,1,35,7,1393,273
15um-035-008,1,35,8,1393,313
15um-035-009,1,35,9,1393,353
15um-035-010,1,35,10,1393,393
15um-035-011,1,35,11,1393,433
15um-035-012,1,35,12,1393,473
15um-035-013,1,35,13,1393,513
15um-035-014,1,35,14,1393,553
15um-035-015,1,35,15,1393,593
15um-035-016,1,35,16,1393,633
15um-035-017,1,35,17,1393,673
15um-035-018,1,35,18,1393,713
15um-035-019,1,35,19,1393,753
15um-035-020,1,35,20,1393,793
15um-035-021,1,35,21,1393,833
15um-035-022,1,35,22,1393,873
15um-035-023,1,35,23,1393,913
15um-035-024,1,35,24,1393,953
15um-035-025,1,35,25,1393,993
15um-035-026,1,35,26,1393,1033
15um-035-027,1,35,27,1393,1073
15um-035-028,1,35,28,1393,1113
15um-035-029,1,35,29,1393,1153
15um-035-030,1,35,30,1393,1193
15um-035-031,1,35,31,1393,1233
15um-035-032,1,35,32,1393,1273
15um-035-033,1,35,33,1393,1313
15um-035-034,1,35,34,1393,1353
15um-035-035,1,35,35,1393,1393
15um-035-036,1,35,36,1393,1433
15um-035-037,1,35,37,1393,1473
15um-035-038,1,35,38,1393,1513
15um-035-039,1,35,39,1393,1553
15um-035-040,1,35,40,1393,1593
15um-035-041,1,35,41,1393,1633
15um-035-042,1,35,42,1393,1673
15um-035-043,1,35,43,1393,1713
15um-035-044,1,35,44,1393,1753
15um-035-045,1,35,45,1393,1793
15um-035-046,1,35,46,1393,1833
15um-035-047,1,35,47,1393,1873
15um-035-048,1,35,48,1393,1913
15um-035-049,1,35,49,1393,1953
15um-035-050,1,35,50,1393,1993
15um-035-051,1,35,51,1393,2033
15um-035-052,1,35,52,1393,2073
15um-035-053,1,35,53,1393,2113
15um-035-054,1,35,54,1393,2153
15um-035-055,1,35,55,1393,2193
15um-035-056,1,35,56,1393,2233
15um-035-057,1,35,57,1393,2273
15um-035-058,1,35,58,1393,2313
15um-035-059,1,35,59,1393,2353
15um-035-060,1,35,60,1393,2393
15um-035-061,1,35,61,1393,2433
15um-035-062,1,35,62,1393,2473
15um-035-063,1,35,63,1393,2513
15um-035-064,1,35,64,1393,2553
15um-035-065,1,35,65,1393,2593
15um-035-066,1,35,66,1393,2633
15um-035-067,1,35,67,1393,2673
15um-035-068,1,35,68,1393,2713
15um-035-069,1,35,69,1393,2753
15um-035-070,1,35,70,1393,2793
15um-035-071,1,35,71,1393,2833
15um-035-072,1,35,72,1393,2873
15um-035-073,1,35,73,1393,2913
15um-035-074,1,35,74,1393,2953
15um-035-075,1,35,75,1393,2993
15um-035-076,1,35,76,1393,3033
15um-035-077,1,35,77,1393,3073
15um-035-078,1,35,78,1393,3113
15um-035-079,1,35,79,1393,3153
15um-035-080,1,35,80,1393,3193
15um-035-081,1,35,81,1393,3233
15um-035-082,1,35,82,1393,3273
15um-035-083,1,35,83,1393,3313
15um-035-084,1,35,84,1393,3353
15um-035-085,1,35,85,1393,3393
15um-035-086,1,35,86,1393,3433
15um-035-087,1,35,87,1393,3473
15um-035-088,1,35,88,1393,3513
15um-035-089,1,35,89,1393,3553
15um-035-090,1,35,90,1393,3593
15um-035-091,1,35,91,1393,3633
15um-035-092,1,35,92,1393,3673
15um-035-093,1,35,93,1393,3713
15um-035-094,1,35,94,1393,3753
15um-035-095,1,35,95,1393,3793
15um-035-096,1,35,96,1393,3833
15um-036-001,1,36,1,1433,33
15um-036-002,1,36,2,1433,73
15um-036-003,1,36,3,1433,113
15um-036-004,1,36,4,1433,153
15um-036-005,1,36,5,1433,193
15um-036-006,1,36,6,1433,233
15um-036-007,1,36,7,1433,273
15um-036-008,1,36,8,1433,313
15um-036-009,1,36,9,1433,353
15um-036-010,1,36,10,1433,393
15um-036-011,1,36,11,1433,433
15um-036-012,1,36,12,1433,473
15um-036-013,1,36,13,1433,513
15um-036-014,1,36,14,1433,553
15um-036-015,1,36,15,1433,593
15um-036-016,1,36,16,1433,633
15um-036-017,1,36,17,1433,673
15um-036-018,1,36,18,1433,713
15um-036-019,1,36,19,1433,753
15um-036-020,1,36,20,1433,793
15um-036-021,1,36,21,1433,833
15um-036-022,1,36,22,1433,873
15um-036-023,1,36,23,1433,913
15um-036-024,1,36,24,1433,953
15um-036-025,1,36,25,1433,993
15um-036-026,1,36,26,1433,1033
15um-036-027,1,36,27,1433,1073
15um-036-028,1,36,28,1433,1113
15um-036-029,1,36,29,1433,1153
15um-036-030,1,36,30,1433,1193
15um-036-031,1,36,31,1433,1233
15um-036-032,1,36,32,1433,1273
15um-036-033,1,36,33,1433,1313
15um-036-034,1,36,34,1433,1353
15um-036-035,1,36,35,1433,1393
15um-036-036,1,36,36,1433,1433
15um-036-037,1,36,37,1433,1473
15um-036-038,1,36,38,1433,1513
15um-036-039,1,36,39,1433,1553
15um-036-040,1,36,40,1433,1593
15um-036-041,1,36,41,1433,1633
15um-036-042,1,36,42,1433,1673
15um-036-043,1,36,43,1433,1713
15um-036-044,1,36,44,1433,1753
15um-036-045,1,36,45,1433,1793
15um-036-046,1,36,46,1433,1833
15um-036-047,1,36,47,1433,1873
15um-036-048,1,36,48,1433,1913
15um-036-049,1,36,49,1433,1953
15um-036-050,1,36,50,1433,1993
15um-036-051,1,36,51,1433,2033
15um-036-052,1,36,52,1433,2073
15um-036-053,1,36,53,1433,2113
15um-036-054,1,36,54,1433,2153
15um-036-055,1,36,55,1433,2193
15um-036-056,1,36,56,1433,2233
15um-036-057,1,36,57,1433,2273
15um-036-058,1,36,58,1433,2313
15um-036-059,1,36,59,1433,2353
15um-036-060,1,36,60,1433,2393
15um-036-061,1,36,61,1433,2433
15um-036-062,1,36,62,1433,2473
15um-036-063,1,36,63,1433,2513
15um-036-064,1,36,64,1433,2553
15um-036-065,1,36,65,1433,2593
15um-036-066,1,36,66,1433,2633
15um-036-067,1,36,67,1433,2673
15um-036-068,1,36,68,1433,2713
15um-036-069,1,36,69,1433,2753
15um-036-070,1,36,70,1433,2793
15um-036-071,1,36,71,1433,2833
15um-036-072,1,36,72,1433,2873
15um-036-073,1,36,73,1433,2913
15um-036-074,1,36,74,1433,2953
15um-036-075,1,36,75,1433,2993
15um-036-076,1,36,76,1433,3033
15um-036-077,1,36,77,1433,3073
15um-036-078,1,36,78,1433,3113
15um-036-079,1,36,79,1433,3153
15um-036-080,1,36,80,1433,3193
15um-036-081,1,36,81,1433,3233
15um-036-082,1,36,82,1433,3273
15um-036-083,1,36,83,1433,3313
15um-036-084,1,36,84,1433,3353
15um-036-085,1,36,85,1433,3393
15um-036-086,1,36,86,1433,3433
15um-036-087,1,36,87,1433,3473
15um-036-088,1,36,88,1433,3513
15um-036-089,1,36,89,1433,3553
15um-036-090,1,36,90,1433,3593
15um-036-091,1,36,91,1433,3633
15um-036-092,1,36,92,1433,3673
15um-036-093,1,36,93,1433,3713
15um-036-094,1,36,94,1433,3753
15um-036-095,1,36,95,1433,3793
15um-036-096,1,36,96,1433,3833
15um-037-001,1,37,1,1473,33
15um-037-002,1,37,2,1473,73
15um-037-003,1,37,3,1473,113
15um-037-004,1,37,4,1473,153
15um-037-005,1,37,5,1473,193
15um-037-006,1,37,6,1473,233
15um-037-007,1,37,7,1473,273
15um-037-008,1,37,8,1473,313
15um-037-009,1,37,9,1473,353
15um-037-010,1,37,10,1473,393
15um-037-011,1,37,11,1473,433
15um-037-012,1,37,12,1473,473
15um-037-013,1,37,13,1473,513
15um-037-014,1,37,14,1473,553
15um-037-015,1,37,15,1473,593
15um-037-016,1,37,16,1473,633
15um-037-017,1,37,17,1473,673
15um-037-018,1,37,18,1473,713
15um-037-019,1,37,19,1473,753
15um-037-020,1,37,20,1473,793
15um-037-021,1,37,21,1473,833
15um-037-022,1,37,22,1473,873
15um-037-023,1,37,23,1473,913
15um-037-024,1,37,24,1473,953
15um-037-025,1,37,25,1473,993
15um-037-026,1,37,26,1473,1033
15um-037-027,1,37,27,1473,1073
15um-037-028,1,37,28,1473,1113
15um-037-029,1,37,29,1473,1153
15um-037-030,1,37,30,1473,1193
15um-037-031,1,37,31,1473,1233
15um-037-032,1,37,32,1473,1273
15um-037-033,1,37,33,1473,1313
15um-037-034,1,37,34,1473,1353
15um-037-035,1,37,35,1473,1393
15um-037-036,1,37,36,1473,1433
15um-037-037,1,37,37,1473,1473
15um-037-038,1,37,38,1473,1513
15um-037-039,1,37,39,1473,1553
15um-037-040,1,37,40,1473,1593
15um-037-041,1,37,41,1473,1633
15um-037-042,1,37,42,1473,1673
15um-037-043,1,37,43,1473,1713
15um-037-044,1,37,44,1473,1753
15um-037-045,1,37,45,1473,1793
15um-037-046,1,37,46,1473,1833
15um-037-047,1,37,47,1473,1873
15um-037-048,1,37,48,1473,1913
15um-037-049,1,37,49,1473,1953
15um-037-050,1,37,50,1473,1993
15um-037-051,1,37,51,1473,2033
15um-037-052,1,37,52,1473,2073
15um-037-053,1,37,53,1473,2113
15um-037-054,1,37,54,1473,2153
15um-037-055,1,37,55,1473,2193
15um-037-056,1,37,56,1473,2233
15um-037-057,1,37,57,1473,2273
15um-037-058,1,37,58,1473,2313
15um-037-059,1,37,59,1473,2353
15um-037-060,1,37,60,1473,2393
15um-037-061,1,37,61,1473,2433
15um-037-062,1,37,62,1473,2473
15um-037-063,1,37,63,1473,2513
15um-037-064,1,37,64,1473,2553
15um-037-065,1,37,65,1473,2593
15um-037-066,1,37,66,1473,2633
15um-037-067,1,37,67,1473,2673
15um-037-068,1,37,68,1473,2713
15um-037-069,1,37,69,1473,2753
15um-037-070,1,37,70,1473,2793
15um-037-071,1,37,71,1473,2833
15um-037-072,1,37,72,1473,2873
15um-037-073,1,37,73,1473,2913
15um-037-074,1,37,74,1473,2953
15um-037-075,1,37,75,1473,2993
15um-037-076,1,37,76,1473,3033
15um-037-077,1,37,77,1473,3073
15um-037-078,1,37,78,1473,3113
15um-037-079,1,37,79,1473,3153
15um-037-080,1,37,80,1473,3193
15um-037-081,1,37,81,1473,3233
15um-037-082,1,37,82,1473,3273
15um-037-083,1,37,83,1473,3313
15um-037-084,1,37,84,1473,3353
15um-037-085,1,37,85,1473,3393
15um-037-086,1,37,86,1473,3433
15um-037-087,1,37,87,1473,3473
15um-037-088,1,37,88,1473,3513
15um-037-089,1,37,89,1473,3553
15um-037-090,1,37,90,1473,3593
15um-037-091,1,37,91,1473,3633
15um-037-092,1,37,92,1473,3673
15um-037-093,1,37,93,1473,3713
15um-037-094,1,37,94,1473,3753
15um-037-095,1,37,95,1473,3793
15um-037-096,1,37,96,1473,3833
15um-038-001,1,38,1,1513,33
15um-038-002,1,38,2,1513,73
15um-038-003,1,38,3,1513,113
15um-038-004,1,38,4,1513,153
15um-038-005,1,38,5,1513,193
15um-038-006,1,38,6,1513,233
15um-038-007,1,38,7,1513,273
15um-038-008,1,38,8,1513,313
15um-038-009,1,38,9,1513,353
15um-038-010,1,38,10,1513,393
15um-038-011,1,38,11,1513,433
15um-038-012,1,38,12,1513,473
15um-038-013,1,38,13,1513,513
15um-038-014,1,38,14,1513,553
15um-038-015,1,38,15,1513,593
15um-038-016,1,38,16,1513,633
15um-038-017,1,38,17,1513,673
15um-038-018,1,38,18,1513,713
15um-038-019,1,38,19,1513,753
15um-038-020,1,38,20,1513,793
15um-038-021,1,38,21,1513,833
15um-038-022,1,38,22,1513,873
15um-038-023,1,38,23,1513,913
15um-038-024,1,38,24,1513,953
15um-038-025,1,38,25,1513,993
15um-038-026,1,38,26,1513,1033
15um-038-027,1,38,27,1513,1073
15um-038-028,1,38,28,1513,1113
15um-038-029,1,38,29,1513,1153
15um-038-030,1,38,30,1513,1193
15um-038-031,1,38,31,1513,1233
15um-038-032,1,38,32,1513,1273
15um-038-033,1,38,33,1513,1313
15um-038-034,1,38,34,1513,1353
15um-038-035,1,38,35,1513,1393
15um-038-036,1,38,36,1513,1433
15um-038-037,1,38,37,1513,1473
15um-038-038,1,38,38,1513,1513
15um-038-039,1,38,39,1513,1553
15um-038-040,1,38,40,1513,1593
15um-038-041,1,38,41,1513,1633
15um-038-042,1,38,42,1513,1673
15um-038-043,1,38,43,1513,1713
15um-038-044,1,38,44,1513,1753
15um-038-045,1,38,45,1513,1793
15um-038-046,1,38,46,1513,1833
15um-038-047,1,38,47,1513,1873
15um-038-048,1,38,48,1513,1913
15um-038-049,1,38,49,1513,1953
15um-038-050,1,38,50,1513,1993
15um-038-051,1,38,51,1513,2033
15um-038-052,1,38,52,1513,2073
15um-038-053,1,38,53,1513,2113
15um-038-054,1,38,54,1513,2153
15um-038-055,1,38,55,1513,2193
15um-038-056,1,38,56,1513,2233
15um-038-057,1,38,57,1513,2273
15um-038-058,1,38,58,1513,2313
15um-038-059,1,38,59,1513,2353
15um-038-060,1,38,60,1513,2393
15um-038-061,1,38,61,1513,2433
15um-038-062,1,38,62,1513,2473
15um-038-063,1,38,63,1513,2513
15um-038-064,1,38,64,1513,2553
15um-038-065,1,38,65,1513,2593
15um-038-066,1,38,66,1513,2633
15um-038-067,1,38,67,1513,2673
15um-038-068,1,38,68,1513,2713
15um-038-069,1,38,69,1513,2753
15um-038-070,1,38,70,1513,2793
15um-038-071,1,38,71,1513,2833
15um-038-072,1,38,72,1513,2873
15um-038-073,1,38,73,1513,2913
15um-038-074,1,38,74,1513,2953
15um-038-075,1,38,75,1513,2993
15um-038-076,1,38,76,1513,3033
15um-038-077,1,38,77,1513,3073
15um-038-078,1,38,78,1513,3113
15um-038-079,1,38,79,1513,3153
15um-038-080,1,38,80,1513,3193
15um-038-081,1,38,81,1513,3233
15um-038-082,1,38,82,1513,3273
15um-038-083,1,38,83,1513,3313
15um-038-084,1,38,84,1513,3353
15um-038-085,1,38,85,1513,3393
15um-038-086,1,38,86,1513,3433
15um-038-087,1,38,87,1513,3473
15um-038-088,1,38,88,1513,3513
15um-038-089,1,38,89,1513,3553
15um-038-090,1,38,90,1513,3593
15um-038-091,1,38,91,1513,3633
15um-038-092,1,38,92,1513,3673
15um-038-093,1,38,93,1513,3713
15um-038-094,1,38,94,1513,3753
15um-038-095,1,38,95,1513,3793
15um-038-096,1,38,96,1513,3833
15um-039-001,1,39,1,1553,33
15um-039-002,1,39,2,1553,73
15um-039-003,1,39,3,1553,113
15um-039-004,1,39,4,1553,153
15um-039-005,1,39,5,1553,193
15um-039-006,1,39,6,1553,233
15um-039-007,1,39,7,1553,273
15um-039-008,1,39,8,1553,313
15um-039-009,1,39,9,1553,353
15um-039-010,1,39,10,1553,393
15um-039-011,1,39,11,1553,433
15um-039-012,1,39,12,1553,473
15um-039-013,1,39,13,1553,513
15um-039-014,1,39,14,1553,553
15um-039-015,1,39,15,1553,593
15um-039-016,1,39,16,1553,633
15um-039-017,1,39,17,1553,673
15um-039-018,1,39,18,1553,713
15um-039-019,1,39,19,1553,753
15um-039-020,1,39,20,1553,793
15um-039-021,1,39,21,1553,833
15um-039-022,1,39,22,1553,873
15um-039-023,1,39,23,1553,913
15um-039-024,1,39,24,1553,953
15um-039-025,1,39,25,1553,993
15um-039-026,1,39,26,1553,1033
15um-039-027,1,39,27,1553,1073
15um-039-028,1,39,28,1553,1113
15um-039-029,1,39,29,1553,1153
15um-039-030,1,39,30,1553,1193
15um-039-031,1,39,31,1553,1233
15um-039-032,1,39,32,1553,1273
15um-039-033,1,39,33,1553,1313
15um-039-034,1,39,34,1553,1353
15um-039-035,1,39,35,1553,1393
15um-039-036,1,39,36,1553,1433
15um-039-037,1,39,37,1553,1473
15um-039-038,1,39,38,1553,1513
15um-039-039,1,39,39,1553,1553
15um-039-040,1,39,40,1553,1593
15um-039-041,1,39,41,1553,1633
15um-039-042,1,39,42,1553,1673
15um-039-043,1,39,43,1553,1713
15um-039-044,1,39,44,1553,1753
15um-039-045,1,39,45,1553,1793
15um-039-046,1,39,46,1553,1833
15um-039-047,1,39,47,1553,1873
15um-039-048,1,39,48,1553,1913
15um-039-049,1,39,49,1553,1953
15um-039-050,1,39,50,1553,1993
15um-039-051,1,39,51,1553,2033
15um-039-052,1,39,52,1553,2073
15um-039-053,1,39,53,1553,2113
15um-039-054,1,39,54,1553,2153
15um-039-055,1,39,55,1553,2193
15um-039-056,1,39,56,1553,2233
15um-039-057,1,39,57,1553,2273
15um-039-058,1,39,58,1553,2313
15um-039-059,1,39,59,1553,2353
15um-039-060,1,39,60,1553,2393
15um-039-061,1,39,61,1553,2433
15um-039-062,1,39,62,1553,2473
15um-039-063,1,39,63,1553,2513
15um-039-064,1,39,64,1553,2553
15um-039-065,1,39,65,1553,2593
15um-039-066,1,39,66,1553,2633
15um-039-067,1,39,67,1553,2673
15um-039-068,1,39,68,1553,2713
15um-039-069,1,39,69,1553,2753
15um-039-070,1,39,70,1553,2793
15um-039-071,1,39,71,1553,2833
15um-039-072,1,39,72,1553,2873
15um-039-073,1,39,73,1553,2913
15um-039-074,1,39,74,1553,2953
15um-039-075,1,39,75,1553,2993
15um-039-076,1,39,76,1553,3033
15um-039-077,1,39,77,1553,3073
15um-039-078,1,39,78,1553,3113
15um-039-079,1,39,79,1553,3153
15um-039-080,1,39,80,1553,3193
15um-039-081,1,39,81,1553,3233
15um-039-082,1,39,82,1553,3273
15um-039-083,1,39,83,1553,3313
15um-039-084,1,39,84,1553,3353
15um-039-085,1,39,85,1553,3393
15um-039-086,1,39,86,1553,3433
15um-039-087,1,39,87,1553,3473
15um-039-088,1,39,88,1553,3513
15um-039-089,1,39,89,1553,3553
15um-039-090,1,39,90,1553,3593
15um-039-091,1,39,91,1553,3633
15um-039-092,1,39,92,1553,3673
15um-039-093,1,39,93,1553,3713
15um-039-094,1,39,94,1553,3753
15um-039-095,1,39,95,1553,3793
15um-039-096,1,39,96,1553,3833
15um-040-001,1,40,1,1593,33
15um-040-002,1,40,2,1593,73
15um-040-003,1,40,3,1593,113
15um-040-004,1,40,4,1593,153
15um-040-005,1,40,5,1593,193
15um-040-006,1,40,6,1593,233
15um-040-007,1,40,7,1593,273
15um-040-008,1,40,8,1593,313
15um-040-009,1,40,9,1593,353
15um-040-010,1,40,10,1593,393
15um-040-011,1,40,11,1593,433
15um-040-012,1,40,12,1593,473
15um-040-013,1,40,13,1593,513
15um-040-014,1,40,14,1593,553
15um-040-015,1,40,15,1593,593
15um-040-016,1,40,16,1593,633
15um-040-017,1,40,17,1593,673
15um-040-018,1,40,18,1593,713
15um-040-019,1,40,19,1593,753
15um-040-020,1,40,20,1593,793
15um-040-021,1,40,21,1593,833
15um-040-022,1,40,22,1593,873
15um-040-023,1,40,23,1593,913
15um-040-024,1,40,24,1593,953
15um-040-025,1,40,25,1593,993
15um-040-026,1,40,26,1593,1033
15um-040-027,1,40,27,1593,1073
15um-040-028,1,40,28,1593,1113
15um-040-029,1,40,29,1593,1153
15um-040-030,1,40,30,1593,1193
15um-040-031,1,40,31,1593,1233
15um-040-032,1,40,32,1593,1273
15um-040-033,1,40,33,1593,1313
15um-040-034,1,40,34,1593,1353
15um-040-035,1,40,35,1593,1393
15um-040-036,1,40,36,1593,1433
15um-040-037,1,40,37,1593,1473
15um-040-038,1,40,38,1593,1513
15um-040-039,1,40,39,1593,1553
15um-040-040,1,40,40,1593,1593
15um-040-041,1,40,41,1593,1633
15um-040-042,1,40,42,1593,1673
15um-040-043,1,40,43,1593,1713
15um-040-044,1,40,44,1593,1753
15um-040-045,1,40,45,1593,1793
15um-040-046,1,40,46,1593,1833
15um-040-047,1,40,47,1593,1873
15um-040-048,1,40,48,1593,1913
15um-040-049,1,40,49,1593,1953
15um-040-050,1,40,50,1593,1993
15um-040-051,1,40,51,1593,2033
15um-040-052,1,40,52,1593,2073
15um-040-053,1,40,53,1593,2113
15um-040-054,1,40,54,1593,2153
15um-040-055,1,40,55,1593,2193
15um-040-056,1,40,56,1593,2233
15um-040-057,1,40,57,1593,2273
15um-040-058,1,40,58,1593,2313
15um-040-059,1,40,59,1593,2353
15um-040-060,1,40,60,1593,2393
15um-040-061,1,40,61,1593,2433
15um-040-062,1,40,62,1593,2473
15um-040-063,1,40,63,1593,2513
15um-040-064,1,40,64,1593,2553
15um-040-065,1,40,65,1593,2593
15um-040-066,1,40,66,1593,2633
15um-040-067,1,40,67,1593,2673
15um-040-068,1,40,68,1593,2713
15um-040-069,1,40,69,1593,2753
15um-040-070,1,40,70,1593,2793
15um-040-071,1,40,71,1593,2833
15um-040-072,1,40,72,1593,2873
15um-040-073,1,40,73,1593,2913
15um-040-074,1,40,74,1593,2953
15um-040-075,1,40,75,1593,2993
15um-040-076,1,40,76,1593,3033
15um-040-077,1,40,77,1593,3073
15um-040-078,1,40,78,1593,3113
15um-040-079,1,40,79,1593,3153
15um-040-080,1,40,80,1593,3193
15um-040-081,1,40,81,1593,3233
15um-040-082,1,40,82,1593,3273
15um-040-083,1,40,83,1593,3313
15um-040-084,1,40,84,1593,3353
15um-040-085,1,40,85,1593,3393
15um-040-086,1,40,86,1593,3433
15um-040-087,1,40,87,1593,3473
15um-040-088,1,40,88,1593,3513
15um-040-089,1,40,89,1593,3553
15um-040-090,1,40,90,1593,3593
15um-040-091,1,40,91,1593,3633
15um-040-092,1,40,92,1593,3673
15um-040-093,1,40,93,1593,3713
15um-040-094,1,40,94,1593,3753
15um-040-095,1,40,95,1593,3793
15um-040-096,1,40,96,1593,3833
15um-041-001,1,41,1,1633,33
15um-041-002,1,41,2,1633,73
15um-041-003,1,41,3,1633,113
15um-041-004,1,41,4,1633,153
15um-041-005,1,41,5,1633,193
15um-041-006,1,41,6,1633,233
15um-041-007,1,41,7,1633,273
15um-041-008,1,41,8,1633,313
15um-041-009,1,41,9,1633,353
15um-041-010,1,41,10,1633,393
15um-041-011,1,41,11,1633,433
15um-041-012,1,41,12,1633,473
15um-041-013,1,41,13,1633,513
15um-041-014,1,41,14,1633,553
15um-041-015,1,41,15,1633,593
15um-041-016,1,41,16,1633,633
15um-041-017,1,41,17,1633,673
15um-041-018,1,41,18,1633,713
15um-041-019,1,41,19,1633,753
15um-041-020,1,41,20,1633,793
15um-041-021,1,41,21,1633,833
15um-041-022,1,41,22,1633,873
15um-041-023,1,41,23,1633,913
15um-041-024,1,41,24,1633,953
15um-041-025,1,41,25,1633,993
15um-041-026,1,41,26,1633,1033
15um-041-027,1,41,27,1633,1073
15um-041-028,1,41,28,1633,1113
15um-041-029,1,41,29,1633,1153
15um-041-030,1,41,30,1633,1193
15um-041-031,1,41,31,1633,1233
15um-041-032,1,41,32,1633,1273
15um-041-033,1,41,33,1633,1313
15um-041-034,1,41,34,1633,1353
15um-041-035,1,41,35,1633,1393
15um-041-036,1,41,36,1633,1433
15um-041-037,1,41,37,1633,1473
15um-041-038,1,41,38,1633,1513
15um-041-039,1,41,39,1633,1553
15um-041-040,1,41,40,1633,1593
15um-041-041,1,41,41,1633,1633
15um-041-042,1,41,42,1633,1673
15um-041-043,1,41,43,1633,1713
15um-041-044,1,41,44,1633,1753
15um-041-045,1,41,45,1633,1793
15um-041-046,1,41,46,1633,1833
15um-041-047,1,41,47,1633,1873
15um-041-048,1,41,48,1633,1913
15um-041-049,1,41,49,1633,1953
15um-041-050,1,41,50,1633,1993
15um-041-051,1,41,51,1633,2033
15um-041-052,1,41,52,1633,2073
15um-041-053,1,41,53,1633,2113
15um-041-054,1,41,54,1633,2153
15um-041-055,1,41,55,1633,2193
15um-041-056,1,41,56,1633,2233
15um-041-057,1,41,57,1633,2273
15um-041-058,1,41,58,1633,2313
15um-041-059,1,41,59,1633,2353
15um-041-060,1,41,60,1633,2393
15um-041-061,1,41,61,1633,2433
15um-041-062,1,41,62,1633,2473
15um-041-063,1,41,63,1633,2513
15um-041-064,1,41,64,1633,2553
15um-041-065,1,41,65,1633,2593
15um-041-066,1,41,66,1633,2633
15um-041-067,1,41,67,1633,2673
15um-041-068,1,41,68,1633,2713
15um-041-069,1,41,69,1633,2753
15um-041-070,1,41,70,1633,2793
15um-041-071,1,41,71,1633,2833
15um-041-072,1,41,72,1633,2873
15um-041-073,1,41,73,1633,2913
15um-041-074,1,41,74,1633,2953
15um-041-075,1,41,75,1633,2993
15um-041-076,1,41,76,1633,3033
15um-041-077,1,41,77,1633,3073
15um-041-078,1,41,78,1633,3113
15um-041-079,1,41,79,1633,3153
15um-041-080,1,41,80,1633,3193
15um-041-081,1,41,81,1633,3233
15um-041-082,1,41,82,1633,3273
15um-041-083,1,41,83,1633,3313
15um-041-084,1,41,84,1633,3353
15um-041-085,1,41,85,1633,3393
15um-041-086,1,41,86,1633,3433
15um-041-087,1,41,87,1633,3473
15um-041-088,1,41,88,1633,3513
15um-041-089,1,41,89,1633,3553
15um-041-090,1,41,90,1633,3593
15um-041-091,1,41,91,1633,3633
15um-041-092,1,41,92,1633,3673
15um-041-093,1,41,93,1633,3713
15um-041-094,1,41,94,1633,3753
15um-041-095,1,41,95,1633,3793
15um-041-096,1,41,96,1633,3833
15um-042-001,1,42,1,1673,33
15um-042-002,1,42,2,1673,73
15um-042-003,1,42,3,1673,113
15um-042-004,1,42,4,1673,153
15um-042-005,1,42,5,1673,193
15um-042-006,1,42,6,1673,233
15um-042-007,1,42,7,1673,273
15um-042-008,1,42,8,1673,313
15um-042-009,1,42,9,1673,353
15um-042-010,1,42,10,1673,393
15um-042-011,1,42,11,1673,433
15um-042-012,1,42,12,1673,473
15um-042-013,1,42,13,1673,513
15um-042-014,1,42,14,1673,553
15um-042-015,1,42,15,1673,593
15um-042-016,1,42,16,1673,633
15um-042-017,1,42,17,1673,673
15um-042-018,1,42,18,1673,713
15um-042-019,1,42,19,1673,753
15um-042-020,1,42,20,1673,793
15um-042-021,1,42,21,1673,833
15um-042-022,1,42,22,1673,873
15um-042-023,1,42,23,1673,913
15um-042-024,1,42,24,1673,953
15um-042-025,1,42,25,1673,993
15um-042-026,1,42,26,1673,1033
15um-042-027,1,42,27,1673,1073
15um-042-028,1,42,28,1673,1113
15um-042-029,1,42,29,1673,1153
15um-042-030,1,42,30,1673,1193
15um-042-031,1,42,31,1673,1233
15um-042-032,1,42,32,1673,1273
15um-042-033,1,42,33,1673,1313
15um-042-034,1,42,34,1673,1353
15um-042-035,1,42,35,1673,1393
15um-042-036,1,42,36,1673,1433
15um-042-037,1,42,37,1673,1473
15um-042-038,1,42,38,1673,1513
15um-042-039,1,42,39,1673,1553
15um-042-040,1,42,40,1673,1593
15um-042-041,1,42,41,1673,1633
15um-042-042,1,42,42,1673,1673
15um-042-043,1,42,43,1673,1713
15um-042-044,1,42,44,1673,1753
15um-042-045,1,42,45,1673,1793
15um-042-046,1,42,46,1673,1833
15um-042-047,1,42,47,1673,1873
15um-042-048,1,42,48,1673,1913
15um-042-049,1,42,49,1673,1953
15um-042-050,1,42,50,1673,1993
15um-042-051,1,42,51,1673,2033
15um-042-052,1,42,52,1673,2073
15um-042-053,1,42,53,1673,2113
15um-042-054,1,42,54,1673,2153
15um-042-055,1,42,55,1673,2193
15um-042-056,1,42,56,1673,2233
15um-042-057,1,42,57,1673,2273
15um-042-058,1,42,58,1673,2313
15um-042-059,1,42,59,1673,2353
15um-042-060,1,42,60,1673,2393
15um-042-061,1,42,61,1673,2433
15um-042-062,1,42,62,1673,2473
15um-042-063,1,42,63,1673,2513
15um-042-064,1,42,64,1673,2553
15um-042-065,1,42,65,1673,2593
15um-042-066,1,42,66,1673,2633
15um-042-067,1,42,67,1673,2673
15um-042-068,1,42,68,1673,2713
15um-042-069,1,42,69,1673,2753
15um-042-070,1,42,70,1673,2793
15um-042-071,1,42,71,1673,2833
15um-042-072,1,42,72,1673,2873
15um-042-073,1,42,73,1673,2913
15um-042-074,1,42,74,1673,2953
15um-042-075,1,42,75,1673,2993
15um-042-076,1,42,76,1673,3033
15um-042-077,1,42,77,1673,3073
15um-042-078,1,42,78,1673,3113
15um-042-079,1,42,79,1673,3153
15um-042-080,1,42,80,1673,3193
15um-042-081,1,42,81,1673,3233
15um-042-082,1,42,82,1673,3273
15um-042-083,1,42,83,1673,3313
15um-042-084,1,42,84,1673,3353
15um-042-085,1,42,85,1673,3393
15um-042-086,1,42,86,1673,3433
15um-042-087,1,42,87,1673,3473
15um-042-088,1,42,88,1673,3513
15um-042-089,1,42,89,1673,3553
15um-042-090,1,42,90,1673,3593
15um-042-091,1,42,91,1673,3633
15um-042-092,1,42,92,1673,3673
15um-042-093,1,42,93,1673,3713
15um-042-094,1,42,94,1673,3753
15um-042-095,1,42,95,1673,3793
15um-042-096,1,42,96,1673,3833
15um-043-001,1,43,1,1713,33
15um-043-002,1,43,2,1713,73
15um-043-003,1,43,3,1713,113
15um-043-004,1,43,4,1713,153
15um-043-005,1,43,5,1713,193
15um-043-006,1,43,6,1713,233
15um-043-007,1,43,7,1713,273
15um-043-008,1,43,8,1713,313
15um-043-009,1,43,9,1713,353
15um-043-010,1,43,10,1713,393
15um-043-011,1,43,11,1713,433
15um-043-012,1,43,12,1713,473
15um-043-013,1,43,13,1713,513
15um-043-014,1,43,14,1713,553
15um-043-015,1,43,15,1713,593
15um-043-016,1,43,16,1713,633
15um-043-017,1,43,17,1713,673
15um-043-018,1,43,18,1713,713
15um-043-019,1,43,19,1713,753
15um-043-020,1,43,20,1713,793
15um-043-021,1,43,21,1713,833
15um-043-022,1,43,22,1713,873
15um-043-023,1,43,23,1713,913
15um-043-024,1,43,24,1713,953
15um-043-025,1,43,25,1713,993
15um-043-026,1,43,26,1713,1033
15um-043-027,1,43,27,1713,1073
15um-043-028,1,43,28,1713,1113
15um-043-029,1,43,29,1713,1153
15um-043-030,1,43,30,1713,1193
15um-043-031,1,43,31,1713,1233
15um-043-032,1,43,32,1713,1273
15um-043-033,1,43,33,1713,1313
15um-043-034,1,43,34,1713,1353
15um-043-035,1,43,35,1713,1393
15um-043-036,1,43,36,1713,1433
15um-043-037,1,43,37,1713,1473
15um-043-038,1,43,38,1713,1513
15um-043-039,1,43,39,1713,1553
15um-043-040,1,43,40,1713,1593
15um-043-041,1,43,41,1713,1633
15um-043-042,1,43,42,1713,1673
15um-043-043,1,43,43,1713,1713
15um-043-044,1,43,44,1713,1753
15um-043-045,1,43,45,1713,1793
15um-043-046,1,43,46,1713,1833
15um-043-047,1,43,47,1713,1873
15um-043-048,1,43,48,1713,1913
15um-043-049,1,43,49,1713,1953
15um-043-050,1,43,50,1713,1993
15um-043-051,1,43,51,1713,2033
15um-043-052,1,43,52,1713,2073
15um-043-053,1,43,53,1713,2113
15um-043-054,1,43,54,1713,2153
15um-043-055,1,43,55,1713,2193
15um-043-056,1,43,56,1713,2233
15um-043-057,1,43,57,1713,2273
15um-043-058,1,43,58,1713,2313
15um-043-059,1,43,59,1713,2353
15um-043-060,1,43,60,1713,2393
15um-043-061,1,43,61,1713,2433
15um-043-062,1,43,62,1713,2473
15um-043-063,1,43,63,1713,2513
15um-043-064,1,43,64,1713,2553
15um-043-065,1,43,65,1713,2593
15um-043-066,1,43,66,1713,2633
15um-043-067,1,43,67,1713,2673
15um-043-068,1,43,68,1713,2713
15um-043-069,1,43,69,1713,2753
15um-043-070,1,43,70,1713,2793
15um-043-071,1,43,71,1713,2833
15um-043-072,1,43,72,1713,2873
15um-043-073,1,43,73,1713,2913
15um-043-074,1,43,74,1713,2953
15um-043-075,1,43,75,1713,2993
15um-043-076,1,43,76,1713,3033
15um-043-077,1,43,77,1713,3073
15um-043-078,1,43,78,1713,3113
15um-043-079,1,43,79,1713,3153
15um-043-080,1,43,80,1713,3193
15um-043-081,1,43,81,1713,3233
15um-043-082,1,43,82,1713,3273
15um-043-083,1,43,83,1713,3313
15um-043-084,1,43,84,1713,3353
15um-043-085,1,43,85,1713,3393
15um-043-086,1,43,86,1713,3433
15um-043-087,1,43,87,1713,3473
15um-043-088,1,43,88,1713,3513
15um-043-089,1,43,89,1713,3553
15um-043-090,1,43,90,1713,3593
15um-043-091,1,43,91,1713,3633
15um-043-092,1,43,92,1713,3673
15um-043-093,1,43,93,1713,3713
15um-043-094,1,43,94,1713,3753
15um-043-095,1,43,95,1713,3793
15um-043-096,1,43,96,1713,3833
15um-044-001,1,44,1,1753,33
15um-044-002,1,44,2,1753,73
15um-044-003,1,44,3,1753,113
15um-044-004,1,44,4,1753,153
15um-044-005,1,44,5,1753,193
15um-044-006,1,44,6,1753,233
15um-044-007,1,44,7,1753,273
15um-044-008,1,44,8,1753,313
15um-044-009,1,44,9,1753,353
15um-044-010,1,44,10,1753,393
15um-044-011,1,44,11,1753,433
15um-044-012,1,44,12,1753,473
15um-044-013,1,44,13,1753,513
15um-044-014,1,44,14,1753,553
15um-044-015,1,44,15,1753,593
15um-044-016,1,44,16,1753,633
15um-044-017,1,44,17,1753,673
15um-044-018,1,44,18,1753,713
15um-044-019,1,44,19,1753,753
15um-044-020,1,44,20,1753,793
15um-044-021,1,44,21,1753,833
15um-044-022,1,44,22,1753,873
15um-044-023,1,44,23,1753,913
15um-044-024,1,44,24,1753,953
15um-044-025,1,44,25,1753,993
15um-044-026,1,44,26,1753,1033
15um-044-027,1,44,27,1753,1073
15um-044-028,1,44,28,1753,1113
15um-044-029,1,44,29,1753,1153
15um-044-030,1,44,30,1753,1193
15um-044-031,1,44,31,1753,1233
15um-044-032,1,44,32,1753,1273
15um-044-033,1,44,33,1753,1313
15um-044-034,1,44,34,1753,1353
15um-044-035,1,44,35,1753,1393
15um-044-036,1,44,36,1753,1433
15um-044-037,1,44,37,1753,1473
15um-044-038,1,44,38,1753,1513
15um-044-039,1,44,39,1753,1553
15um-044-040,1,44,40,1753,1593
15um-044-041,1,44,41,1753,1633
15um-044-042,1,44,42,1753,1673
15um-044-043,1,44,43,1753,1713
15um-044-044,1,44,44,1753,1753
15um-044-045,1,44,45,1753,1793
15um-044-046,1,44,46,1753,1833
15um-044-047,1,44,47,1753,1873
15um-044-048,1,44,48,1753,1913
15um-044-049,1,44,49,1753,1953
15um-044-050,1,44,50,1753,1993
15um-044-051,1,44,51,1753,2033
15um-044-052,1,44,52,1753,2073
15um-044-053,1,44,53,1753,2113
15um-044-054,1,44,54,1753,2153
15um-044-055,1,44,55,1753,2193
15um-044-056,1,44,56,1753,2233
15um-044-057,1,44,57,1753,2273
15um-044-058,1,44,58,1753,2313
15um-044-059,1,44,59,1753,2353
15um-044-060,1,44,60,1753,2393
15um-044-061,1,44,61,1753,2433
15um-044-062,1,44,62,1753,2473
15um-044-063,1,44,63,1753,2513
15um-044-064,1,44,64,1753,2553
15um-044-065,1,44,65,1753,2593
15um-044-066,1,44,66,1753,2633
15um-044-067,1,44,67,1753,2673
15um-044-068,1,44,68,1753,2713
15um-044-069,1,44,69,1753,2753
15um-044-070,1,44,70,1753,2793
15um-044-071,1,44,71,1753,2833
15um-044-072,1,44,72,1753,2873
15um-044-073,1,44,73,1753,2913
15um-044-074,1,44,74,1753,2953
15um-044-075,1,44,75,1753,2993
15um-044-076,1,44,76,1753,3033
15um-044-077,1,44,77,1753,3073
15um-044-078,1,44,78,1753,3113
15um-044-079,1,44,79,1753,3153
15um-044-080,1,44,80,1753,3193
15um-044-081,1,44,81,1753,3233
15um-044-082,1,44,82,1753,3273
15um-044-083,1,44,83,1753,3313
15um-044-084,1,44,84,1753,3353
15um-044-085,1,44,85,1753,3393
15um-044-086,1,44,86,1753,3433
15um-044-087,1,44,87,1753,3473
15um-044-088,1,44,88,1753,3513
15um-044-089,1,44,89,1753,3553
15um-044-090,1,44,90,1753,3593
15um-044-091,1,44,91,1753,3633
15um-044-092,1,44,92,1753,3673
15um-044-093,1,44,93,1753,3713
15um-044-094,1,44,94,1753,3753
15um-044-095,1,44,95,1753,3793
15um-044-096,1,44,96,1753,3833
15um-045-001,1,45,1,1793,33
15um-045-002,1,45,2,1793,73
15um-045-003,1,45,3,1793,113
15um-045-004,1,45,4,1793,153
15um-045-005,1,45,5,1793,193
15um-045-006,1,45,6,1793,233
15um-045-007,1,45,7,1793,273
15um-045-008,1,45,8,1793,313
15um-045-009,1,45,9,1793,353
15um-045-010,1,45,10,1793,393
15um-045-011,1,45,11,1793,433
15um-045-012,1,45,12,1793,473
15um-045-013,1,45,13,1793,513
15um-045-014,1,45,14,1793,553
15um-045-015,1,45,15,1793,593
15um-045-016,1,45,16,1793,633
15um-045-017,1,45,17,1793,673
15um-045-018,1,45,18,1793,713
15um-045-019,1,45,19,1793,753
15um-045-020,1,45,20,1793,793
15um-045-021,1,45,21,1793,833
15um-045-022,1,45,22,1793,873
15um-045-023,1,45,23,1793,913
15um-045-024,1,45,24,1793,953
15um-045-025,1,45,25,1793,993
15um-045-026,1,45,26,1793,1033
15um-045-027,1,45,27,1793,1073
15um-045-028,1,45,28,1793,1113
15um-045-029,1,45,29,1793,1153
15um-045-030,1,45,30,1793,1193
15um-045-031,1,45,31,1793,1233
15um-045-032,1,45,32,1793,1273
15um-045-033,1,45,33,1793,1313
15um-045-034,1,45,34,1793,1353
15um-045-035,1,45,35,1793,1393
15um-045-036,1,45,36,1793,1433
15um-045-037,1,45,37,1793,1473
15um-045-038,1,45,38,1793,1513
15um-045-039,1,45,39,1793,1553
15um-045-040,1,45,40,1793,1593
15um-045-041,1,45,41,1793,1633
15um-045-042,1,45,42,1793,1673
15um-045-043,1,45,43,1793,1713
15um-045-044,1,45,44,1793,1753
15um-045-045,1,45,45,1793,1793
15um-045-046,1,45,46,1793,1833
15um-045-047,1,45,47,1793,1873
15um-045-048,1,45,48,1793,1913
15um-045-049,1,45,49,1793,1953
15um-045-050,1,45,50,1793,1993
15um-045-051,1,45,51,1793,2033
15um-045-052,1,45,52,1793,2073
15um-045-053,1,45,53,1793,2113
15um-045-054,1,45,54,1793,2153
15um-045-055,1,45,55,1793,2193
15um-045-056,1,45,56,1793,2233
15um-045-057,1,45,57,1793,2273
15um-045-058,1,45,58,1793,2313
15um-045-059,1,45,59,1793,2353
15um-045-060,1,45,60,1793,2393
15um-045-061,1,45,61,1793,2433
15um-045-062,1,45,62,1793,2473
15um-045-063,1,45,63,1793,2513
15um-045-064,1,45,64,1793,2553
15um-045-065,1,45,65,1793,2593
15um-045-066,1,45,66,1793,2633
15um-045-067,1,45,67,1793,2673
15um-045-068,1,45,68,1793,2713
15um-045-069,1,45,69,1793,2753
15um-045-070,1,45,70,1793,2793
15um-045-071,1,45,71,1793,2833
15um-045-072,1,45,72,1793,2873
15um-045-073,1,45,73,1793,2913
15um-045-074,1,45,74,1793,2953
15um-045-075,1,45,75,1793,2993
15um-045-076,1,45,76,1793,3033
15um-045-077,1,45,77,1793,3073
15um-045-078,1,45,78,1793,3113
15um-045-079,1,45,79,1793,3153
15um-045-080,1,45,80,1793,3193
15um-045-081,1,45,81,1793,3233
15um-045-082,1,45,82,1793,3273
15um-045-083,1,45,83,1793,3313
15um-045-084,1,45,84,1793,3353
15um-045-085,1,45,85,1793,3393
15um-045-086,1,45,86,1793,3433
15um-045-087,1,45,87,1793,3473
15um-045-088,1,45,88,1793,3513
15um-045-089,1,45,89,1793,3553
15um-045-090,1,45,90,1793,3593
15um-045-091,1,45,91,1793,3633
15um-045-092,1,45,92,1793,3673
15um-045-093,1,45,93,1793,3713
15um-045-094,1,45,94,1793,3753
15um-045-095,1,45,95,1793,3793
15um-045-096,1,45,96,1793,3833
15um-046-001,1,46,1,1833,33
15um-046-002,1,46,2,1833,73
15um-046-003,1,46,3,1833,113
15um-046-004,1,46,4,1833,153
15um-046-005,1,46,5,1833,193
15um-046-006,1,46,6,1833,233
15um-046-007,1,46,7,1833,273
15um-046-008,1,46,8,1833,313
15um-046-009,1,46,9,1833,353
15um-046-010,1,46,10,1833,393
15um-046-011,1,46,11,1833,433
15um-046-012,1,46,12,1833,473
15um-046-013,1,46,13,1833,513
15um-046-014,1,46,14,1833,553
15um-046-015,1,46,15,1833,593
15um-046-016,1,46,16,1833,633
15um-046-017,1,46,17,1833,673
15um-046-018,1,46,18,1833,713
15um-046-019,1,46,19,1833,753
15um-046-020,1,46,20,1833,793
15um-046-021,1,46,21,1833,833
15um-046-022,1,46,22,1833,873
15um-046-023,1,46,23,1833,913
15um-046-024,1,46,24,1833,953
15um-046-025,1,46,25,1833,993
15um-046-026,1,46,26,1833,1033
15um-046-027,1,46,27,1833,1073
15um-046-028,1,46,28,1833,1113
15um-046-029,1,46,29,1833,1153
15um-046-030,1,46,30,1833,1193
15um-046-031,1,46,31,1833,1233
15um-046-032,1,46,32,1833,1273
15um-046-033,1,46,33,1833,1313
15um-046-034,1,46,34,1833,1353
15um-046-035,1,46,35,1833,1393
15um-046-036,1,46,36,1833,1433
15um-046-037,1,46,37,1833,1473
15um-046-038,1,46,38,1833,1513
15um-046-039,1,46,39,1833,1553
15um-046-040,1,46,40,1833,1593
15um-046-041,1,46,41,1833,1633
15um-046-042,1,46,42,1833,1673
15um-046-043,1,46,43,1833,1713
15um-046-044,1,46,44,1833,1753
15um-046-045,1,46,45,1833,1793
15um-046-046,1,46,46,1833,1833
15um-046-047,1,46,47,1833,1873
15um-046-048,1,46,48,1833,1913
15um-046-049,1,46,49,1833,1953
15um-046-050,1,46,50,1833,1993
15um-046-051,1,46,51,1833,2033
15um-046-052,1,46,52,1833,2073
15um-046-053,1,46,53,1833,2113
15um-046-054,1,46,54,1833,2153
15um-046-055,1,46,55,1833,2193
15um-046-056,1,46,56,1833,2233
15um-046-057,1,46,57,1833,2273
15um-046-058,1,46,58,1833,2313
15um-046-059,1,46,59,1833,2353
15um-046-060,1,46,60,1833,2393
15um-046-061,1,46,61,1833,2433
15um-046-062,1,46,62,1833,2473
15um-046-063,1,46,63,1833,2513
15um-046-064,1,46,64,1833,2553
15um-046-065,1,46,65,1833,2593
15um-046-066,1,46,66,1833,2633
15um-046-067,1,46,67,1833,2673
15um-046-068,1,46,68,1833,2713
15um-046-069,1,46,69,1833,2753
15um-046-070,1,46,70,1833,2793
15um-046-071,1,46,71,1833,2833
15um-046-072,1,46,72,1833,2873
15um-046-073,1,46,73,1833,2913
15um-046-074,1,46,74,1833,2953
15um-046-075,1,46,75,1833,2993
15um-046-076,1,46,76,1833,3033
15um-046-077,1,46,77,1833,3073
15um-046-078,1,46,78,1833,3113
15um-046-079,1,46,79,1833,3153
15um-046-080,1,46,80,1833,3193
15um-046-081,1,46,81,1833,3233
15um-046-082,1,46,82,1833,3273
15um-046-083,1,46,83,1833,3313
15um-046-084,1,46,84,1833,3353
15um-046-085,1,46,85,1833,3393
15um-046-086,1,46,86,1833,3433
15um-046-087,1,46,87,1833,3473
15um-046-088,1,46,88,1833,3513
15um-046-089,1,46,89,1833,3553
15um-046-090,1,46,90,1833,3593
15um-046-091,1,46,91,1833,3633
15um-046-092,1,46,92,1833,3673
15um-046-093,1,46,93,1833,3713
15um-046-094,1,46,94,1833,3753
15um-046-095,1,46,95,1833,3793
15um-046-096,1,46,96,1833,3833
15um-047-001,1,47,1,1873,33
15um-047-002,1,47,2,1873,73
15um-047-003,1,47,3,1873,113
15um-047-004,1,47,4,1873,153
15um-047-005,1,47,5,1873,193
15um-047-006,1,47,6,1873,233
15um-047-007,1,47,7,1873,273
15um-047-008,1,47,8,1873,313
15um-047-009,1,47,9,1873,353
15um-047-010,1,47,10,1873,393
15um-047-011,1,47,11,1873,433
15um-047-012,1,47,12,1873,473
15um-047-013,1,47,13,1873,513
15um-047-014,1,47,14,1873,553
15um-047-015,1,47,15,1873,593
15um-047-016,1,47,16,1873,633
15um-047-017,1,47,17,1873,673
15um-047-018,1,47,18,1873,713
15um-047-019,1,47,19,1873,753
15um-047-020,1,47,20,1873,793
15um-047-021,1,47,21,1873,833
15um-047-022,1,47,22,1873,873
15um-047-023,1,47,23,1873,913
15um-047-024,1,47,24,1873,953
15um-047-025,1,47,25,1873,993
15um-047-026,1,47,26,1873,1033
15um-047-027,1,47,27,1873,1073
15um-047-028,1,47,28,1873,1113
15um-047-029,1,47,29,1873,1153
15um-047-030,1,47,30,1873,1193
15um-047-031,1,47,31,1873,1233
15um-047-032,1,47,32,1873,1273
15um-047-033,1,47,33,1873,1313
15um-047-034,1,47,34,1873,1353
15um-047-035,1,47,35,1873,1393
15um-047-036,1,47,36,1873,1433
15um-047-037,1,47,37,1873,1473
15um-047-038,1,47,38,1873,1513
15um-047-039,1,47,39,1873,1553
15um-047-040,1,47,40,1873,1593
15um-047-041,1,47,41,1873,1633
15um-047-042,1,47,42,1873,1673
15um-047-043,1,47,43,1873,1713
15um-047-044,1,47,44,1873,1753
15um-047-045,1,47,45,1873,1793
15um-047-046,1,47,46,1873,1833
15um-047-047,1,47,47,1873,1873
15um-047-048,1,47,48,1873,1913
15um-047-049,1,47,49,1873,1953
15um-047-050,1,47,50,1873,1993
15um-047-051,1,47,51,1873,2033
15um-047-052,1,47,52,1873,2073
15um-047-053,1,47,53,1873,2113
15um-047-054,1,47,54,1873,2153
15um-047-055,1,47,55,1873,2193
15um-047-056,1,47,56,1873,2233
15um-047-057,1,47,57,1873,2273
15um-047-058,1,47,58,1873,2313
15um-047-059,1,47,59,1873,2353
15um-047-060,1,47,60,1873,2393
15um-047-061,1,47,61,1873,2433
15um-047-062,1,47,62,1873,2473
15um-047-063,1,47,63,1873,2513
15um-047-064,1,47,64,1873,2553
15um-047-065,1,47,65,1873,2593
15um-047-066,1,47,66,1873,2633
15um-047-067,1,47,67,1873,2673
15um-047-068,1,47,68,1873,2713
15um-047-069,1,47,69,1873,2753
15um-047-070,1,47,70,1873,2793
15um-047-071,1,47,71,1873,2833
15um-047-072,1,47,72,1873,2873
15um-047-073,1,47,73,1873,2913
15um-047-074,1,47,74,1873,2953
15um-047-075,1,47,75,1873,2993
15um-047-076,1,47,76,1873,3033
15um-047-077,1,47,77,1873,3073
15um-047-078,1,47,78,1873,3113
15um-047-079,1,47,79,1873,3153
15um-047-080,1,47,80,1873,3193
15um-047-081,1,47,81,1873,3233
15um-047-082,1,47,82,1873,3273
15um-047-083,1,47,83,1873,3313
15um-047-084,1,47,84,1873,3353
15um-047-085,1,47,85,1873,3393
15um-047-086,1,47,86,1873,3433
15um-047-087,1,47,87,1873,3473
15um-047-088,1,47,88,1873,3513
15um-047-089,1,47,89,1873,3553
15um-047-090,1,47,90,1873,3593
15um-047-091,1,47,91,1873,3633
15um-047-092,1,47,92,1873,3673
15um-047-093,1,47,93,1873,3713
15um-047-094,1,47,94,1873,3753
15um-047-095,1,47,95,1873,3793
15um-047-096,1,47,96,1873,3833
15um-048-001,1,48,1,1913,33
15um-048-002,1,48,2,1913,73
15um-048-003,1,48,3,1913,113
15um-048-004,1,48,4,1913,153
15um-048-005,1,48,5,1913,193
15um-048-006,1,48,6,1913,233
15um-048-007,1,48,7,1913,273
15um-048-008,1,48,8,1913,313
15um-048-009,1,48,9,1913,353
15um-048-010,1,48,10,1913,393
15um-048-011,1,48,11,1913,433
15um-048-012,1,48,12,1913,473
15um-048-013,1,48,13,1913,513
15um-048-014,1,48,14,1913,553
15um-048-015,1,48,15,1913,593
15um-048-016,1,48,16,1913,633
15um-048-017,1,48,17,1913,673
15um-048-018,1,48,18,1913,713
15um-048-019,1,48,19,1913,753
15um-048-020,1,48,20,1913,793
15um-048-021,1,48,21,1913,833
15um-048-022,1,48,22,1913,873
15um-048-023,1,48,23,1913,913
15um-048-024,1,48,24,1913,953
15um-048-025,1,48,25,1913,993
15um-048-026,1,48,26,1913,1033
15um-048-027,1,48,27,1913,1073
15um-048-028,1,48,28,1913,1113
15um-048-029,1,48,29,1913,1153
15um-048-030,1,48,30,1913,1193
15um-048-031,1,48,31,1913,1233
15um-048-032,1,48,32,1913,1273
15um-048-033,1,48,33,1913,1313
15um-048-034,1,48,34,1913,1353
15um-048-035,1,48,35,1913,1393
15um-048-036,1,48,36,1913,1433
15um-048-037,1,48,37,1913,1473
15um-048-038,1,48,38,1913,1513
15um-048-039,1,48,39,1913,1553
15um-048-040,1,48,40,1913,1593
15um-048-041,1,48,41,1913,1633
15um-048-042,1,48,42,1913,1673
15um-048-043,1,48,43,1913,1713
15um-048-044,1,48,44,1913,1753
15um-048-045,1,48,45,1913,1793
15um-048-046,1,48,46,1913,1833
15um-048-047,1,48,47,1913,1873
15um-048-048,1,48,48,1913,1913
15um-048-049,1,48,49,1913,1953
15um-048-050,1,48,50,1913,1993
15um-048-051,1,48,51,1913,2033
15um-048-052,1,48,52,1913,2073
15um-048-053,1,48,53,1913,2113
15um-048-054,1,48,54,1913,2153
15um-048-055,1,48,55,1913,2193
15um-048-056,1,48,56,1913,2233
15um-048-057,1,48,57,1913,2273
15um-048-058,1,48,58,1913,2313
15um-048-059,1,48,59,1913,2353
15um-048-060,1,48,60,1913,2393
15um-048-061,1,48,61,1913,2433
15um-048-062,1,48,62,1913,2473
15um-048-063,1,48,63,1913,2513
15um-048-064,1,48,64,1913,2553
15um-048-065,1,48,65,1913,2593
15um-048-066,1,48,66,1913,2633
15um-048-067,1,48,67,1913,2673
15um-048-068,1,48,68,1913,2713
15um-048-069,1,48,69,1913,2753
15um-048-070,1,48,70,1913,2793
15um-048-071,1,48,71,1913,2833
15um-048-072,1,48,72,1913,2873
15um-048-073,1,48,73,1913,2913
15um-048-074,1,48,74,1913,2953
15um-048-075,1,48,75,1913,2993
15um-048-076,1,48,76,1913,3033
15um-048-077,1,48,77,1913,3073
15um-048-078,1,48,78,1913,3113
15um-048-079,1,48,79,1913,3153
15um-048-080,1,48,80,1913,3193
15um-048-081,1,48,81,1913,3233
15um-048-082,1,48,82,1913,3273
15um-048-083,1,48,83,1913,3313
15um-048-084,1,48,84,1913,3353
15um-048-085,1,48,85,1913,3393
15um-048-086,1,48,86,1913,3433
15um-048-087,1,48,87,1913,3473
15um-048-088,1,48,88,1913,3513
15um-048-089,1,48,89,1913,3553
15um-048-090,1,48,90,1913,3593
15um-048-091,1,48,91,1913,3633
15um-048-092,1,48,92,1913,3673
15um-048-093,1,48,93,1913,3713
15um-048-094,1,48,94,1913,3753
15um-048-095,1,48,95,1913,3793
15um-048-096,1,48,96,1913,3833
15um-049-001,1,49,1,1953,33
15um-049-002,1,49,2,1953,73
15um-049-003,1,49,3,1953,113
15um-049-004,1,49,4,1953,153
15um-049-005,1,49,5,1953,193
15um-049-006,1,49,6,1953,233
15um-049-007,1,49,7,1953,273
15um-049-008,1,49,8,1953,313
15um-049-009,1,49,9,1953,353
15um-049-010,1,49,10,1953,393
15um-049-011,1,49,11,1953,433
15um-049-012,1,49,12,1953,473
15um-049-013,1,49,13,1953,513
15um-049-014,1,49,14,1953,553
15um-049-015,1,49,15,1953,593
15um-049-016,1,49,16,1953,633
15um-049-017,1,49,17,1953,673
15um-049-018,1,49,18,1953,713
15um-049-019,1,49,19,1953,753
15um-049-020,1,49,20,1953,793
15um-049-021,1,49,21,1953,833
15um-049-022,1,49,22,1953,873
15um-049-023,1,49,23,1953,913
15um-049-024,1,49,24,1953,953
15um-049-025,1,49,25,1953,993
15um-049-026,1,49,26,1953,1033
15um-049-027,1,49,27,1953,1073
15um-049-028,1,49,28,1953,1113
15um-049-029,1,49,29,1953,1153
15um-049-030,1,49,30,1953,1193
15um-049-031,1,49,31,1953,1233
15um-049-032,1,49,32,1953,1273
15um-049-033,1,49,33,1953,1313
15um-049-034,1,49,34,1953,1353
15um-049-035,1,49,35,1953,1393
15um-049-036,1,49,36,1953,1433
15um-049-037,1,49,37,1953,1473
15um-049-038,1,49,38,1953,1513
15um-049-039,1,49,39,1953,1553
15um-049-040,1,49,40,1953,1593
15um-049-041,1,49,41,1953,1633
15um-049-042,1,49,42,1953,1673
15um-049-043,1,49,43,1953,1713
15um-049-044,1,49,44,1953,1753
15um-049-045,1,49,45,1953,1793
15um-049-046,1,49,46,1953,1833
15um-049-047,1,49,47,1953,1873
15um-049-048,1,49,48,1953,1913
15um-049-049,1,49,49,1953,1953
15um-049-050,1,49,50,1953,1993
15um-049-051,1,49,51,1953,2033
15um-049-052,1,49,52,1953,2073
15um-049-053,1,49,53,1953,2113
15um-049-054,1,49,54,1953,2153
15um-049-055,1,49,55,1953,2193
15um-049-056,1,49,56,1953,2233
15um-049-057,1,49,57,1953,2273
15um-049-058,1,49,58,1953,2313
15um-049-059,1,49,59,1953,2353
15um-049-060,1,49,60,1953,2393
15um-049-061,1,49,61,1953,2433
15um-049-062,1,49,62,1953,2473
15um-049-063,1,49,63,1953,2513
15um-049-064,1,49,64,1953,2553
15um-049-065,1,49,65,1953,2593
15um-049-066,1,49,66,1953,2633
15um-049-067,1,49,67,1953,2673
15um-049-068,1,49,68,1953,2713
15um-049-069,1,49,69,1953,2753
15um-049-070,1,49,70,1953,2793
15um-049-071,1,49,71,1953,2833
15um-049-072,1,49,72,1953,2873
15um-049-073,1,49,73,1953,2913
15um-049-074,1,49,74,1953,2953
15um-049-075,1,49,75,1953,2993
15um-049-076,1,49,76,1953,3033
15um-049-077,1,49,77,1953,3073
15um-049-078,1,49,78,1953,3113
15um-049-079,1,49,79,1953,3153
15um-049-080,1,49,80,1953,3193
15um-049-081,1,49,81,1953,3233
15um-049-082,1,49,82,1953,3273
15um-049-083,1,49,83,1953,3313
15um-049-084,1,49,84,1953,3353
15um-049-085,1,49,85,1953,3393
15um-049-086,1,49,86,1953,3433
15um-049-087,1,49,87,1953,3473
15um-049-088,1,49,88,1953,3513
15um-049-089,1,49,89,1953,3553
15um-049-090,1,49,90,1953,3593
15um-049-091,1,49,91,1953,3633
15um-049-092,1,49,92,1953,3673
15um-049-093,1,49,93,1953,3713
15um-049-094,1,49,94,1953,3753
15um-049-095,1,49,95,1953,3793
15um-049-096,1,49,96,1953,3833
15um-050-001,1,50,1,1993,33
15um-050-002,1,50,2,1993,73
15um-050-003,1,50,3,1993,113
15um-050-004,1,50,4,1993,153
15um-050-005,1,50,5,1993,193
15um-050-006,1,50,6,1993,233
15um-050-007,1,50,7,1993,273
15um-050-008,1,50,8,1993,313
15um-050-009,1,50,9,1993,353
15um-050-010,1,50,10,1993,393
15um-050-011,1,50,11,1993,433
15um-050-012,1,50,12,1993,473
15um-050-013,1,50,13,1993,513
15um-050-014,1,50,14,1993,553
15um-050-015,1,50,15,1993,593
15um-050-016,1,50,16,1993,633
15um-050-017,1,50,17,1993,673
15um-050-018,1,50,18,1993,713
15um-050-019,1,50,19,1993,753
15um-050-020,1,50,20,1993,793
15um-050-021,1,50,21,1993,833
15um-050-022,1,50,22,1993,873
15um-050-023,1,50,23,1993,913
15um-050-024,1,50,24,1993,953
15um-050-025,1,50,25,1993,993
15um-050-026,1,50,26,1993,1033
15um-050-027,1,50,27,1993,1073
15um-050-028,1,50,28,1993,1113
15um-050-029,1,50,29,1993,1153
15um-050-030,1,50,30,1993,1193
15um-050-031,1,50,31,1993,1233
15um-050-032,1,50,32,1993,1273
15um-050-033,1,50,33,1993,1313
15um-050-034,1,50,34,1993,1353
15um-050-035,1,50,35,1993,1393
15um-050-036,1,50,36,1993,1433
15um-050-037,1,50,37,1993,1473
15um-050-038,1,50,38,1993,1513
15um-050-039,1,50,39,1993,1553
15um-050-040,1,50,40,1993,1593
15um-050-041,1,50,41,1993,1633
15um-050-042,1,50,42,1993,1673
15um-050-043,1,50,43,1993,1713
15um-050-044,1,50,44,1993,1753
15um-050-045,1,50,45,1993,1793
15um-050-046,1,50,46,1993,1833
15um-050-047,1,50,47,1993,1873
15um-050-048,1,50,48,1993,1913
15um-050-049,1,50,49,1993,1953
15um-050-050,1,50,50,1993,1993
15um-050-051,1,50,51,1993,2033
15um-050-052,1,50,52,1993,2073
15um-050-053,1,50,53,1993,2113
15um-050-054,1,50,54,1993,2153
15um-050-055,1,50,55,1993,2193
15um-050-056,1,50,56,1993,2233
15um-050-057,1,50,57,1993,2273
15um-050-058,1,50,58,1993,2313
15um-050-059,1,50,59,1993,2353
15um-050-060,1,50,60,1993,2393
15um-050-061,1,50,61,1993,2433
15um-050-062,1,50,62,1993,2473
15um-050-063,1,50,63,1993,2513
15um-050-064,1,50,64,1993,2553
15um-050-065,1,50,65,1993,2593
15um-050-066,1,50,66,1993,2633
15um-050-067,1,50,67,1993,2673
15um-050-068,1,50,68,1993,2713
15um-050-069,1,50,69,1993,2753
15um-050-070,1,50,70,1993,2793
15um-050-071,1,50,71,1993,2833
15um-050-072,1,50,72,1993,2873
15um-050-073,1,50,73,1993,2913
15um-050-074,1,50,74,1993,2953
15um-050-075,1,50,75,1993,2993
15um-050-076,1,50,76,1993,3033
15um-050-077,1,50,77,1993,3073
15um-050-078,1,50,78,1993,3113
15um-050-079,1,50,79,1993,3153
15um-050-080,1,50,80,1993,3193
15um-050-081,1,50,81,1993,3233
15um-050-082,1,50,82,1993,3273
15um-050-083,1,50,83,1993,3313
15um-050-084,1,50,84,1993,3353
15um-050-085,1,50,85,1993,3393
15um-050-086,1,50,86,1993,3433
15um-050-087,1,50,87,1993,3473
15um-050-088,1,50,88,1993,3513
15um-050-089,1,50,89,1993,3553
15um-050-090,1,50,90,1993,3593
15um-050-091,1,50,91,1993,3633
15um-050-092,1,50,92,1993,3673
15um-050-093,1,50,93,1993,3713
15um-050-094,1,50,94,1993,3753
15um-050-095,1,50,95,1993,3793
15um-050-096,1,50,96,1993,3833
15um-051-001,1,51,1,2033,33
15um-051-002,1,51,2,2033,73
15um-051-003,1,51,3,2033,113
15um-051-004,1,51,4,2033,153
15um-051-005,1,51,5,2033,193
15um-051-006,1,51,6,2033,233
15um-051-007,1,51,7,2033,273
15um-051-008,1,51,8,2033,313
15um-051-009,1,51,9,2033,353
15um-051-010,1,51,10,2033,393
15um-051-011,1,51,11,2033,433
15um-051-012,1,51,12,2033,473
15um-051-013,1,51,13,2033,513
15um-051-014,1,51,14,2033,553
15um-051-015,1,51,15,2033,593
15um-051-016,1,51,16,2033,633
15um-051-017,1,51,17,2033,673
15um-051-018,1,51,18,2033,713
15um-051-019,1,51,19,2033,753
15um-051-020,1,51,20,2033,793
15um-051-021,1,51,21,2033,833
15um-051-022,1,51,22,2033,873
15um-051-023,1,51,23,2033,913
15um-051-024,1,51,24,2033,953
15um-051-025,1,51,25,2033,993
15um-051-026,1,51,26,2033,1033
15um-051-027,1,51,27,2033,1073
15um-051-028,1,51,28,2033,1113
15um-051-029,1,51,29,2033,1153
15um-051-030,1,51,30,2033,1193
15um-051-031,1,51,31,2033,1233
15um-051-032,1,51,32,2033,1273
15um-051-033,1,51,33,2033,1313
15um-051-034,1,51,34,2033,1353
15um-051-035,1,51,35,2033,1393
15um-051-036,1,51,36,2033,1433
15um-051-037,1,51,37,2033,1473
15um-051-038,1,51,38,2033,1513
15um-051-039,1,51,39,2033,1553
15um-051-040,1,51,40,2033,1593
15um-051-041,1,51,41,2033,1633
15um-051-042,1,51,42,2033,1673
15um-051-043,1,51,43,2033,1713
15um-051-044,1,51,44,2033,1753
15um-051-045,1,51,45,2033,1793
15um-051-046,1,51,46,2033,1833
15um-051-047,1,51,47,2033,1873
15um-051-048,1,51,48,2033,1913
15um-051-049,1,51,49,2033,1953
15um-051-050,1,51,50,2033,1993
15um-051-051,1,51,51,2033,2033
15um-051-052,1,51,52,2033,2073
15um-051-053,1,51,53,2033,2113
15um-051-054,1,51,54,2033,2153
15um-051-055,1,51,55,2033,2193
15um-051-056,1,51,56,2033,2233
15um-051-057,1,51,57,2033,2273
15um-051-058,1,51,58,2033,2313
15um-051-059,1,51,59,2033,2353
15um-051-060,1,51,60,2033,2393
15um-051-061,1,51,61,2033,2433
15um-051-062,1,51,62,2033,2473
15um-051-063,1,51,63,2033,2513
15um-051-064,1,51,64,2033,2553
15um-051-065,1,51,65,2033,2593
15um-051-066,1,51,66,2033,2633
15um-051-067,1,51,67,2033,2673
15um-051-068,1,51,68,2033,2713
15um-051-069,1,51,69,2033,2753
15um-051-070,1,51,70,2033,2793
15um-051-071,1,51,71,2033,2833
15um-051-072,1,51,72,2033,2873
15um-051-073,1,51,73,2033,2913
15um-051-074,1,51,74,2033,2953
15um-051-075,1,51,75,2033,2993
15um-051-076,1,51,76,2033,3033
15um-051-077,1,51,77,2033,3073
15um-051-078,1,51,78,2033,3113
15um-051-079,1,51,79,2033,3153
15um-051-080,1,51,80,2033,3193
15um-051-081,1,51,81,2033,3233
15um-051-082,1,51,82,2033,3273
15um-051-083,1,51,83,2033,3313
15um-051-084,1,51,84,2033,3353
15um-051-085,1,51,85,2033,3393
15um-051-086,1,51,86,2033,3433
15um-051-087,1,51,87,2033,3473
15um-051-088,1,51,88,2033,3513
15um-051-089,1,51,89,2033,3553
15um-051-090,1,51,90,2033,3593
15um-051-091,1,51,91,2033,3633
15um-051-092,1,51,92,2033,3673
15um-051-093,1,51,93,2033,3713
15um-051-094,1,51,94,2033,3753
15um-051-095,1,51,95,2033,3793
15um-051-096,1,51,96,2033,3833
15um-052-001,1,52,1,2073,33
15um-052-002,1,52,2,2073,73
15um-052-003,1,52,3,2073,113
15um-052-004,1,52,4,2073,153
15um-052-005,1,52,5,2073,193
15um-052-006,1,52,6,2073,233
15um-052-007,1,52,7,2073,273
15um-052-008,1,52,8,2073,313
15um-052-009,1,52,9,2073,353
15um-052-010,1,52,10,2073,393
15um-052-011,1,52,11,2073,433
15um-052-012,1,52,12,2073,473
15um-052-013,1,52,13,2073,513
15um-052-014,1,52,14,2073,553
15um-052-015,1,52,15,2073,593
15um-052-016,1,52,16,2073,633
15um-052-017,1,52,17,2073,673
15um-052-018,1,52,18,2073,713
15um-052-019,1,52,19,2073,753
15um-052-020,1,52,20,2073,793
15um-052-021,1,52,21,2073,833
15um-052-022,1,52,22,2073,873
15um-052-023,1,52,23,2073,913
15um-052-024,1,52,24,2073,953
15um-052-025,1,52,25,2073,993
15um-052-026,1,52,26,2073,1033
15um-052-027,1,52,27,2073,1073
15um-052-028,1,52,28,2073,1113
15um-052-029,1,52,29,2073,1153
15um-052-030,1,52,30,2073,1193
15um-052-031,1,52,31,2073,1233
15um-052-032,1,52,32,2073,1273
15um-052-033,1,52,33,2073,1313
15um-052-034,1,52,34,2073,1353
15um-052-035,1,52,35,2073,1393
15um-052-036,1,52,36,2073,1433
15um-052-037,1,52,37,2073,1473
15um-052-038,1,52,38,2073,1513
15um-052-039,1,52,39,2073,1553
15um-052-040,1,52,40,2073,1593
15um-052-041,1,52,41,2073,1633
15um-052-042,1,52,42,2073,1673
15um-052-043,1,52,43,2073,1713
15um-052-044,1,52,44,2073,1753
15um-052-045,1,52,45,2073,1793
15um-052-046,1,52,46,2073,1833
15um-052-047,1,52,47,2073,1873
15um-052-048,1,52,48,2073,1913
15um-052-049,1,52,49,2073,1953
15um-052-050,1,52,50,2073,1993
15um-052-051,1,52,51,2073,2033
15um-052-052,1,52,52,2073,2073
15um-052-053,1,52,53,2073,2113
15um-052-054,1,52,54,2073,2153
15um-052-055,1,52,55,2073,2193
15um-052-056,1,52,56,2073,2233
15um-052-057,1,52,57,2073,2273
15um-052-058,1,52,58,2073,2313
15um-052-059,1,52,59,2073,2353
15um-052-060,1,52,60,2073,2393
15um-052-061,1,52,61,2073,2433
15um-052-062,1,52,62,2073,2473
15um-052-063,1,52,63,2073,2513
15um-052-064,1,52,64,2073,2553
15um-052-065,1,52,65,2073,2593
15um-052-066,1,52,66,2073,2633
15um-052-067,1,52,67,2073,2673
15um-052-068,1,52,68,2073,2713
15um-052-069,1,52,69,2073,2753
15um-052-070,1,52,70,2073,2793
15um-052-071,1,52,71,2073,2833
15um-052-072,1,52,72,2073,2873
15um-052-073,1,52,73,2073,2913
15um-052-074,1,52,74,2073,2953
15um-052-075,1,52,75,2073,2993
15um-052-076,1,52,76,2073,3033
15um-052-077,1,52,77,2073,3073
15um-052-078,1,52,78,2073,3113
15um-052-079,1,52,79,2073,3153
15um-052-080,1,52,80,2073,3193
15um-052-081,1,52,81,2073,3233
15um-052-082,1,52,82,2073,3273
15um-052-083,1,52,83,2073,3313
15um-052-084,1,52,84,2073,3353
15um-052-085,1,52,85,2073,3393
15um-052-086,1,52,86,2073,3433
15um-052-087,1,52,87,2073,3473
15um-052-088,1,52,88,2073,3513
15um-052-089,1,52,89,2073,3553
15um-052-090,1,52,90,2073,3593
15um-052-091,1,52,91,2073,3633
15um-052-092,1,52,92,2073,3673
15um-052-093,1,52,93,2073,3713
15um-052-094,1,52,94,2073,3753
15um-052-095,1,52,95,2073,3793
15um-052-096,1,52,96,2073,3833
15um-053-001,1,53,1,2113,33
15um-053-002,1,53,2,2113,73
15um-053-003,1,53,3,2113,113
15um-053-004,1,53,4,2113,153
15um-053-005,1,53,5,2113,193
15um-053-006,1,53,6,2113,233
15um-053-007,1,53,7,2113,273
15um-053-008,1,53,8,2113,313
15um-053-009,1,53,9,2113,353
15um-053-010,1,53,10,2113,393
15um-053-011,1,53,11,2113,433
15um-053-012,1,53,12,2113,473
15um-053-013,1,53,13,2113,513
15um-053-014,1,53,14,2113,553
15um-053-015,1,53,15,2113,593
15um-053-016,1,53,16,2113,633
15um-053-017,1,53,17,2113,673
15um-053-018,1,53,18,2113,713
15um-053-019,1,53,19,2113,753
15um-053-020,1,53,20,2113,793
15um-053-021,1,53,21,2113,833
15um-053-022,1,53,22,2113,873
15um-053-023,1,53,23,2113,913
15um-053-024,1,53,24,2113,953
15um-053-025,1,53,25,2113,993
15um-053-026,1,53,26,2113,1033
15um-053-027,1,53,27,2113,1073
15um-053-028,1,53,28,2113,1113
15um-053-029,1,53,29,2113,1153
15um-053-030,1,53,30,2113,1193
15um-053-031,1,53,31,2113,1233
15um-053-032,1,53,32,2113,1273
15um-053-033,1,53,33,2113,1313
15um-053-034,1,53,34,2113,1353
15um-053-035,1,53,35,2113,1393
15um-053-036,1,53,36,2113,1433
15um-053-037,1,53,37,2113,1473
15um-053-038,1,53,38,2113,1513
15um-053-039,1,53,39,2113,1553
15um-053-040,1,53,40,2113,1593
15um-053-041,1,53,41,2113,1633
15um-053-042,1,53,42,2113,1673
15um-053-043,1,53,43,2113,1713
15um-053-044,1,53,44,2113,1753
15um-053-045,1,53,45,2113,1793
15um-053-046,1,53,46,2113,1833
15um-053-047,1,53,47,2113,1873
15um-053-048,1,53,48,2113,1913
15um-053-049,1,53,49,2113,1953
15um-053-050,1,53,50,2113,1993
15um-053-051,1,53,51,2113,2033
15um-053-052,1,53,52,2113,2073
15um-053-053,1,53,53,2113,2113
15um-053-054,1,53,54,2113,2153
15um-053-055,1,53,55,2113,2193
15um-053-056,1,53,56,2113,2233
15um-053-057,1,53,57,2113,2273
15um-053-058,1,53,58,2113,2313
15um-053-059,1,53,59,2113,2353
15um-053-060,1,53,60,2113,2393
15um-053-061,1,53,61,2113,2433
15um-053-062,1,53,62,2113,2473
15um-053-063,1,53,63,2113,2513
15um-053-064,1,53,64,2113,2553
15um-053-065,1,53,65,2113,2593
15um-053-066,1,53,66,2113,2633
15um-053-067,1,53,67,2113,2673
15um-053-068,1,53,68,2113,2713
15um-053-069,1,53,69,2113,2753
15um-053-070,1,53,70,2113,2793
15um-053-071,1,53,71,2113,2833
15um-053-072,1,53,72,2113,2873
15um-053-073,1,53,73,2113,2913
15um-053-074,1,53,74,2113,2953
15um-053-075,1,53,75,2113,2993
15um-053-076,1,53,76,2113,3033
15um-053-077,1,53,77,2113,3073
15um-053-078,1,53,78,2113,3113
15um-053-079,1,53,79,2113,3153
15um-053-080,1,53,80,2113,3193
15um-053-081,1,53,81,2113,3233
15um-053-082,1,53,82,2113,3273
15um-053-083,1,53,83,2113,3313
15um-053-084,1,53,84,2113,3353
15um-053-085,1,53,85,2113,3393
15um-053-086,1,53,86,2113,3433
15um-053-087,1,53,87,2113,3473
15um-053-088,1,53,88,2113,3513
15um-053-089,1,53,89,2113,3553
15um-053-090,1,53,90,2113,3593
15um-053-091,1,53,91,2113,3633
15um-053-092,1,53,92,2113,3673
15um-053-093,1,53,93,2113,3713
15um-053-094,1,53,94,2113,3753
15um-053-095,1,53,95,2113,3793
15um-053-096,1,53,96,2113,3833
15um-054-001,1,54,1,2153,33
15um-054-002,1,54,2,2153,73
15um-054-003,1,54,3,2153,113
15um-054-004,1,54,4,2153,153
15um-054-005,1,54,5,2153,193
15um-054-006,1,54,6,2153,233
15um-054-007,1,54,7,2153,273
15um-054-008,1,54,8,2153,313
15um-054-009,1,54,9,2153,353
15um-054-010,1,54,10,2153,393
15um-054-011,1,54,11,2153,433
15um-054-012,1,54,12,2153,473
15um-054-013,1,54,13,2153,513
15um-054-014,1,54,14,2153,553
15um-054-015,1,54,15,2153,593
15um-054-016,1,54,16,2153,633
15um-054-017,1,54,17,2153,673
15um-054-018,1,54,18,2153,713
15um-054-019,1,54,19,2153,753
15um-054-020,1,54,20,2153,793
15um-054-021,1,54,21,2153,833
15um-054-022,1,54,22,2153,873
15um-054-023,1,54,23,2153,913
15um-054-024,1,54,24,2153,953
15um-054-025,1,54,25,2153,993
15um-054-026,1,54,26,2153,1033
15um-054-027,1,54,27,2153,1073
15um-054-028,1,54,28,2153,1113
15um-054-029,1,54,29,2153,1153
15um-054-030,1,54,30,2153,1193
15um-054-031,1,54,31,2153,1233
15um-054-032,1,54,32,2153,1273
15um-054-033,1,54,33,2153,1313
15um-054-034,1,54,34,2153,1353
15um-054-035,1,54,35,2153,1393
15um-054-036,1,54,36,2153,1433
15um-054-037,1,54,37,2153,1473
15um-054-038,1,54,38,2153,1513
15um-054-039,1,54,39,2153,1553
15um-054-040,1,54,40,2153,1593
15um-054-041,1,54,41,2153,1633
15um-054-042,1,54,42,2153,1673
15um-054-043,1,54,43,2153,1713
15um-054-044,1,54,44,2153,1753
15um-054-045,1,54,45,2153,1793
15um-054-046,1,54,46,2153,1833
15um-054-047,1,54,47,2153,1873
15um-054-048,1,54,48,2153,1913
15um-054-049,1,54,49,2153,1953
15um-054-050,1,54,50,2153,1993
15um-054-051,1,54,51,2153,2033
15um-054-052,1,54,52,2153,2073
15um-054-053,1,54,53,2153,2113
15um-054-054,1,54,54,2153,2153
15um-054-055,1,54,55,2153,2193
15um-054-056,1,54,56,2153,2233
15um-054-057,1,54,57,2153,2273
15um-054-058,1,54,58,2153,2313
15um-054-059,1,54,59,2153,2353
15um-054-060,1,54,60,2153,2393
15um-054-061,1,54,61,2153,2433
15um-054-062,1,54,62,2153,2473
15um-054-063,1,54,63,2153,2513
15um-054-064,1,54,64,2153,2553
15um-054-065,1,54,65,2153,2593
15um-054-066,1,54,66,2153,2633
15um-054-067,1,54,67,2153,2673
15um-054-068,1,54,68,2153,2713
15um-054-069,1,54,69,2153,2753
15um-054-070,1,54,70,2153,2793
15um-054-071,1,54,71,2153,2833
15um-054-072,1,54,72,2153,2873
15um-054-073,1,54,73,2153,2913
15um-054-074,1,54,74,2153,2953
15um-054-075,1,54,75,2153,2993
15um-054-076,1,54,76,2153,3033
15um-054-077,1,54,77,2153,3073
15um-054-078,1,54,78,2153,3113
15um-054-079,1,54,79,2153,3153
15um-054-080,1,54,80,2153,3193
15um-054-081,1,54,81,2153,3233
15um-054-082,1,54,82,2153,3273
15um-054-083,1,54,83,2153,3313
15um-054-084,1,54,84,2153,3353
15um-054-085,1,54,85,2153,3393
15um-054-086,1,54,86,2153,3433
15um-054-087,1,54,87,2153,3473
15um-054-088,1,54,88,2153,3513
15um-054-089,1,54,89,2153,3553
15um-054-090,1,54,90,2153,3593
15um-054-091,1,54,91,2153,3633
15um-054-092,1,54,92,2153,3673
15um-054-093,1,54,93,2153,3713
15um-054-094,1,54,94,2153,3753
15um-054-095,1,54,95,2153,3793
15um-054-096,1,54,96,2153,3833
15um-055-001,1,55,1,2193,33
15um-055-002,1,55,2,2193,73
15um-055-003,1,55,3,2193,113
15um-055-004,1,55,4,2193,153
15um-055-005,1,55,5,2193,193
15um-055-006,1,55,6,2193,233
15um-055-007,1,55,7,2193,273
15um-055-008,1,55,8,2193,313
15um-055-009,1,55,9,2193,353
15um-055-010,1,55,10,2193,393
15um-055-011,1,55,11,2193,433
15um-055-012,1,55,12,2193,473
15um-055-013,1,55,13,2193,513
15um-055-014,1,55,14,2193,553
15um-055-015,1,55,15,2193,593
15um-055-016,1,55,16,2193,633
15um-055-017,1,55,17,2193,673
15um-055-018,1,55,18,2193,713
15um-055-019,1,55,19,2193,753
15um-055-020,1,55,20,2193,793
15um-055-021,1,55,21,2193,833
15um-055-022,1,55,22,2193,873
15um-055-023,1,55,23,2193,913
15um-055-024,1,55,24,2193,953
15um-055-025,1,55,25,2193,993
15um-055-026,1,55,26,2193,1033
15um-055-027,1,55,27,2193,1073
15um-055-028,1,55,28,2193,1113
15um-055-029,1,55,29,2193,1153
15um-055-030,1,55,30,2193,1193
15um-055-031,1,55,31,2193,1233
15um-055-032,1,55,32,2193,1273
15um-055-033,1,55,33,2193,1313
15um-055-034,1,55,34,2193,1353
15um-055-035,1,55,35,2193,1393
15um-055-036,1,55,36,2193,1433
15um-055-037,1,55,37,2193,1473
15um-055-038,1,55,38,2193,1513
15um-055-039,1,55,39,2193,1553
15um-055-040,1,55,40,2193,1593
15um-055-041,1,55,41,2193,1633
15um-055-042,1,55,42,2193,1673
15um-055-043,1,55,43,2193,1713
15um-055-044,1,55,44,2193,1753
15um-055-045,1,55,45,2193,1793
15um-055-046,1,55,46,2193,1833
15um-055-047,1,55,47,2193,1873
15um-055-048,1,55,48,2193,1913
15um-055-049,1,55,49,2193,1953
15um-055-050,1,55,50,2193,1993
15um-055-051,1,55,51,2193,2033
15um-055-052,1,55,52,2193,2073
15um-055-053,1,55,53,2193,2113
15um-055-054,1,55,54,2193,2153
15um-055-055,1,55,55,2193,2193
15um-055-056,1,55,56,2193,2233
15um-055-057,1,55,57,2193,2273
15um-055-058,1,55,58,2193,2313
15um-055-059,1,55,59,2193,2353
15um-055-060,1,55,60,2193,2393
15um-055-061,1,55,61,2193,2433
15um-055-062,1,55,62,2193,2473
15um-055-063,1,55,63,2193,2513
15um-055-064,1,55,64,2193,2553
15um-055-065,1,55,65,2193,2593
15um-055-066,1,55,66,2193,2633
15um-055-067,1,55,67,2193,2673
15um-055-068,1,55,68,2193,2713
15um-055-069,1,55,69,2193,2753
15um-055-070,1,55,70,2193,2793
15um-055-071,1,55,71,2193,2833
15um-055-072,1,55,72,2193,2873
15um-055-073,1,55,73,2193,2913
15um-055-074,1,55,74,2193,2953
15um-055-075,1,55,75,2193,2993
15um-055-076,1,55,76,2193,3033
15um-055-077,1,55,77,2193,3073
15um-055-078,1,55,78,2193,3113
15um-055-079,1,55,79,2193,3153
15um-055-080,1,55,80,2193,3193
15um-055-081,1,55,81,2193,3233
15um-055-082,1,55,82,2193,3273
15um-055-083,1,55,83,2193,3313
15um-055-084,1,55,84,2193,3353
15um-055-085,1,55,85,2193,3393
15um-055-086,1,55,86,2193,3433
15um-055-087,1,55,87,2193,3473
15um-055-088,1,55,88,2193,3513
15um-055-089,1,55,89,2193,3553
15um-055-090,1,55,90,2193,3593
15um-055-091,1,55,91,2193,3633
15um-055-092,1,55,92,2193,3673
15um-055-093,1,55,93,2193,3713
15um-055-094,1,55,94,2193,3753
15um-055-095,1,55,95,2193,3793
15um-055-096,1,55,96,2193,3833
15um-056-001,1,56,1,2233,33
15um-056-002,1,56,2,2233,73
15um-056-003,1,56,3,2233,113
15um-056-004,1,56,4,2233,153
15um-056-005,1,56,5,2233,193
15um-056-006,1,56,6,2233,233
15um-056-007,1,56,7,2233,273
15um-056-008,1,56,8,2233,313
15um-056-009,1,56,9,2233,353
15um-056-010,1,56,10,2233,393
15um-056-011,1,56,11,2233,433
15um-056-012,1,56,12,2233,473
15um-056-013,1,56,13,2233,513
15um-056-014,1,56,14,2233,553
15um-056-015,1,56,15,2233,593
15um-056-016,1,56,16,2233,633
15um-056-017,1,56,17,2233,673
15um-056-018,1,56,18,2233,713
15um-056-019,1,56,19,2233,753
15um-056-020,1,56,20,2233,793
15um-056-021,1,56,21,2233,833
15um-056-022,1,56,22,2233,873
15um-056-023,1,56,23,2233,913
15um-056-024,1,56,24,2233,953
15um-056-025,1,56,25,2233,993
15um-056-026,1,56,26,2233,1033
15um-056-027,1,56,27,2233,1073
15um-056-028,1,56,28,2233,1113
15um-056-029,1,56,29,2233,1153
15um-056-030,1,56,30,2233,1193
15um-056-031,1,56,31,2233,1233
15um-056-032,1,56,32,2233,1273
15um-056-033,1,56,33,2233,1313
15um-056-034,1,56,34,2233,1353
15um-056-035,1,56,35,2233,1393
15um-056-036,1,56,36,2233,1433
15um-056-037,1,56,37,2233,1473
15um-056-038,1,56,38,2233,1513
15um-056-039,1,56,39,2233,1553
15um-056-040,1,56,40,2233,1593
15um-056-041,1,56,41,2233,1633
15um-056-042,1,56,42,2233,1673
15um-056-043,1,56,43,2233,1713
15um-056-044,1,56,44,2233,1753
15um-056-045,1,56,45,2233,1793
15um-056-046,1,56,46,2233,1833
15um-056-047,1,56,47,2233,1873
15um-056-048,1,56,48,2233,1913
15um-056-049,1,56,49,2233,1953
15um-056-050,1,56,50,2233,1993
15um-056-051,1,56,51,2233,2033
15um-056-052,1,56,52,2233,2073
15um-056-053,1,56,53,2233,2113
15um-056-054,1,56,54,2233,2153
15um-056-055,1,56,55,2233,2193
15um-056-056,1,56,56,2233,2233
15um-056-057,1,56,57,2233,2273
15um-056-058,1,56,58,2233,2313
15um-056-059,1,56,59,2233,2353
15um-056-060,1,56,60,2233,2393
15um-056-061,1,56,61,2233,2433
15um-056-062,1,56,62,2233,2473
15um-056-063,1,56,63,2233,2513
15um-056-064,1,56,64,2233,2553
15um-056-065,1,56,65,2233,2593
15um-056-066,1,56,66,2233,2633
15um-056-067,1,56,67,2233,2673
15um-056-068,1,56,68,2233,2713
15um-056-069,1,56,69,2233,2753
15um-056-070,1,56,70,2233,2793
15um-056-071,1,56,71,2233,2833
15um-056-072,1,56,72,2233,2873
15um-056-073,1,56,73,2233,2913
15um-056-074,1,56,74,2233,2953
15um-056-075,1,56,75,2233,2993
15um-056-076,1,56,76,2233,3033
15um-056-077,1,56,77,2233,3073
15um-056-078,1,56,78,2233,3113
15um-056-079,1,56,79,2233,3153
15um-056-080,1,56,80,2233,3193
15um-056-081,1,56,81,2233,3233
15um-056-082,1,56,82,2233,3273
15um-056-083,1,56,83,2233,3313
15um-056-084,1,56,84,2233,3353
15um-056-085,1,56,85,2233,3393
15um-056-086,1,56,86,2233,3433
15um-056-087,1,56,87,2233,3473
15um-056-088,1,56,88,2233,3513
15um-056-089,1,56,89,2233,3553
15um-056-090,1,56,90,2233,3593
15um-056-091,1,56,91,2233,3633
15um-056-092,1,56,92,2233,3673
15um-056-093,1,56,93,2233,3713
15um-056-094,1,56,94,2233,3753
15um-056-095,1,56,95,2233,3793
15um-056-096,1,56,96,2233,3833
15um-057-001,1,57,1,2273,33
15um-057-002,1,57,2,2273,73
15um-057-003,1,57,3,2273,113
15um-057-004,1,57,4,2273,153
15um-057-005,1,57,5,2273,193
15um-057-006,1,57,6,2273,233
15um-057-007,1,57,7,2273,273
15um-057-008,1,57,8,2273,313
15um-057-009,1,57,9,2273,353
15um-057-010,1,57,10,2273,393
15um-057-011,1,57,11,2273,433
15um-057-012,1,57,12,2273,473
15um-057-013,1,57,13,2273,513
15um-057-014,1,57,14,2273,553
15um-057-015,1,57,15,2273,593
15um-057-016,1,57,16,2273,633
15um-057-017,1,57,17,2273,673
15um-057-018,1,57,18,2273,713
15um-057-019,1,57,19,2273,753
15um-057-020,1,57,20,2273,793
15um-057-021,1,57,21,2273,833
15um-057-022,1,57,22,2273,873
15um-057-023,1,57,23,2273,913
15um-057-024,1,57,24,2273,953
15um-057-025,1,57,25,2273,993
15um-057-026,1,57,26,2273,1033
15um-057-027,1,57,27,2273,1073
15um-057-028,1,57,28,2273,1113
15um-057-029,1,57,29,2273,1153
15um-057-030,1,57,30,2273,1193
15um-057-031,1,57,31,2273,1233
15um-057-032,1,57,32,2273,1273
15um-057-033,1,57,33,2273,1313
15um-057-034,1,57,34,2273,1353
15um-057-035,1,57,35,2273,1393
15um-057-036,1,57,36,2273,1433
15um-057-037,1,57,37,2273,1473
15um-057-038,1,57,38,2273,1513
15um-057-039,1,57,39,2273,1553
15um-057-040,1,57,40,2273,1593
15um-057-041,1,57,41,2273,1633
15um-057-042,1,57,42,2273,1673
15um-057-043,1,57,43,2273,1713
15um-057-044,1,57,44,2273,1753
15um-057-045,1,57,45,2273,1793
15um-057-046,1,57,46,2273,1833
15um-057-047,1,57,47,2273,1873
15um-057-048,1,57,48,2273,1913
15um-057-049,1,57,49,2273,1953
15um-057-050,1,57,50,2273,1993
15um-057-051,1,57,51,2273,2033
15um-057-052,1,57,52,2273,2073
15um-057-053,1,57,53,2273,2113
15um-057-054,1,57,54,2273,2153
15um-057-055,1,57,55,2273,2193
15um-057-056,1,57,56,2273,2233
15um-057-057,1,57,57,2273,2273
15um-057-058,1,57,58,2273,2313
15um-057-059,1,57,59,2273,2353
15um-057-060,1,57,60,2273,2393
15um-057-061,1,57,61,2273,2433
15um-057-062,1,57,62,2273,2473
15um-057-063,1,57,63,2273,2513
15um-057-064,1,57,64,2273,2553
15um-057-065,1,57,65,2273,2593
15um-057-066,1,57,66,2273,2633
15um-057-067,1,57,67,2273,2673
15um-057-068,1,57,68,2273,2713
15um-057-069,1,57,69,2273,2753
15um-057-070,1,57,70,2273,2793
15um-057-071,1,57,71,2273,2833
15um-057-072,1,57,72,2273,2873
15um-057-073,1,57,73,2273,2913
15um-057-074,1,57,74,2273,2953
15um-057-075,1,57,75,2273,2993
15um-057-076,1,57,76,2273,3033
15um-057-077,1,57,77,2273,3073
15um-057-078,1,57,78,2273,3113
15um-057-079,1,57,79,2273,3153
15um-057-080,1,57,80,2273,3193
15um-057-081,1,57,81,2273,3233
15um-057-082,1,57,82,2273,3273
15um-057-083,1,57,83,2273,3313
15um-057-084,1,57,84,2273,3353
15um-057-085,1,57,85,2273,3393
15um-057-086,1,57,86,2273,3433
15um-057-087,1,57,87,2273,3473
15um-057-088,1,57,88,2273,3513
15um-057-089,1,57,89,2273,3553
15um-057-090,1,57,90,2273,3593
15um-057-091,1,57,91,2273,3633
15um-057-092,1,57,92,2273,3673
15um-057-093,1,57,93,2273,3713
15um-057-094,1,57,94,2273,3753
15um-057-095,1,57,95,2273,3793
15um-057-096,1,57,96,2273,3833
15um-058-001,1,58,1,2313,33
15um-058-002,1,58,2,2313,73
15um-058-003,1,58,3,2313,113
15um-058-004,1,58,4,2313,153
15um-058-005,1,58,5,2313,193
15um-058-006,1,58,6,2313,233
15um-058-007,1,58,7,2313,273
15um-058-008,1,58,8,2313,313
15um-058-009,1,58,9,2313,353
15um-058-010,1,58,10,2313,393
15um-058-011,1,58,11,2313,433
15um-058-012,1,58,12,2313,473
15um-058-013,1,58,13,2313,513
15um-058-014,1,58,14,2313,553
15um-058-015,1,58,15,2313,593
15um-058-016,1,58,16,2313,633
15um-058-017,1,58,17,2313,673
15um-058-018,1,58,18,2313,713
15um-058-019,1,58,19,2313,753
15um-058-020,1,58,20,2313,793
15um-058-021,1,58,21,2313,833
15um-058-022,1,58,22,2313,873
15um-058-023,1,58,23,2313,913
15um-058-024,1,58,24,2313,953
15um-058-025,1,58,25,2313,993
15um-058-026,1,58,26,2313,1033
15um-058-027,1,58,27,2313,1073
15um-058-028,1,58,28,2313,1113
15um-058-029,1,58,29,2313,1153
15um-058-030,1,58,30,2313,1193
15um-058-031,1,58,31,2313,1233
15um-058-032,1,58,32,2313,1273
15um-058-033,1,58,33,2313,1313
15um-058-034,1,58,34,2313,1353
15um-058-035,1,58,35,2313,1393
15um-058-036,1,58,36,2313,1433
15um-058-037,1,58,37,2313,1473
15um-058-038,1,58,38,2313,1513
15um-058-039,1,58,39,2313,1553
15um-058-040,1,58,40,2313,1593
15um-058-041,1,58,41,2313,1633
15um-058-042,1,58,42,2313,1673
15um-058-043,1,58,43,2313,1713
15um-058-044,1,58,44,2313,1753
15um-058-045,1,58,45,2313,1793
15um-058-046,1,58,46,2313,1833
15um-058-047,1,58,47,2313,1873
15um-058-048,1,58,48,2313,1913
15um-058-049,1,58,49,2313,1953
15um-058-050,1,58,50,2313,1993
15um-058-051,1,58,51,2313,2033
15um-058-052,1,58,52,2313,2073
15um-058-053,1,58,53,2313,2113
15um-058-054,1,58,54,2313,2153
15um-058-055,1,58,55,2313,2193
15um-058-056,1,58,56,2313,2233
15um-058-057,1,58,57,2313,2273
15um-058-058,1,58,58,2313,2313
15um-058-059,1,58,59,2313,2353
15um-058-060,1,58,60,2313,2393
15um-058-061,1,58,61,2313,2433
15um-058-062,1,58,62,2313,2473
15um-058-063,1,58,63,2313,2513
15um-058-064,1,58,64,2313,2553
15um-058-065,1,58,65,2313,2593
15um-058-066,1,58,66,2313,2633
15um-058-067,1,58,67,2313,2673
15um-058-068,1,58,68,2313,2713
15um-058-069,1,58,69,2313,2753
15um-058-070,1,58,70,2313,2793
15um-058-071,1,58,71,2313,2833
15um-058-072,1,58,72,2313,2873
15um-058-073,1,58,73,2313,2913
15um-058-074,1,58,74,2313,2953
15um-058-075,1,58,75,2313,2993
15um-058-076,1,58,76,2313,3033
15um-058-077,1,58,77,2313,3073
15um-058-078,1,58,78,2313,3113
15um-058-079,1,58,79,2313,3153
15um-058-080,1,58,80,2313,3193
15um-058-081,1,58,81,2313,3233
15um-058-082,1,58,82,2313,3273
15um-058-083,1,58,83,2313,3313
15um-058-084,1,58,84,2313,3353
15um-058-085,1,58,85,2313,3393
15um-058-086,1,58,86,2313,3433
15um-058-087,1,58,87,2313,3473
15um-058-088,1,58,88,2313,3513
15um-058-089,1,58,89,2313,3553
15um-058-090,1,58,90,2313,3593
15um-058-091,1,58,91,2313,3633
15um-058-092,1,58,92,2313,3673
15um-058-093,1,58,93,2313,3713
15um-058-094,1,58,94,2313,3753
15um-058-095,1,58,95,2313,3793
15um-058-096,1,58,96,2313,3833
15um-059-001,1,59,1,2353,33
15um-059-002,1,59,2,2353,73
15um-059-003,1,59,3,2353,113
15um-059-004,1,59,4,2353,153
15um-059-005,1,59,5,2353,193
15um-059-006,1,59,6,2353,233
15um-059-007,1,59,7,2353,273
15um-059-008,1,59,8,2353,313
15um-059-009,1,59,9,2353,353
15um-059-010,1,59,10,2353,393
15um-059-011,1,59,11,2353,433
15um-059-012,1,59,12,2353,473
15um-059-013,1,59,13,2353,513
15um-059-014,1,59,14,2353,553
15um-059-015,1,59,15,2353,593
15um-059-016,1,59,16,2353,633
15um-059-017,1,59,17,2353,673
15um-059-018,1,59,18,2353,713
15um-059-019,1,59,19,2353,753
15um-059-020,1,59,20,2353,793
15um-059-021,1,59,21,2353,833
15um-059-022,1,59,22,2353,873
15um-059-023,1,59,23,2353,913
15um-059-024,1,59,24,2353,953
15um-059-025,1,59,25,2353,993
15um-059-026,1,59,26,2353,1033
15um-059-027,1,59,27,2353,1073
15um-059-028,1,59,28,2353,1113
15um-059-029,1,59,29,2353,1153
15um-059-030,1,59,30,2353,1193
15um-059-031,1,59,31,2353,1233
15um-059-032,1,59,32,2353,1273
15um-059-033,1,59,33,2353,1313
15um-059-034,1,59,34,2353,1353
15um-059-035,1,59,35,2353,1393
15um-059-036,1,59,36,2353,1433
15um-059-037,1,59,37,2353,1473
15um-059-038,1,59,38,2353,1513
15um-059-039,1,59,39,2353,1553
15um-059-040,1,59,40,2353,1593
15um-059-041,1,59,41,2353,1633
15um-059-042,1,59,42,2353,1673
15um-059-043,1,59,43,2353,1713
15um-059-044,1,59,44,2353,1753
15um-059-045,1,59,45,2353,1793
15um-059-046,1,59,46,2353,1833
15um-059-047,1,59,47,2353,1873
15um-059-048,1,59,48,2353,1913
15um-059-049,1,59,49,2353,1953
15um-059-050,1,59,50,2353,1993
15um-059-051,1,59,51,2353,2033
15um-059-052,1,59,52,2353,2073
15um-059-053,1,59,53,2353,2113
15um-059-054,1,59,54,2353,2153
15um-059-055,1,59,55,2353,2193
15um-059-056,1,59,56,2353,2233
15um-059-057,1,59,57,2353,2273
15um-059-058,1,59,58,2353,2313
15um-059-059,1,59,59,2353,2353
15um-059-060,1,59,60,2353,2393
15um-059-061,1,59,61,2353,2433
15um-059-062,1,59,62,2353,2473
15um-059-063,1,59,63,2353,2513
15um-059-064,1,59,64,2353,2553
15um-059-065,1,59,65,2353,2593
15um-059-066,1,59,66,2353,2633
15um-059-067,1,59,67,2353,2673
15um-059-068,1,59,68,2353,2713
15um-059-069,1,59,69,2353,2753
15um-059-070,1,59,70,2353,2793
15um-059-071,1,59,71,2353,2833
15um-059-072,1,59,72,2353,2873
15um-059-073,1,59,73,2353,2913
15um-059-074,1,59,74,2353,2953
15um-059-075,1,59,75,2353,2993
15um-059-076,1,59,76,2353,3033
15um-059-077,1,59,77,2353,3073
15um-059-078,1,59,78,2353,3113
15um-059-079,1,59,79,2353,3153
15um-059-080,1,59,80,2353,3193
15um-059-081,1,59,81,2353,3233
15um-059-082,1,59,82,2353,3273
15um-059-083,1,59,83,2353,3313
15um-059-084,1,59,84,2353,3353
15um-059-085,1,59,85,2353,3393
15um-059-086,1,59,86,2353,3433
15um-059-087,1,59,87,2353,3473
15um-059-088,1,59,88,2353,3513
15um-059-089,1,59,89,2353,3553
15um-059-090,1,59,90,2353,3593
15um-059-091,1,59,91,2353,3633
15um-059-092,1,59,92,2353,3673
15um-059-093,1,59,93,2353,3713
15um-059-094,1,59,94,2353,3753
15um-059-095,1,59,95,2353,3793
15um-059-096,1,59,96,2353,3833
15um-060-001,1,60,1,2393,33
15um-060-002,1,60,2,2393,73
15um-060-003,1,60,3,2393,113
15um-060-004,1,60,4,2393,153
15um-060-005,1,60,5,2393,193
15um-060-006,1,60,6,2393,233
15um-060-007,1,60,7,2393,273
15um-060-008,1,60,8,2393,313
15um-060-009,1,60,9,2393,353
15um-060-010,1,60,10,2393,393
15um-060-011,1,60,11,2393,433
15um-060-012,1,60,12,2393,473
15um-060-013,1,60,13,2393,513
15um-060-014,1,60,14,2393,553
15um-060-015,1,60,15,2393,593
15um-060-016,1,60,16,2393,633
15um-060-017,1,60,17,2393,673
15um-060-018,1,60,18,2393,713
15um-060-019,1,60,19,2393,753
15um-060-020,1,60,20,2393,793
15um-060-021,1,60,21,2393,833
15um-060-022,1,60,22,2393,873
15um-060-023,1,60,23,2393,913
15um-060-024,1,60,24,2393,953
15um-060-025,1,60,25,2393,993
15um-060-026,1,60,26,2393,1033
15um-060-027,1,60,27,2393,1073
15um-060-028,1,60,28,2393,1113
15um-060-029,1,60,29,2393,1153
15um-060-030,1,60,30,2393,1193
15um-060-031,1,60,31,2393,1233
15um-060-032,1,60,32,2393,1273
15um-060-033,1,60,33,2393,1313
15um-060-034,1,60,34,2393,1353
15um-060-035,1,60,35,2393,1393
15um-060-036,1,60,36,2393,1433
15um-060-037,1,60,37,2393,1473
15um-060-038,1,60,38,2393,1513
15um-060-039,1,60,39,2393,1553
15um-060-040,1,60,40,2393,1593
15um-060-041,1,60,41,2393,1633
15um-060-042,1,60,42,2393,1673
15um-060-043,1,60,43,2393,1713
15um-060-044,1,60,44,2393,1753
15um-060-045,1,60,45,2393,1793
15um-060-046,1,60,46,2393,1833
15um-060-047,1,60,47,2393,1873
15um-060-048,1,60,48,2393,1913
15um-060-049,1,60,49,2393,1953
15um-060-050,1,60,50,2393,1993
15um-060-051,1,60,51,2393,2033
15um-060-052,1,60,52,2393,2073
15um-060-053,1,60,53,2393,2113
15um-060-054,1,60,54,2393,2153
15um-060-055,1,60,55,2393,2193
15um-060-056,1,60,56,2393,2233
15um-060-057,1,60,57,2393,2273
15um-060-058,1,60,58,2393,2313
15um-060-059,1,60,59,2393,2353
15um-060-060,1,60,60,2393,2393
15um-060-061,1,60,61,2393,2433
15um-060-062,1,60,62,2393,2473
15um-060-063,1,60,63,2393,2513
15um-060-064,1,60,64,2393,2553
15um-060-065,1,60,65,2393,2593
15um-060-066,1,60,66,2393,2633
15um-060-067,1,60,67,2393,2673
15um-060-068,1,60,68,2393,2713
15um-060-069,1,60,69,2393,2753
15um-060-070,1,60,70,2393,2793
15um-060-071,1,60,71,2393,2833
15um-060-072,1,60,72,2393,2873
15um-060-073,1,60,73,2393,2913
15um-060-074,1,60,74,2393,2953
15um-060-075,1,60,75,2393,2993
15um-060-076,1,60,76,2393,3033
15um-060-077,1,60,77,2393,3073
15um-060-078,1,60,78,2393,3113
15um-060-079,1,60,79,2393,3153
15um-060-080,1,60,80,2393,3193
15um-060-081,1,60,81,2393,3233
15um-060-082,1,60,82,2393,3273
15um-060-083,1,60,83,2393,3313
15um-060-084,1,60,84,2393,3353
15um-060-085,1,60,85,2393,3393
15um-060-086,1,60,86,2393,3433
15um-060-087,1,60,87,2393,3473
15um-060-088,1,60,88,2393,3513
15um-060-089,1,60,89,2393,3553
15um-060-090,1,60,90,2393,3593
15um-060-091,1,60,91,2393,3633
15um-060-092,1,60,92,2393,3673
15um-060-093,1,60,93,2393,3713
15um-060-094,1,60,94,2393,3753
15um-060-095,1,60,95,2393,3793
15um-060-096,1,60,96,2393,3833
15um-061-001,1,61,1,2433,33
15um-061-002,1,61,2,2433,73
15um-061-003,1,61,3,2433,113
15um-061-004,1,61,4,2433,153
15um-061-005,1,61,5,2433,193
15um-061-006,1,61,6,2433,233
15um-061-007,1,61,7,2433,273
15um-061-008,1,61,8,2433,313
15um-061-009,1,61,9,2433,353
15um-061-010,1,61,10,2433,393
15um-061-011,1,61,11,2433,433
15um-061-012,1,61,12,2433,473
15um-061-013,1,61,13,2433,513
15um-061-014,1,61,14,2433,553
15um-061-015,1,61,15,2433,593
15um-061-016,1,61,16,2433,633
15um-061-017,1,61,17,2433,673
15um-061-018,1,61,18,2433,713
15um-061-019,1,61,19,2433,753
15um-061-020,1,61,20,2433,793
15um-061-021,1,61,21,2433,833
15um-061-022,1,61,22,2433,873
15um-061-023,1,61,23,2433,913
15um-061-024,1,61,24,2433,953
15um-061-025,1,61,25,2433,993
15um-061-026,1,61,26,2433,1033
15um-061-027,1,61,27,2433,1073
15um-061-028,1,61,28,2433,1113
15um-061-029,1,61,29,2433,1153
15um-061-030,1,61,30,2433,1193
15um-061-031,1,61,31,2433,1233
15um-061-032,1,61,32,2433,1273
15um-061-033,1,61,33,2433,1313
15um-061-034,1,61,34,2433,1353
15um-061-035,1,61,35,2433,1393
15um-061-036,1,61,36,2433,1433
15um-061-037,1,61,37,2433,1473
15um-061-038,1,61,38,2433,1513
15um-061-039,1,61,39,2433,1553
15um-061-040,1,61,40,2433,1593
15um-061-041,1,61,41,2433,1633
15um-061-042,1,61,42,2433,1673
15um-061-043,1,61,43,2433,1713
15um-061-044,1,61,44,2433,1753
15um-061-045,1,61,45,2433,1793
15um-061-046,1,61,46,2433,1833
15um-061-047,1,61,47,2433,1873
15um-061-048,1,61,48,2433,1913
15um-061-049,1,61,49,2433,1953
15um-061-050,1,61,50,2433,1993
15um-061-051,1,61,51,2433,2033
15um-061-052,1,61,52,2433,2073
15um-061-053,1,61,53,2433,2113
15um-061-054,1,61,54,2433,2153
15um-061-055,1,61,55,2433,2193
15um-061-056,1,61,56,2433,2233
15um-061-057,1,61,57,2433,2273
15um-061-058,1,61,58,2433,2313
15um-061-059,1,61,59,2433,2353
15um-061-060,1,61,60,2433,2393
15um-061-061,1,61,61,2433,2433
15um-061-062,1,61,62,2433,2473
15um-061-063,1,61,63,2433,2513
15um-061-064,1,61,64,2433,2553
15um-061-065,1,61,65,2433,2593
15um-061-066,1,61,66,2433,2633
15um-061-067,1,61,67,2433,2673
15um-061-068,1,61,68,2433,2713
15um-061-069,1,61,69,2433,2753
15um-061-070,1,61,70,2433,2793
15um-061-071,1,61,71,2433,2833
15um-061-072,1,61,72,2433,2873
15um-061-073,1,61,73,2433,2913
15um-061-074,1,61,74,2433,2953
15um-061-075,1,61,75,2433,2993
15um-061-076,1,61,76,2433,3033
15um-061-077,1,61,77,2433,3073
15um-061-078,1,61,78,2433,3113
15um-061-079,1,61,79,2433,3153
15um-061-080,1,61,80,2433,3193
15um-061-081,1,61,81,2433,3233
15um-061-082,1,61,82,2433,3273
15um-061-083,1,61,83,2433,3313
15um-061-084,1,61,84,2433,3353
15um-061-085,1,61,85,2433,3393
15um-061-086,1,61,86,2433,3433
15um-061-087,1,61,87,2433,3473
15um-061-088,1,61,88,2433,3513
15um-061-089,1,61,89,2433,3553
15um-061-090,1,61,90,2433,3593
15um-061-091,1,61,91,2433,3633
15um-061-092,1,61,92,2433,3673
15um-061-093,1,61,93,2433,3713
15um-061-094,1,61,94,2433,3753
15um-061-095,1,61,95,2433,3793
15um-061-096,1,61,96,2433,3833
15um-062-001,1,62,1,2473,33
15um-062-002,1,62,2,2473,73
15um-062-003,1,62,3,2473,113
15um-062-004,1,62,4,2473,153
15um-062-005,1,62,5,2473,193
15um-062-006,1,62,6,2473,233
15um-062-007,1,62,7,2473,273
15um-062-008,1,62,8,2473,313
15um-062-009,1,62,9,2473,353
15um-062-010,1,62,10,2473,393
15um-062-011,1,62,11,2473,433
15um-062-012,1,62,12,2473,473
15um-062-013,1,62,13,2473,513
15um-062-014,1,62,14,2473,553
15um-062-015,1,62,15,2473,593
15um-062-016,1,62,16,2473,633
15um-062-017,1,62,17,2473,673
15um-062-018,1,62,18,2473,713
15um-062-019,1,62,19,2473,753
15um-062-020,1,62,20,2473,793
15um-062-021,1,62,21,2473,833
15um-062-022,1,62,22,2473,873
15um-062-023,1,62,23,2473,913
15um-062-024,1,62,24,2473,953
15um-062-025,1,62,25,2473,993
15um-062-026,1,62,26,2473,1033
15um-062-027,1,62,27,2473,1073
15um-062-028,1,62,28,2473,1113
15um-062-029,1,62,29,2473,1153
15um-062-030,1,62,30,2473,1193
15um-062-031,1,62,31,2473,1233
15um-062-032,1,62,32,2473,1273
15um-062-033,1,62,33,2473,1313
15um-062-034,1,62,34,2473,1353
15um-062-035,1,62,35,2473,1393
15um-062-036,1,62,36,2473,1433
15um-062-037,1,62,37,2473,1473
15um-062-038,1,62,38,2473,1513
15um-062-039,1,62,39,2473,1553
15um-062-040,1,62,40,2473,1593
15um-062-041,1,62,41,2473,1633
15um-062-042,1,62,42,2473,1673
15um-062-043,1,62,43,2473,1713
15um-062-044,1,62,44,2473,1753
15um-062-045,1,62,45,2473,1793
15um-062-046,1,62,46,2473,1833
15um-062-047,1,62,47,2473,1873
15um-062-048,1,62,48,2473,1913
15um-062-049,1,62,49,2473,1953
15um-062-050,1,62,50,2473,1993
15um-062-051,1,62,51,2473,2033
15um-062-052,1,62,52,2473,2073
15um-062-053,1,62,53,2473,2113
15um-062-054,1,62,54,2473,2153
15um-062-055,1,62,55,2473,2193
15um-062-056,1,62,56,2473,2233
15um-062-057,1,62,57,2473,2273
15um-062-058,1,62,58,2473,2313
15um-062-059,1,62,59,2473,2353
15um-062-060,1,62,60,2473,2393
15um-062-061,1,62,61,2473,2433
15um-062-062,1,62,62,2473,2473
15um-062-063,1,62,63,2473,2513
15um-062-064,1,62,64,2473,2553
15um-062-065,1,62,65,2473,2593
15um-062-066,1,62,66,2473,2633
15um-062-067,1,62,67,2473,2673
15um-062-068,1,62,68,2473,2713
15um-062-069,1,62,69,2473,2753
15um-062-070,1,62,70,2473,2793
15um-062-071,1,62,71,2473,2833
15um-062-072,1,62,72,2473,2873
15um-062-073,1,62,73,2473,2913
15um-062-074,1,62,74,2473,2953
15um-062-075,1,62,75,2473,2993
15um-062-076,1,62,76,2473,3033
15um-062-077,1,62,77,2473,3073
15um-062-078,1,62,78,2473,3113
15um-062-079,1,62,79,2473,3153
15um-062-080,1,62,80,2473,3193
15um-062-081,1,62,81,2473,3233
15um-062-082,1,62,82,2473,3273
15um-062-083,1,62,83,2473,3313
15um-062-084,1,62,84,2473,3353
15um-062-085,1,62,85,2473,3393
15um-062-086,1,62,86,2473,3433
15um-062-087,1,62,87,2473,3473
15um-062-088,1,62,88,2473,3513
15um-062-089,1,62,89,2473,3553
15um-062-090,1,62,90,2473,3593
15um-062-091,1,62,91,2473,3633
15um-062-092,1,62,92,2473,3673
15um-062-093,1,62,93,2473,3713
15um-062-094,1,62,94,2473,3753
15um-062-095,1,62,95,2473,3793
15um-062-096,1,62,96,2473,3833
15um-063-001,1,63,1,2513,33
15um-063-002,1,63,2,2513,73
15um-063-003,1,63,3,2513,113
15um-063-004,1,63,4,2513,153
15um-063-005,1,63,5,2513,193
15um-063-006,1,63,6,2513,233
15um-063-007,1,63,7,2513,273
15um-063-008,1,63,8,2513,313
15um-063-009,1,63,9,2513,353
15um-063-010,1,63,10,2513,393
15um-063-011,1,63,11,2513,433
15um-063-012,1,63,12,2513,473
15um-063-013,1,63,13,2513,513
15um-063-014,1,63,14,2513,553
15um-063-015,1,63,15,2513,593
15um-063-016,1,63,16,2513,633
15um-063-017,1,63,17,2513,673
15um-063-018,1,63,18,2513,713
15um-063-019,1,63,19,2513,753
15um-063-020,1,63,20,2513,793
15um-063-021,1,63,21,2513,833
15um-063-022,1,63,22,2513,873
15um-063-023,1,63,23,2513,913
15um-063-024,1,63,24,2513,953
15um-063-025,1,63,25,2513,993
15um-063-026,1,63,26,2513,1033
15um-063-027,1,63,27,2513,1073
15um-063-028,1,63,28,2513,1113
15um-063-029,1,63,29,2513,1153
15um-063-030,1,63,30,2513,1193
15um-063-031,1,63,31,2513,1233
15um-063-032,1,63,32,2513,1273
15um-063-033,1,63,33,2513,1313
15um-063-034,1,63,34,2513,1353
15um-063-035,1,63,35,2513,1393
15um-063-036,1,63,36,2513,1433
15um-063-037,1,63,37,2513,1473
15um-063-038,1,63,38,2513,1513
15um-063-039,1,63,39,2513,1553
15um-063-040,1,63,40,2513,1593
15um-063-041,1,63,41,2513,1633
15um-063-042,1,63,42,2513,1673
15um-063-043,1,63,43,2513,1713
15um-063-044,1,63,44,2513,1753
15um-063-045,1,63,45,2513,1793
15um-063-046,1,63,46,2513,1833
15um-063-047,1,63,47,2513,1873
15um-063-048,1,63,48,2513,1913
15um-063-049,1,63,49,2513,1953
15um-063-050,1,63,50,2513,1993
15um-063-051,1,63,51,2513,2033
15um-063-052,1,63,52,2513,2073
15um-063-053,1,63,53,2513,2113
15um-063-054,1,63,54,2513,2153
15um-063-055,1,63,55,2513,2193
15um-063-056,1,63,56,2513,2233
15um-063-057,1,63,57,2513,2273
15um-063-058,1,63,58,2513,2313
15um-063-059,1,63,59,2513,2353
15um-063-060,1,63,60,2513,2393
15um-063-061,1,63,61,2513,2433
15um-063-062,1,63,62,2513,2473
15um-063-063,1,63,63,2513,2513
15um-063-064,1,63,64,2513,2553
15um-063-065,1,63,65,2513,2593
15um-063-066,1,63,66,2513,2633
15um-063-067,1,63,67,2513,2673
15um-063-068,1,63,68,2513,2713
15um-063-069,1,63,69,2513,2753
15um-063-070,1,63,70,2513,2793
15um-063-071,1,63,71,2513,2833
15um-063-072,1,63,72,2513,2873
15um-063-073,1,63,73,2513,2913
15um-063-074,1,63,74,2513,2953
15um-063-075,1,63,75,2513,2993
15um-063-076,1,63,76,2513,3033
15um-063-077,1,63,77,2513,3073
15um-063-078,1,63,78,2513,3113
15um-063-079,1,63,79,2513,3153
15um-063-080,1,63,80,2513,3193
15um-063-081,1,63,81,2513,3233
15um-063-082,1,63,82,2513,3273
15um-063-083,1,63,83,2513,3313
15um-063-084,1,63,84,2513,3353
15um-063-085,1,63,85,2513,3393
15um-063-086,1,63,86,2513,3433
15um-063-087,1,63,87,2513,3473
15um-063-088,1,63,88,2513,3513
15um-063-089,1,63,89,2513,3553
15um-063-090,1,63,90,2513,3593
15um-063-091,1,63,91,2513,3633
15um-063-092,1,63,92,2513,3673
15um-063-093,1,63,93,2513,3713
15um-063-094,1,63,94,2513,3753
15um-063-095,1,63,95,2513,3793
15um-063-096,1,63,96,2513,3833
15um-064-001,1,64,1,2553,33
15um-064-002,1,64,2,2553,73
15um-064-003,1,64,3,2553,113
15um-064-004,1,64,4,2553,153
15um-064-005,1,64,5,2553,193
15um-064-006,1,64,6,2553,233
15um-064-007,1,64,7,2553,273
15um-064-008,1,64,8,2553,313
15um-064-009,1,64,9,2553,353
15um-064-010,1,64,10,2553,393
15um-064-011,1,64,11,2553,433
15um-064-012,1,64,12,2553,473
15um-064-013,1,64,13,2553,513
15um-064-014,1,64,14,2553,553
15um-064-015,1,64,15,2553,593
15um-064-016,1,64,16,2553,633
15um-064-017,1,64,17,2553,673
15um-064-018,1,64,18,2553,713
15um-064-019,1,64,19,2553,753
15um-064-020,1,64,20,2553,793
15um-064-021,1,64,21,2553,833
15um-064-022,1,64,22,2553,873
15um-064-023,1,64,23,2553,913
15um-064-024,1,64,24,2553,953
15um-064-025,1,64,25,2553,993
15um-064-026,1,64,26,2553,1033
15um-064-027,1,64,27,2553,1073
15um-064-028,1,64,28,2553,1113
15um-064-029,1,64,29,2553,1153
15um-064-030,1,64,30,2553,1193
15um-064-031,1,64,31,2553,1233
15um-064-032,1,64,32,2553,1273
15um-064-033,1,64,33,2553,1313
15um-064-034,1,64,34,2553,1353
15um-064-035,1,64,35,2553,1393
15um-064-036,1,64,36,2553,1433
15um-064-037,1,64,37,2553,1473
15um-064-038,1,64,38,2553,1513
15um-064-039,1,64,39,2553,1553
15um-064-040,1,64,40,2553,1593
15um-064-041,1,64,41,2553,1633
15um-064-042,1,64,42,2553,1673
15um-064-043,1,64,43,2553,1713
15um-064-044,1,64,44,2553,1753
15um-064-045,1,64,45,2553,1793
15um-064-046,1,64,46,2553,1833
15um-064-047,1,64,47,2553,1873
15um-064-048,1,64,48,2553,1913
15um-064-049,1,64,49,2553,1953
15um-064-050,1,64,50,2553,1993
15um-064-051,1,64,51,2553,2033
15um-064-052,1,64,52,2553,2073
15um-064-053,1,64,53,2553,2113
15um-064-054,1,64,54,2553,2153
15um-064-055,1,64,55,2553,2193
15um-064-056,1,64,56,2553,2233
15um-064-057,1,64,57,2553,2273
15um-064-058,1,64,58,2553,2313
15um-064-059,1,64,59,2553,2353
15um-064-060,1,64,60,2553,2393
15um-064-061,1,64,61,2553,2433
15um-064-062,1,64,62,2553,2473
15um-064-063,1,64,63,2553,2513
15um-064-064,1,64,64,2553,2553
15um-064-065,1,64,65,2553,2593
15um-064-066,1,64,66,2553,2633
15um-064-067,1,64,67,2553,2673
15um-064-068,1,64,68,2553,2713
15um-064-069,1,64,69,2553,2753
15um-064-070,1,64,70,2553,2793
15um-064-071,1,64,71,2553,2833
15um-064-072,1,64,72,2553,2873
15um-064-073,1,64,73,2553,2913
15um-064-074,1,64,74,2553,2953
15um-064-075,1,64,75,2553,2993
15um-064-076,1,64,76,2553,3033
15um-064-077,1,64,77,2553,3073
15um-064-078,1,64,78,2553,3113
15um-064-079,1,64,79,2553,3153
15um-064-080,1,64,80,2553,3193
15um-064-081,1,64,81,2553,3233
15um-064-082,1,64,82,2553,3273
15um-064-083,1,64,83,2553,3313
15um-064-084,1,64,84,2553,3353
15um-064-085,1,64,85,2553,3393
15um-064-086,1,64,86,2553,3433
15um-064-087,1,64,87,2553,3473
15um-064-088,1,64,88,2553,3513
15um-064-089,1,64,89,2553,3553
15um-064-090,1,64,90,2553,3593
15um-064-091,1,64,91,2553,3633
15um-064-092,1,64,92,2553,3673
15um-064-093,1,64,93,2553,3713
15um-064-094,1,64,94,2553,3753
15um-064-095,1,64,95,2553,3793
15um-064-096,1,64,96,2553,3833
15um-065-001,1,65,1,2593,33
15um-065-002,1,65,2,2593,73
15um-065-003,1,65,3,2593,113
15um-065-004,1,65,4,2593,153
15um-065-005,1,65,5,2593,193
15um-065-006,1,65,6,2593,233
15um-065-007,1,65,7,2593,273
15um-065-008,1,65,8,2593,313
15um-065-009,1,65,9,2593,353
15um-065-010,1,65,10,2593,393
15um-065-011,1,65,11,2593,433
15um-065-012,1,65,12,2593,473
15um-065-013,1,65,13,2593,513
15um-065-014,1,65,14,2593,553
15um-065-015,1,65,15,2593,593
15um-065-016,1,65,16,2593,633
15um-065-017,1,65,17,2593,673
15um-065-018,1,65,18,2593,713
15um-065-019,1,65,19,2593,753
15um-065-020,1,65,20,2593,793
15um-065-021,1,65,21,2593,833
15um-065-022,1,65,22,2593,873
15um-065-023,1,65,23,2593,913
15um-065-024,1,65,24,2593,953
15um-065-025,1,65,25,2593,993
15um-065-026,1,65,26,2593,1033
15um-065-027,1,65,27,2593,1073
15um-065-028,1,65,28,2593,1113
15um-065-029,1,65,29,2593,1153
15um-065-030,1,65,30,2593,1193
15um-065-031,1,65,31,2593,1233
15um-065-032,1,65,32,2593,1273
15um-065-033,1,65,33,2593,1313
15um-065-034,1,65,34,2593,1353
15um-065-035,1,65,35,2593,1393
15um-065-036,1,65,36,2593,1433
15um-065-037,1,65,37,2593,1473
15um-065-038,1,65,38,2593,1513
15um-065-039,1,65,39,2593,1553
15um-065-040,1,65,40,2593,1593
15um-065-041,1,65,41,2593,1633
15um-065-042,1,65,42,2593,1673
15um-065-043,1,65,43,2593,1713
15um-065-044,1,65,44,2593,1753
15um-065-045,1,65,45,2593,1793
15um-065-046,1,65,46,2593,1833
15um-065-047,1,65,47,2593,1873
15um-065-048,1,65,48,2593,1913
15um-065-049,1,65,49,2593,1953
15um-065-050,1,65,50,2593,1993
15um-065-051,1,65,51,2593,2033
15um-065-052,1,65,52,2593,2073
15um-065-053,1,65,53,2593,2113
15um-065-054,1,65,54,2593,2153
15um-065-055,1,65,55,2593,2193
15um-065-056,1,65,56,2593,2233
15um-065-057,1,65,57,2593,2273
15um-065-058,1,65,58,2593,2313
15um-065-059,1,65,59,2593,2353
15um-065-060,1,65,60,2593,2393
15um-065-061,1,65,61,2593,2433
15um-065-062,1,65,62,2593,2473
15um-065-063,1,65,63,2593,2513
15um-065-064,1,65,64,2593,2553
15um-065-065,1,65,65,2593,2593
15um-065-066,1,65,66,2593,2633
15um-065-067,1,65,67,2593,2673
15um-065-068,1,65,68,2593,2713
15um-065-069,1,65,69,2593,2753
15um-065-070,1,65,70,2593,2793
15um-065-071,1,65,71,2593,2833
15um-065-072,1,65,72,2593,2873
15um-065-073,1,65,73,2593,2913
15um-065-074,1,65,74,2593,2953
15um-065-075,1,65,75,2593,2993
15um-065-076,1,65,76,2593,3033
15um-065-077,1,65,77,2593,3073
15um-065-078,1,65,78,2593,3113
15um-065-079,1,65,79,2593,3153
15um-065-080,1,65,80,2593,3193
15um-065-081,1,65,81,2593,3233
15um-065-082,1,65,82,2593,3273
15um-065-083,1,65,83,2593,3313
15um-065-084,1,65,84,2593,3353
15um-065-085,1,65,85,2593,3393
15um-065-086,1,65,86,2593,3433
15um-065-087,1,65,87,2593,3473
15um-065-088,1,65,88,2593,3513
15um-065-089,1,65,89,2593,3553
15um-065-090,1,65,90,2593,3593
15um-065-091,1,65,91,2593,3633
15um-065-092,1,65,92,2593,3673
15um-065-093,1,65,93,2593,3713
15um-065-094,1,65,94,2593,3753
15um-065-095,1,65,95,2593,3793
15um-065-096,1,65,96,2593,3833
15um-066-001,1,66,1,2633,33
15um-066-002,1,66,2,2633,73
15um-066-003,1,66,3,2633,113
15um-066-004,1,66,4,2633,153
15um-066-005,1,66,5,2633,193
15um-066-006,1,66,6,2633,233
15um-066-007,1,66,7,2633,273
15um-066-008,1,66,8,2633,313
15um-066-009,1,66,9,2633,353
15um-066-010,1,66,10,2633,393
15um-066-011,1,66,11,2633,433
15um-066-012,1,66,12,2633,473
15um-066-013,1,66,13,2633,513
15um-066-014,1,66,14,2633,553
15um-066-015,1,66,15,2633,593
15um-066-016,1,66,16,2633,633
15um-066-017,1,66,17,2633,673
15um-066-018,1,66,18,2633,713
15um-066-019,1,66,19,2633,753
15um-066-020,1,66,20,2633,793
15um-066-021,1,66,21,2633,833
15um-066-022,1,66,22,2633,873
15um-066-023,1,66,23,2633,913
15um-066-024,1,66,24,2633,953
15um-066-025,1,66,25,2633,993
15um-066-026,1,66,26,2633,1033
15um-066-027,1,66,27,2633,1073
15um-066-028,1,66,28,2633,1113
15um-066-029,1,66,29,2633,1153
15um-066-030,1,66,30,2633,1193
15um-066-031,1,66,31,2633,1233
15um-066-032,1,66,32,2633,1273
15um-066-033,1,66,33,2633,1313
15um-066-034,1,66,34,2633,1353
15um-066-035,1,66,35,2633,1393
15um-066-036,1,66,36,2633,1433
15um-066-037,1,66,37,2633,1473
15um-066-038,1,66,38,2633,1513
15um-066-039,1,66,39,2633,1553
15um-066-040,1,66,40,2633,1593
15um-066-041,1,66,41,2633,1633
15um-066-042,1,66,42,2633,1673
15um-066-043,1,66,43,2633,1713
15um-066-044,1,66,44,2633,1753
15um-066-045,1,66,45,2633,1793
15um-066-046,1,66,46,2633,1833
15um-066-047,1,66,47,2633,1873
15um-066-048,1,66,48,2633,1913
15um-066-049,1,66,49,2633,1953
15um-066-050,1,66,50,2633,1993
15um-066-051,1,66,51,2633,2033
15um-066-052,1,66,52,2633,2073
15um-066-053,1,66,53,2633,2113
15um-066-054,1,66,54,2633,2153
15um-066-055,1,66,55,2633,2193
15um-066-056,1,66,56,2633,2233
15um-066-057,1,66,57,2633,2273
15um-066-058,1,66,58,2633,2313
15um-066-059,1,66,59,2633,2353
15um-066-060,1,66,60,2633,2393
15um-066-061,1,66,61,2633,2433
15um-066-062,1,66,62,2633,2473
15um-066-063,1,66,63,2633,2513
15um-066-064,1,66,64,2633,2553
15um-066-065,1,66,65,2633,2593
15um-066-066,1,66,66,2633,2633
15um-066-067,1,66,67,2633,2673
15um-066-068,1,66,68,2633,2713
15um-066-069,1,66,69,2633,2753
15um-066-070,1,66,70,2633,2793
15um-066-071,1,66,71,2633,2833
15um-066-072,1,66,72,2633,2873
15um-066-073,1,66,73,2633,2913
15um-066-074,1,66,74,2633,2953
15um-066-075,1,66,75,2633,2993
15um-066-076,1,66,76,2633,3033
15um-066-077,1,66,77,2633,3073
15um-066-078,1,66,78,2633,3113
15um-066-079,1,66,79,2633,3153
15um-066-080,1,66,80,2633,3193
15um-066-081,1,66,81,2633,3233
15um-066-082,1,66,82,2633,3273
15um-066-083,1,66,83,2633,3313
15um-066-084,1,66,84,2633,3353
15um-066-085,1,66,85,2633,3393
15um-066-086,1,66,86,2633,3433
15um-066-087,1,66,87,2633,3473
15um-066-088,1,66,88,2633,3513
15um-066-089,1,66,89,2633,3553
15um-066-090,1,66,90,2633,3593
15um-066-091,1,66,91,2633,3633
15um-066-092,1,66,92,2633,3673
15um-066-093,1,66,93,2633,3713
15um-066-094,1,66,94,2633,3753
15um-066-095,1,66,95,2633,3793
15um-066-096,1,66,96,2633,3833
15um-067-001,1,67,1,2673,33
15um-067-002,1,67,2,2673,73
15um-067-003,1,67,3,2673,113
15um-067-004,1,67,4,2673,153
15um-067-005,1,67,5,2673,193
15um-067-006,1,67,6,2673,233
15um-067-007,1,67,7,2673,273
15um-067-008,1,67,8,2673,313
15um-067-009,1,67,9,2673,353
15um-067-010,1,67,10,2673,393
15um-067-011,1,67,11,2673,433
15um-067-012,1,67,12,2673,473
15um-067-013,1,67,13,2673,513
15um-067-014,1,67,14,2673,553
15um-067-015,1,67,15,2673,593
15um-067-016,1,67,16,2673,633
15um-067-017,1,67,17,2673,673
15um-067-018,1,67,18,2673,713
15um-067-019,1,67,19,2673,753
15um-067-020,1,67,20,2673,793
15um-067-021,1,67,21,2673,833
15um-067-022,1,67,22,2673,873
15um-067-023,1,67,23,2673,913
15um-067-024,1,67,24,2673,953
15um-067-025,1,67,25,2673,993
15um-067-026,1,67,26,2673,1033
15um-067-027,1,67,27,2673,1073
15um-067-028,1,67,28,2673,1113
15um-067-029,1,67,29,2673,1153
15um-067-030,1,67,30,2673,1193
15um-067-031,1,67,31,2673,1233
15um-067-032,1,67,32,2673,1273
15um-067-033,1,67,33,2673,1313
15um-067-034,1,67,34,2673,1353
15um-067-035,1,67,35,2673,1393
15um-067-036,1,67,36,2673,1433
15um-067-037,1,67,37,2673,1473
15um-067-038,1,67,38,2673,1513
15um-067-039,1,67,39,2673,1553
15um-067-040,1,67,40,2673,1593
15um-067-041,1,67,41,2673,1633
15um-067-042,1,67,42,2673,1673
15um-067-043,1,67,43,2673,1713
15um-067-044,1,67,44,2673,1753
15um-067-045,1,67,45,2673,1793
15um-067-046,1,67,46,2673,1833
15um-067-047,1,67,47,2673,1873
15um-067-048,1,67,48,2673,1913
15um-067-049,1,67,49,2673,1953
15um-067-050,1,67,50,2673,1993
15um-067-051,1,67,51,2673,2033
15um-067-052,1,67,52,2673,2073
15um-067-053,1,67,53,2673,2113
15um-067-054,1,67,54,2673,2153
15um-067-055,1,67,55,2673,2193
15um-067-056,1,67,56,2673,2233
15um-067-057,1,67,57,2673,2273
15um-067-058,1,67,58,2673,2313
15um-067-059,1,67,59,2673,2353
15um-067-060,1,67,60,2673,2393
15um-067-061,1,67,61,2673,2433
15um-067-062,1,67,62,2673,2473
15um-067-063,1,67,63,2673,2513
15um-067-064,1,67,64,2673,2553
15um-067-065,1,67,65,2673,2593
15um-067-066,1,67,66,2673,2633
15um-067-067,1,67,67,2673,2673
15um-067-068,1,67,68,2673,2713
15um-067-069,1,67,69,2673,2753
15um-067-070,1,67,70,2673,2793
15um-067-071,1,67,71,2673,2833
15um-067-072,1,67,72,2673,2873
15um-067-073,1,67,73,2673,2913
15um-067-074,1,67,74,2673,2953
15um-067-075,1,67,75,2673,2993
15um-067-076,1,67,76,2673,3033
15um-067-077,1,67,77,2673,3073
15um-067-078,1,67,78,2673,3113
15um-067-079,1,67,79,2673,3153
15um-067-080,1,67,80,2673,3193
15um-067-081,1,67,81,2673,3233
15um-067-082,1,67,82,2673,3273
15um-067-083,1,67,83,2673,3313
15um-067-084,1,67,84,2673,3353
15um-067-085,1,67,85,2673,3393
15um-067-086,1,67,86,2673,3433
15um-067-087,1,67,87,2673,3473
15um-067-088,1,67,88,2673,3513
15um-067-089,1,67,89,2673,3553
15um-067-090,1,67,90,2673,3593
15um-067-091,1,67,91,2673,3633
15um-067-092,1,67,92,2673,3673
15um-067-093,1,67,93,2673,3713
15um-067-094,1,67,94,2673,3753
15um-067-095,1,67,95,2673,3793
15um-067-096,1,67,96,2673,3833
15um-068-001,1,68,1,2713,33
15um-068-002,1,68,2,2713,73
15um-068-003,1,68,3,2713,113
15um-068-004,1,68,4,2713,153
15um-068-005,1,68,5,2713,193
15um-068-006,1,68,6,2713,233
15um-068-007,1,68,7,2713,273
15um-068-008,1,68,8,2713,313
15um-068-009,1,68,9,2713,353
15um-068-010,1,68,10,2713,393
15um-068-011,1,68,11,2713,433
15um-068-012,1,68,12,2713,473
15um-068-013,1,68,13,2713,513
15um-068-014,1,68,14,2713,553
15um-068-015,1,68,15,2713,593
15um-068-016,1,68,16,2713,633
15um-068-017,1,68,17,2713,673
15um-068-018,1,68,18,2713,713
15um-068-019,1,68,19,2713,753
15um-068-020,1,68,20,2713,793
15um-068-021,1,68,21,2713,833
15um-068-022,1,68,22,2713,873
15um-068-023,1,68,23,2713,913
15um-068-024,1,68,24,2713,953
15um-068-025,1,68,25,2713,993
15um-068-026,1,68,26,2713,1033
15um-068-027,1,68,27,2713,1073
15um-068-028,1,68,28,2713,1113
15um-068-029,1,68,29,2713,1153
15um-068-030,1,68,30,2713,1193
15um-068-031,1,68,31,2713,1233
15um-068-032,1,68,32,2713,1273
15um-068-033,1,68,33,2713,1313
15um-068-034,1,68,34,2713,1353
15um-068-035,1,68,35,2713,1393
15um-068-036,1,68,36,2713,1433
15um-068-037,1,68,37,2713,1473
15um-068-038,1,68,38,2713,1513
15um-068-039,1,68,39,2713,1553
15um-068-040,1,68,40,2713,1593
15um-068-041,1,68,41,2713,1633
15um-068-042,1,68,42,2713,1673
15um-068-043,1,68,43,2713,1713
15um-068-044,1,68,44,2713,1753
15um-068-045,1,68,45,2713,1793
15um-068-046,1,68,46,2713,1833
15um-068-047,1,68,47,2713,1873
15um-068-048,1,68,48,2713,1913
15um-068-049,1,68,49,2713,1953
15um-068-050,1,68,50,2713,1993
15um-068-051,1,68,51,2713,2033
15um-068-052,1,68,52,2713,2073
15um-068-053,1,68,53,2713,2113
15um-068-054,1,68,54,2713,2153
15um-068-055,1,68,55,2713,2193
15um-068-056,1,68,56,2713,2233
15um-068-057,1,68,57,2713,2273
15um-068-058,1,68,58,2713,2313
15um-068-059,1,68,59,2713,2353
15um-068-060,1,68,60,2713,2393
15um-068-061,1,68,61,2713,2433
15um-068-062,1,68,62,2713,2473
15um-068-063,1,68,63,2713,2513
15um-068-064,1,68,64,2713,2553
15um-068-065,1,68,65,2713,2593
15um-068-066,1,68,66,2713,2633
15um-068-067,1,68,67,2713,2673
15um-068-068,1,68,68,2713,2713
15um-068-069,1,68,69,2713,2753
15um-068-070,1,68,70,2713,2793
15um-068-071,1,68,71,2713,2833
15um-068-072,1,68,72,2713,2873
15um-068-073,1,68,73,2713,2913
15um-068-074,1,68,74,2713,2953
15um-068-075,1,68,75,2713,2993
15um-068-076,1,68,76,2713,3033
15um-068-077,1,68,77,2713,3073
15um-068-078,1,68,78,2713,3113
15um-068-079,1,68,79,2713,3153
15um-068-080,1,68,80,2713,3193
15um-068-081,1,68,81,2713,3233
15um-068-082,1,68,82,2713,3273
15um-068-083,1,68,83,2713,3313
15um-068-084,1,68,84,2713,3353
15um-068-085,1,68,85,2713,3393
15um-068-086,1,68,86,2713,3433
15um-068-087,1,68,87,2713,3473
15um-068-088,1,68,88,2713,3513
15um-068-089,1,68,89,2713,3553
15um-068-090,1,68,90,2713,3593
15um-068-091,1,68,91,2713,3633
15um-068-092,1,68,92,2713,3673
15um-068-093,1,68,93,2713,3713
15um-068-094,1,68,94,2713,3753
15um-068-095,1,68,95,2713,3793
15um-068-096,1,68,96,2713,3833
15um-069-001,1,69,1,2753,33
15um-069-002,1,69,2,2753,73
15um-069-003,1,69,3,2753,113
15um-069-004,1,69,4,2753,153
15um-069-005,1,69,5,2753,193
15um-069-006,1,69,6,2753,233
15um-069-007,1,69,7,2753,273
15um-069-008,1,69,8,2753,313
15um-069-009,1,69,9,2753,353
15um-069-010,1,69,10,2753,393
15um-069-011,1,69,11,2753,433
15um-069-012,1,69,12,2753,473
15um-069-013,1,69,13,2753,513
15um-069-014,1,69,14,2753,553
15um-069-015,1,69,15,2753,593
15um-069-016,1,69,16,2753,633
15um-069-017,1,69,17,2753,673
15um-069-018,1,69,18,2753,713
15um-069-019,1,69,19,2753,753
15um-069-020,1,69,20,2753,793
15um-069-021,1,69,21,2753,833
15um-069-022,1,69,22,2753,873
15um-069-023,1,69,23,2753,913
15um-069-024,1,69,24,2753,953
15um-069-025,1,69,25,2753,993
15um-069-026,1,69,26,2753,1033
15um-069-027,1,69,27,2753,1073
15um-069-028,1,69,28,2753,1113
15um-069-029,1,69,29,2753,1153
15um-069-030,1,69,30,2753,1193
15um-069-031,1,69,31,2753,1233
15um-069-032,1,69,32,2753,1273
15um-069-033,1,69,33,2753,1313
15um-069-034,1,69,34,2753,1353
15um-069-035,1,69,35,2753,1393
15um-069-036,1,69,36,2753,1433
15um-069-037,1,69,37,2753,1473
15um-069-038,1,69,38,2753,1513
15um-069-039,1,69,39,2753,1553
15um-069-040,1,69,40,2753,1593
15um-069-041,1,69,41,2753,1633
15um-069-042,1,69,42,2753,1673
15um-069-043,1,69,43,2753,1713
15um-069-044,1,69,44,2753,1753
15um-069-045,1,69,45,2753,1793
15um-069-046,1,69,46,2753,1833
15um-069-047,1,69,47,2753,1873
15um-069-048,1,69,48,2753,1913
15um-069-049,1,69,49,2753,1953
15um-069-050,1,69,50,2753,1993
15um-069-051,1,69,51,2753,2033
15um-069-052,1,69,52,2753,2073
15um-069-053,1,69,53,2753,2113
15um-069-054,1,69,54,2753,2153
15um-069-055,1,69,55,2753,2193
15um-069-056,1,69,56,2753,2233
15um-069-057,1,69,57,2753,2273
15um-069-058,1,69,58,2753,2313
15um-069-059,1,69,59,2753,2353
15um-069-060,1,69,60,2753,2393
15um-069-061,1,69,61,2753,2433
15um-069-062,1,69,62,2753,2473
15um-069-063,1,69,63,2753,2513
15um-069-064,1,69,64,2753,2553
15um-069-065,1,69,65,2753,2593
15um-069-066,1,69,66,2753,2633
15um-069-067,1,69,67,2753,2673
15um-069-068,1,69,68,2753,2713
15um-069-069,1,69,69,2753,2753
15um-069-070,1,69,70,2753,2793
15um-069-071,1,69,71,2753,2833
15um-069-072,1,69,72,2753,2873
15um-069-073,1,69,73,2753,2913
15um-069-074,1,69,74,2753,2953
15um-069-075,1,69,75,2753,2993
15um-069-076,1,69,76,2753,3033
15um-069-077,1,69,77,2753,3073
15um-069-078,1,69,78,2753,3113
15um-069-079,1,69,79,2753,3153
15um-069-080,1,69,80,2753,3193
15um-069-081,1,69,81,2753,3233
15um-069-082,1,69,82,2753,3273
15um-069-083,1,69,83,2753,3313
15um-069-084,1,69,84,2753,3353
15um-069-085,1,69,85,2753,3393
15um-069-086,1,69,86,2753,3433
15um-069-087,1,69,87,2753,3473
15um-069-088,1,69,88,2753,3513
15um-069-089,1,69,89,2753,3553
15um-069-090,1,69,90,2753,3593
15um-069-091,1,69,91,2753,3633
15um-069-092,1,69,92,2753,3673
15um-069-093,1,69,93,2753,3713
15um-069-094,1,69,94,2753,3753
15um-069-095,1,69,95,2753,3793
15um-069-096,1,69,96,2753,3833
15um-070-001,1,70,1,2793,33
15um-070-002,1,70,2,2793,73
15um-070-003,1,70,3,2793,113
15um-070-004,1,70,4,2793,153
15um-070-005,1,70,5,2793,193
15um-070-006,1,70,6,2793,233
15um-070-007,1,70,7,2793,273
15um-070-008,1,70,8,2793,313
15um-070-009,1,70,9,2793,353
15um-070-010,1,70,10,2793,393
15um-070-011,1,70,11,2793,433
15um-070-012,1,70,12,2793,473
15um-070-013,1,70,13,2793,513
15um-070-014,1,70,14,2793,553
15um-070-015,1,70,15,2793,593
15um-070-016,1,70,16,2793,633
15um-070-017,1,70,17,2793,673
15um-070-018,1,70,18,2793,713
15um-070-019,1,70,19,2793,753
15um-070-020,1,70,20,2793,793
15um-070-021,1,70,21,2793,833
15um-070-022,1,70,22,2793,873
15um-070-023,1,70,23,2793,913
15um-070-024,1,70,24,2793,953
15um-070-025,1,70,25,2793,993
15um-070-026,1,70,26,2793,1033
15um-070-027,1,70,27,2793,1073
15um-070-028,1,70,28,2793,1113
15um-070-029,1,70,29,2793,1153
15um-070-030,1,70,30,2793,1193
15um-070-031,1,70,31,2793,1233
15um-070-032,1,70,32,2793,1273
15um-070-033,1,70,33,2793,1313
15um-070-034,1,70,34,2793,1353
15um-070-035,1,70,35,2793,1393
15um-070-036,1,70,36,2793,1433
15um-070-037,1,70,37,2793,1473
15um-070-038,1,70,38,2793,1513
15um-070-039,1,70,39,2793,1553
15um-070-040,1,70,40,2793,1593
15um-070-041,1,70,41,2793,1633
15um-070-042,1,70,42,2793,1673
15um-070-043,1,70,43,2793,1713
15um-070-044,1,70,44,2793,1753
15um-070-045,1,70,45,2793,1793
15um-070-046,1,70,46,2793,1833
15um-070-047,1,70,47,2793,1873
15um-070-048,1,70,48,2793,1913
15um-070-049,1,70,49,2793,1953
15um-070-050,1,70,50,2793,1993
15um-070-051,1,70,51,2793,2033
15um-070-052,1,70,52,2793,2073
15um-070-053,1,70,53,2793,2113
15um-070-054,1,70,54,2793,2153
15um-070-055,1,70,55,2793,2193
15um-070-056,1,70,56,2793,2233
15um-070-057,1,70,57,2793,2273
15um-070-058,1,70,58,2793,2313
15um-070-059,1,70,59,2793,2353
15um-070-060,1,70,60,2793,2393
15um-070-061,1,70,61,2793,2433
15um-070-062,1,70,62,2793,2473
15um-070-063,1,70,63,2793,2513
15um-070-064,1,70,64,2793,2553
15um-070-065,1,70,65,2793,2593
15um-070-066,1,70,66,2793,2633
15um-070-067,1,70,67,2793,2673
15um-070-068,1,70,68,2793,2713
15um-070-069,1,70,69,2793,2753
15um-070-070,1,70,70,2793,2793
15um-070-071,1,70,71,2793,2833
15um-070-072,1,70,72,2793,2873
15um-070-073,1,70,73,2793,2913
15um-070-074,1,70,74,2793,2953
15um-070-075,1,70,75,2793,2993
15um-070-076,1,70,76,2793,3033
15um-070-077,1,70,77,2793,3073
15um-070-078,1,70,78,2793,3113
15um-070-079,1,70,79,2793,3153
15um-070-080,1,70,80,2793,3193
15um-070-081,1,70,81,2793,3233
15um-070-082,1,70,82,2793,3273
15um-070-083,1,70,83,2793,3313
15um-070-084,1,70,84,2793,3353
15um-070-085,1,70,85,2793,3393
15um-070-086,1,70,86,2793,3433
15um-070-087,1,70,87,2793,3473
15um-070-088,1,70,88,2793,3513
15um-070-089,1,70,89,2793,3553
15um-070-090,1,70,90,2793,3593
15um-070-091,1,70,91,2793,3633
15um-070-092,1,70,92,2793,3673
15um-070-093,1,70,93,2793,3713
15um-070-094,1,70,94,2793,3753
15um-070-095,1,70,95,2793,3793
15um-070-096,1,70,96,2793,3833
15um-071-001,1,71,1,2833,33
15um-071-002,1,71,2,2833,73
15um-071-003,1,71,3,2833,113
15um-071-004,1,71,4,2833,153
15um-071-005,1,71,5,2833,193
15um-071-006,1,71,6,2833,233
15um-071-007,1,71,7,2833,273
15um-071-008,1,71,8,2833,313
15um-071-009,1,71,9,2833,353
15um-071-010,1,71,10,2833,393
15um-071-011,1,71,11,2833,433
15um-071-012,1,71,12,2833,473
15um-071-013,1,71,13,2833,513
15um-071-014,1,71,14,2833,553
15um-071-015,1,71,15,2833,593
15um-071-016,1,71,16,2833,633
15um-071-017,1,71,17,2833,673
15um-071-018,1,71,18,2833,713
15um-071-019,1,71,19,2833,753
15um-071-020,1,71,20,2833,793
15um-071-021,1,71,21,2833,833
15um-071-022,1,71,22,2833,873
15um-071-023,1,71,23,2833,913
15um-071-024,1,71,24,2833,953
15um-071-025,1,71,25,2833,993
15um-071-026,1,71,26,2833,1033
15um-071-027,1,71,27,2833,1073
15um-071-028,1,71,28,2833,1113
15um-071-029,1,71,29,2833,1153
15um-071-030,1,71,30,2833,1193
15um-071-031,1,71,31,2833,1233
15um-071-032,1,71,32,2833,1273
15um-071-033,1,71,33,2833,1313
15um-071-034,1,71,34,2833,1353
15um-071-035,1,71,35,2833,1393
15um-071-036,1,71,36,2833,1433
15um-071-037,1,71,37,2833,1473
15um-071-038,1,71,38,2833,1513
15um-071-039,1,71,39,2833,1553
15um-071-040,1,71,40,2833,1593
15um-071-041,1,71,41,2833,1633
15um-071-042,1,71,42,2833,1673
15um-071-043,1,71,43,2833,1713
15um-071-044,1,71,44,2833,1753
15um-071-045,1,71,45,2833,1793
15um-071-046,1,71,46,2833,1833
15um-071-047,1,71,47,2833,1873
15um-071-048,1,71,48,2833,1913
15um-071-049,1,71,49,2833,1953
15um-071-050,1,71,50,2833,1993
15um-071-051,1,71,51,2833,2033
15um-071-052,1,71,52,2833,2073
15um-071-053,1,71,53,2833,2113
15um-071-054,1,71,54,2833,2153
15um-071-055,1,71,55,2833,2193
15um-071-056,1,71,56,2833,2233
15um-071-057,1,71,57,2833,2273
15um-071-058,1,71,58,2833,2313
15um-071-059,1,71,59,2833,2353
15um-071-060,1,71,60,2833,2393
15um-071-061,1,71,61,2833,2433
15um-071-062,1,71,62,2833,2473
15um-071-063,1,71,63,2833,2513
15um-071-064,1,71,64,2833,2553
15um-071-065,1,71,65,2833,2593
15um-071-066,1,71,66,2833,2633
15um-071-067,1,71,67,2833,2673
15um-071-068,1,71,68,2833,2713
15um-071-069,1,71,69,2833,2753
15um-071-070,1,71,70,2833,2793
15um-071-071,1,71,71,2833,2833
15um-071-072,1,71,72,2833,2873
15um-071-073,1,71,73,2833,2913
15um-071-074,1,71,74,2833,2953
15um-071-075,1,71,75,2833,2993
15um-071-076,1,71,76,2833,3033
15um-071-077,1,71,77,2833,3073
15um-071-078,1,71,78,2833,3113
15um-071-079,1,71,79,2833,3153
15um-071-080,1,71,80,2833,3193
15um-071-081,1,71,81,2833,3233
15um-071-082,1,71,82,2833,3273
15um-071-083,1,71,83,2833,3313
15um-071-084,1,71,84,2833,3353
15um-071-085,1,71,85,2833,3393
15um-071-086,1,71,86,2833,3433
15um-071-087,1,71,87,2833,3473
15um-071-088,1,71,88,2833,3513
15um-071-089,1,71,89,2833,3553
15um-071-090,1,71,90,2833,3593
15um-071-091,1,71,91,2833,3633
15um-071-092,1,71,92,2833,3673
15um-071-093,1,71,93,2833,3713
15um-071-094,1,71,94,2833,3753
15um-071-095,1,71,95,2833,3793
15um-071-096,1,71,96,2833,3833
15um-072-001,1,72,1,2873,33
15um-072-002,1,72,2,2873,73
15um-072-003,1,72,3,2873,113
15um-072-004,1,72,4,2873,153
15um-072-005,1,72,5,2873,193
15um-072-006,1,72,6,2873,233
15um-072-007,1,72,7,2873,273
15um-072-008,1,72,8,2873,313
15um-072-009,1,72,9,2873,353
15um-072-010,1,72,10,2873,393
15um-072-011,1,72,11,2873,433
15um-072-012,1,72,12,2873,473
15um-072-013,1,72,13,2873,513
15um-072-014,1,72,14,2873,553
15um-072-015,1,72,15,2873,593
15um-072-016,1,72,16,2873,633
15um-072-017,1,72,17,2873,673
15um-072-018,1,72,18,2873,713
15um-072-019,1,72,19,2873,753
15um-072-020,1,72,20,2873,793
15um-072-021,1,72,21,2873,833
15um-072-022,1,72,22,2873,873
15um-072-023,1,72,23,2873,913
15um-072-024,1,72,24,2873,953
15um-072-025,1,72,25,2873,993
15um-072-026,1,72,26,2873,1033
15um-072-027,1,72,27,2873,1073
15um-072-028,1,72,28,2873,1113
15um-072-029,1,72,29,2873,1153
15um-072-030,1,72,30,2873,1193
15um-072-031,1,72,31,2873,1233
15um-072-032,1,72,32,2873,1273
15um-072-033,1,72,33,2873,1313
15um-072-034,1,72,34,2873,1353
15um-072-035,1,72,35,2873,1393
15um-072-036,1,72,36,2873,1433
15um-072-037,1,72,37,2873,1473
15um-072-038,1,72,38,2873,1513
15um-072-039,1,72,39,2873,1553
15um-072-040,1,72,40,2873,1593
15um-072-041,1,72,41,2873,1633
15um-072-042,1,72,42,2873,1673
15um-072-043,1,72,43,2873,1713
15um-072-044,1,72,44,2873,1753
15um-072-045,1,72,45,2873,1793
15um-072-046,1,72,46,2873,1833
15um-072-047,1,72,47,2873,1873
15um-072-048,1,72,48,2873,1913
15um-072-049,1,72,49,2873,1953
15um-072-050,1,72,50,2873,1993
15um-072-051,1,72,51,2873,2033
15um-072-052,1,72,52,2873,2073
15um-072-053,1,72,53,2873,2113
15um-072-054,1,72,54,2873,2153
15um-072-055,1,72,55,2873,2193
15um-072-056,1,72,56,2873,2233
15um-072-057,1,72,57,2873,2273
15um-072-058,1,72,58,2873,2313
15um-072-059,1,72,59,2873,2353
15um-072-060,1,72,60,2873,2393
15um-072-061,1,72,61,2873,2433
15um-072-062,1,72,62,2873,2473
15um-072-063,1,72,63,2873,2513
15um-072-064,1,72,64,2873,2553
15um-072-065,1,72,65,2873,2593
15um-072-066,1,72,66,2873,2633
15um-072-067,1,72,67,2873,2673
15um-072-068,1,72,68,2873,2713
15um-072-069,1,72,69,2873,2753
15um-072-070,1,72,70,2873,2793
15um-072-071,1,72,71,2873,2833
15um-072-072,1,72,72,2873,2873
15um-072-073,1,72,73,2873,2913
15um-072-074,1,72,74,2873,2953
15um-072-075,1,72,75,2873,2993
15um-072-076,1,72,76,2873,3033
15um-072-077,1,72,77,2873,3073
15um-072-078,1,72,78,2873,3113
15um-072-079,1,72,79,2873,3153
15um-072-080,1,72,80,2873,3193
15um-072-081,1,72,81,2873,3233
15um-072-082,1,72,82,2873,3273
15um-072-083,1,72,83,2873,3313
15um-072-084,1,72,84,2873,3353
15um-072-085,1,72,85,2873,3393
15um-072-086,1,72,86,2873,3433
15um-072-087,1,72,87,2873,3473
15um-072-088,1,72,88,2873,3513
15um-072-089,1,72,89,2873,3553
15um-072-090,1,72,90,2873,3593
15um-072-091,1,72,91,2873,3633
15um-072-092,1,72,92,2873,3673
15um-072-093,1,72,93,2873,3713
15um-072-094,1,72,94,2873,3753
15um-072-095,1,72,95,2873,3793
15um-072-096,1,72,96,2873,3833
15um-073-001,1,73,1,2913,33
15um-073-002,1,73,2,2913,73
15um-073-003,1,73,3,2913,113
15um-073-004,1,73,4,2913,153
15um-073-005,1,73,5,2913,193
15um-073-006,1,73,6,2913,233
15um-073-007,1,73,7,2913,273
15um-073-008,1,73,8,2913,313
15um-073-009,1,73,9,2913,353
15um-073-010,1,73,10,2913,393
15um-073-011,1,73,11,2913,433
15um-073-012,1,73,12,2913,473
15um-073-013,1,73,13,2913,513
15um-073-014,1,73,14,2913,553
15um-073-015,1,73,15,2913,593
15um-073-016,1,73,16,2913,633
15um-073-017,1,73,17,2913,673
15um-073-018,1,73,18,2913,713
15um-073-019,1,73,19,2913,753
15um-073-020,1,73,20,2913,793
15um-073-021,1,73,21,2913,833
15um-073-022,1,73,22,2913,873
15um-073-023,1,73,23,2913,913
15um-073-024,1,73,24,2913,953
15um-073-025,1,73,25,2913,993
15um-073-026,1,73,26,2913,1033
15um-073-027,1,73,27,2913,1073
15um-073-028,1,73,28,2913,1113
15um-073-029,1,73,29,2913,1153
15um-073-030,1,73,30,2913,1193
15um-073-031,1,73,31,2913,1233
15um-073-032,1,73,32,2913,1273
15um-073-033,1,73,33,2913,1313
15um-073-034,1,73,34,2913,1353
15um-073-035,1,73,35,2913,1393
15um-073-036,1,73,36,2913,1433
15um-073-037,1,73,37,2913,1473
15um-073-038,1,73,38,2913,1513
15um-073-039,1,73,39,2913,1553
15um-073-040,1,73,40,2913,1593
15um-073-041,1,73,41,2913,1633
15um-073-042,1,73,42,2913,1673
15um-073-043,1,73,43,2913,1713
15um-073-044,1,73,44,2913,1753
15um-073-045,1,73,45,2913,1793
15um-073-046,1,73,46,2913,1833
15um-073-047,1,73,47,2913,1873
15um-073-048,1,73,48,2913,1913
15um-073-049,1,73,49,2913,1953
15um-073-050,1,73,50,2913,1993
15um-073-051,1,73,51,2913,2033
15um-073-052,1,73,52,2913,2073
15um-073-053,1,73,53,2913,2113
15um-073-054,1,73,54,2913,2153
15um-073-055,1,73,55,2913,2193
15um-073-056,1,73,56,2913,2233
15um-073-057,1,73,57,2913,2273
15um-073-058,1,73,58,2913,2313
15um-073-059,1,73,59,2913,2353
15um-073-060,1,73,60,2913,2393
15um-073-061,1,73,61,2913,2433
15um-073-062,1,73,62,2913,2473
15um-073-063,1,73,63,2913,2513
15um-073-064,1,73,64,2913,2553
15um-073-065,1,73,65,2913,2593
15um-073-066,1,73,66,2913,2633
15um-073-067,1,73,67,2913,2673
15um-073-068,1,73,68,2913,2713
15um-073-069,1,73,69,2913,2753
15um-073-070,1,73,70,2913,2793
15um-073-071,1,73,71,2913,2833
15um-073-072,1,73,72,2913,2873
15um-073-073,1,73,73,2913,2913
15um-073-074,1,73,74,2913,2953
15um-073-075,1,73,75,2913,2993
15um-073-076,1,73,76,2913,3033
15um-073-077,1,73,77,2913,3073
15um-073-078,1,73,78,2913,3113
15um-073-079,1,73,79,2913,3153
15um-073-080,1,73,80,2913,3193
15um-073-081,1,73,81,2913,3233
15um-073-082,1,73,82,2913,3273
15um-073-083,1,73,83,2913,3313
15um-073-084,1,73,84,2913,3353
15um-073-085,1,73,85,2913,3393
15um-073-086,1,73,86,2913,3433
15um-073-087,1,73,87,2913,3473
15um-073-088,1,73,88,2913,3513
15um-073-089,1,73,89,2913,3553
15um-073-090,1,73,90,2913,3593
15um-073-091,1,73,91,2913,3633
15um-073-092,1,73,92,2913,3673
15um-073-093,1,73,93,2913,3713
15um-073-094,1,73,94,2913,3753
15um-073-095,1,73,95,2913,3793
15um-073-096,1,73,96,2913,3833
15um-074-001,1,74,1,2953,33
15um-074-002,1,74,2,2953,73
15um-074-003,1,74,3,2953,113
15um-074-004,1,74,4,2953,153
15um-074-005,1,74,5,2953,193
15um-074-006,1,74,6,2953,233
15um-074-007,1,74,7,2953,273
15um-074-008,1,74,8,2953,313
15um-074-009,1,74,9,2953,353
15um-074-010,1,74,10,2953,393
15um-074-011,1,74,11,2953,433
15um-074-012,1,74,12,2953,473
15um-074-013,1,74,13,2953,513
15um-074-014,1,74,14,2953,553
15um-074-015,1,74,15,2953,593
15um-074-016,1,74,16,2953,633
15um-074-017,1,74,17,2953,673
15um-074-018,1,74,18,2953,713
15um-074-019,1,74,19,2953,753
15um-074-020,1,74,20,2953,793
15um-074-021,1,74,21,2953,833
15um-074-022,1,74,22,2953,873
15um-074-023,1,74,23,2953,913
15um-074-024,1,74,24,2953,953
15um-074-025,1,74,25,2953,993
15um-074-026,1,74,26,2953,1033
15um-074-027,1,74,27,2953,1073
15um-074-028,1,74,28,2953,1113
15um-074-029,1,74,29,2953,1153
15um-074-030,1,74,30,2953,1193
15um-074-031,1,74,31,2953,1233
15um-074-032,1,74,32,2953,1273
15um-074-033,1,74,33,2953,1313
15um-074-034,1,74,34,2953,1353
15um-074-035,1,74,35,2953,1393
15um-074-036,1,74,36,2953,1433
15um-074-037,1,74,37,2953,1473
15um-074-038,1,74,38,2953,1513
15um-074-039,1,74,39,2953,1553
15um-074-040,1,74,40,2953,1593
15um-074-041,1,74,41,2953,1633
15um-074-042,1,74,42,2953,1673
15um-074-043,1,74,43,2953,1713
15um-074-044,1,74,44,2953,1753
15um-074-045,1,74,45,2953,1793
15um-074-046,1,74,46,2953,1833
15um-074-047,1,74,47,2953,1873
15um-074-048,1,74,48,2953,1913
15um-074-049,1,74,49,2953,1953
15um-074-050,1,74,50,2953,1993
15um-074-051,1,74,51,2953,2033
15um-074-052,1,74,52,2953,2073
15um-074-053,1,74,53,2953,2113
15um-074-054,1,74,54,2953,2153
15um-074-055,1,74,55,2953,2193
15um-074-056,1,74,56,2953,2233
15um-074-057,1,74,57,2953,2273
15um-074-058,1,74,58,2953,2313
15um-074-059,1,74,59,2953,2353
15um-074-060,1,74,60,2953,2393
15um-074-061,1,74,61,2953,2433
15um-074-062,1,74,62,2953,2473
15um-074-063,1,74,63,2953,2513
15um-074-064,1,74,64,2953,2553
15um-074-065,1,74,65,2953,2593
15um-074-066,1,74,66,2953,2633
15um-074-067,1,74,67,2953,2673
15um-074-068,1,74,68,2953,2713
15um-074-069,1,74,69,2953,2753
15um-074-070,1,74,70,2953,2793
15um-074-071,1,74,71,2953,2833
15um-074-072,1,74,72,2953,2873
15um-074-073,1,74,73,2953,2913
15um-074-074,1,74,74,2953,2953
15um-074-075,1,74,75,2953,2993
15um-074-076,1,74,76,2953,3033
15um-074-077,1,74,77,2953,3073
15um-074-078,1,74,78,2953,3113
15um-074-079,1,74,79,2953,3153
15um-074-080,1,74,80,2953,3193
15um-074-081,1,74,81,2953,3233
15um-074-082,1,74,82,2953,3273
15um-074-083,1,74,83,2953,3313
15um-074-084,1,74,84,2953,3353
15um-074-085,1,74,85,2953,3393
15um-074-086,1,74,86,2953,3433
15um-074-087,1,74,87,2953,3473
15um-074-088,1,74,88,2953,3513
15um-074-089,1,74,89,2953,3553
15um-074-090,1,74,90,2953,3593
15um-074-091,1,74,91,2953,3633
15um-074-092,1,74,92,2953,3673
15um-074-093,1,74,93,2953,3713
15um-074-094,1,74,94,2953,3753
15um-074-095,1,74,95,2953,3793
15um-074-096,1,74,96,2953,3833
15um-075-001,1,75,1,2993,33
15um-075-002,1,75,2,2993,73
15um-075-003,1,75,3,2993,113
15um-075-004,1,75,4,2993,153
15um-075-005,1,75,5,2993,193
15um-075-006,1,75,6,2993,233
15um-075-007,1,75,7,2993,273
15um-075-008,1,75,8,2993,313
15um-075-009,1,75,9,2993,353
15um-075-010,1,75,10,2993,393
15um-075-011,1,75,11,2993,433
15um-075-012,1,75,12,2993,473
15um-075-013,1,75,13,2993,513
15um-075-014,1,75,14,2993,553
15um-075-015,1,75,15,2993,593
15um-075-016,1,75,16,2993,633
15um-075-017,1,75,17,2993,673
15um-075-018,1,75,18,2993,713
15um-075-019,1,75,19,2993,753
15um-075-020,1,75,20,2993,793
15um-075-021,1,75,21,2993,833
15um-075-022,1,75,22,2993,873
15um-075-023,1,75,23,2993,913
15um-075-024,1,75,24,2993,953
15um-075-025,1,75,25,2993,993
15um-075-026,1,75,26,2993,1033
15um-075-027,1,75,27,2993,1073
15um-075-028,1,75,28,2993,1113
15um-075-029,1,75,29,2993,1153
15um-075-030,1,75,30,2993,1193
15um-075-031,1,75,31,2993,1233
15um-075-032,1,75,32,2993,1273
15um-075-033,1,75,33,2993,1313
15um-075-034,1,75,34,2993,1353
15um-075-035,1,75,35,2993,1393
15um-075-036,1,75,36,2993,1433
15um-075-037,1,75,37,2993,1473
15um-075-038,1,75,38,2993,1513
15um-075-039,1,75,39,2993,1553
15um-075-040,1,75,40,2993,1593
15um-075-041,1,75,41,2993,1633
15um-075-042,1,75,42,2993,1673
15um-075-043,1,75,43,2993,1713
15um-075-044,1,75,44,2993,1753
15um-075-045,1,75,45,2993,1793
15um-075-046,1,75,46,2993,1833
15um-075-047,1,75,47,2993,1873
15um-075-048,1,75,48,2993,1913
15um-075-049,1,75,49,2993,1953
15um-075-050,1,75,50,2993,1993
15um-075-051,1,75,51,2993,2033
15um-075-052,1,75,52,2993,2073
15um-075-053,1,75,53,2993,2113
15um-075-054,1,75,54,2993,2153
15um-075-055,1,75,55,2993,2193
15um-075-056,1,75,56,2993,2233
15um-075-057,1,75,57,2993,2273
15um-075-058,1,75,58,2993,2313
15um-075-059,1,75,59,2993,2353
15um-075-060,1,75,60,2993,2393
15um-075-061,1,75,61,2993,2433
15um-075-062,1,75,62,2993,2473
15um-075-063,1,75,63,2993,2513
15um-075-064,1,75,64,2993,2553
15um-075-065,1,75,65,2993,2593
15um-075-066,1,75,66,2993,2633
15um-075-067,1,75,67,2993,2673
15um-075-068,1,75,68,2993,2713
15um-075-069,1,75,69,2993,2753
15um-075-070,1,75,70,2993,2793
15um-075-071,1,75,71,2993,2833
15um-075-072,1,75,72,2993,2873
15um-075-073,1,75,73,2993,2913
15um-075-074,1,75,74,2993,2953
15um-075-075,1,75,75,2993,2993
15um-075-076,1,75,76,2993,3033
15um-075-077,1,75,77,2993,3073
15um-075-078,1,75,78,2993,3113
15um-075-079,1,75,79,2993,3153
15um-075-080,1,75,80,2993,3193
15um-075-081,1,75,81,2993,3233
15um-075-082,1,75,82,2993,3273
15um-075-083,1,75,83,2993,3313
15um-075-084,1,75,84,2993,3353
15um-075-085,1,75,85,2993,3393
15um-075-086,1,75,86,2993,3433
15um-075-087,1,75,87,2993,3473
15um-075-088,1,75,88,2993,3513
15um-075-089,1,75,89,2993,3553
15um-075-090,1,75,90,2993,3593
15um-075-091,1,75,91,2993,3633
15um-075-092,1,75,92,2993,3673
15um-075-093,1,75,93,2993,3713
15um-075-094,1,75,94,2993,3753
15um-075-095,1,75,95,2993,3793
15um-075-096,1,75,96,2993,3833
15um-076-001,1,76,1,3033,33
15um-076-002,1,76,2,3033,73
15um-076-003,1,76,3,3033,113
15um-076-004,1,76,4,3033,153
15um-076-005,1,76,5,3033,193
15um-076-006,1,76,6,3033,233
15um-076-007,1,76,7,3033,273
15um-076-008,1,76,8,3033,313
15um-076-009,1,76,9,3033,353
15um-076-010,1,76,10,3033,393
15um-076-011,1,76,11,3033,433
15um-076-012,1,76,12,3033,473
15um-076-013,1,76,13,3033,513
15um-076-014,1,76,14,3033,553
15um-076-015,1,76,15,3033,593
15um-076-016,1,76,16,3033,633
15um-076-017,1,76,17,3033,673
15um-076-018,1,76,18,3033,713
15um-076-019,1,76,19,3033,753
15um-076-020,1,76,20,3033,793
15um-076-021,1,76,21,3033,833
15um-076-022,1,76,22,3033,873
15um-076-023,1,76,23,3033,913
15um-076-024,1,76,24,3033,953
15um-076-025,1,76,25,3033,993
15um-076-026,1,76,26,3033,1033
15um-076-027,1,76,27,3033,1073
15um-076-028,1,76,28,3033,1113
15um-076-029,1,76,29,3033,1153
15um-076-030,1,76,30,3033,1193
15um-076-031,1,76,31,3033,1233
15um-076-032,1,76,32,3033,1273
15um-076-033,1,76,33,3033,1313
15um-076-034,1,76,34,3033,1353
15um-076-035,1,76,35,3033,1393
15um-076-036,1,76,36,3033,1433
15um-076-037,1,76,37,3033,1473
15um-076-038,1,76,38,3033,1513
15um-076-039,1,76,39,3033,1553
15um-076-040,1,76,40,3033,1593
15um-076-041,1,76,41,3033,1633
15um-076-042,1,76,42,3033,1673
15um-076-043,1,76,43,3033,1713
15um-076-044,1,76,44,3033,1753
15um-076-045,1,76,45,3033,1793
15um-076-046,1,76,46,3033,1833
15um-076-047,1,76,47,3033,1873
15um-076-048,1,76,48,3033,1913
15um-076-049,1,76,49,3033,1953
15um-076-050,1,76,50,3033,1993
15um-076-051,1,76,51,3033,2033
15um-076-052,1,76,52,3033,2073
15um-076-053,1,76,53,3033,2113
15um-076-054,1,76,54,3033,2153
15um-076-055,1,76,55,3033,2193
15um-076-056,1,76,56,3033,2233
15um-076-057,1,76,57,3033,2273
15um-076-058,1,76,58,3033,2313
15um-076-059,1,76,59,3033,2353
15um-076-060,1,76,60,3033,2393
15um-076-061,1,76,61,3033,2433
15um-076-062,1,76,62,3033,2473
15um-076-063,1,76,63,3033,2513
15um-076-064,1,76,64,3033,2553
15um-076-065,1,76,65,3033,2593
15um-076-066,1,76,66,3033,2633
15um-076-067,1,76,67,3033,2673
15um-076-068,1,76,68,3033,2713
15um-076-069,1,76,69,3033,2753
15um-076-070,1,76,70,3033,2793
15um-076-071,1,76,71,3033,2833
15um-076-072,1,76,72,3033,2873
15um-076-073,1,76,73,3033,2913
15um-076-074,1,76,74,3033,2953
15um-076-075,1,76,75,3033,2993
15um-076-076,1,76,76,3033,3033
15um-076-077,1,76,77,3033,3073
15um-076-078,1,76,78,3033,3113
15um-076-079,1,76,79,3033,3153
15um-076-080,1,76,80,3033,3193
15um-076-081,1,76,81,3033,3233
15um-076-082,1,76,82,3033,3273
15um-076-083,1,76,83,3033,3313
15um-076-084,1,76,84,3033,3353
15um-076-085,1,76,85,3033,3393
15um-076-086,1,76,86,3033,3433
15um-076-087,1,76,87,3033,3473
15um-076-088,1,76,88,3033,3513
15um-076-089,1,76,89,3033,3553
15um-076-090,1,76,90,3033,3593
15um-076-091,1,76,91,3033,3633
15um-076-092,1,76,92,3033,3673
15um-076-093,1,76,93,3033,3713
15um-076-094,1,76,94,3033,3753
15um-076-095,1,76,95,3033,3793
15um-076-096,1,76,96,3033,3833
15um-077-001,1,77,1,3073,33
15um-077-002,1,77,2,3073,73
15um-077-003,1,77,3,3073,113
15um-077-004,1,77,4,3073,153
15um-077-005,1,77,5,3073,193
15um-077-006,1,77,6,3073,233
15um-077-007,1,77,7,3073,273
15um-077-008,1,77,8,3073,313
15um-077-009,1,77,9,3073,353
15um-077-010,1,77,10,3073,393
15um-077-011,1,77,11,3073,433
15um-077-012,1,77,12,3073,473
15um-077-013,1,77,13,3073,513
15um-077-014,1,77,14,3073,553
15um-077-015,1,77,15,3073,593
15um-077-016,1,77,16,3073,633
15um-077-017,1,77,17,3073,673
15um-077-018,1,77,18,3073,713
15um-077-019,1,77,19,3073,753
15um-077-020,1,77,20,3073,793
15um-077-021,1,77,21,3073,833
15um-077-022,1,77,22,3073,873
15um-077-023,1,77,23,3073,913
15um-077-024,1,77,24,3073,953
15um-077-025,1,77,25,3073,993
15um-077-026,1,77,26,3073,1033
15um-077-027,1,77,27,3073,1073
15um-077-028,1,77,28,3073,1113
15um-077-029,1,77,29,3073,1153
15um-077-030,1,77,30,3073,1193
15um-077-031,1,77,31,3073,1233
15um-077-032,1,77,32,3073,1273
15um-077-033,1,77,33,3073,1313
15um-077-034,1,77,34,3073,1353
15um-077-035,1,77,35,3073,1393
15um-077-036,1,77,36,3073,1433
15um-077-037,1,77,37,3073,1473
15um-077-038,1,77,38,3073,1513
15um-077-039,1,77,39,3073,1553
15um-077-040,1,77,40,3073,1593
15um-077-041,1,77,41,3073,1633
15um-077-042,1,77,42,3073,1673
15um-077-043,1,77,43,3073,1713
15um-077-044,1,77,44,3073,1753
15um-077-045,1,77,45,3073,1793
15um-077-046,1,77,46,3073,1833
15um-077-047,1,77,47,3073,1873
15um-077-048,1,77,48,3073,1913
15um-077-049,1,77,49,3073,1953
15um-077-050,1,77,50,3073,1993
15um-077-051,1,77,51,3073,2033
15um-077-052,1,77,52,3073,2073
15um-077-053,1,77,53,3073,2113
15um-077-054,1,77,54,3073,2153
15um-077-055,1,77,55,3073,2193
15um-077-056,1,77,56,3073,2233
15um-077-057,1,77,57,3073,2273
15um-077-058,1,77,58,3073,2313
15um-077-059,1,77,59,3073,2353
15um-077-060,1,77,60,3073,2393
15um-077-061,1,77,61,3073,2433
15um-077-062,1,77,62,3073,2473
15um-077-063,1,77,63,3073,2513
15um-077-064,1,77,64,3073,2553
15um-077-065,1,77,65,3073,2593
15um-077-066,1,77,66,3073,2633
15um-077-067,1,77,67,3073,2673
15um-077-068,1,77,68,3073,2713
15um-077-069,1,77,69,3073,2753
15um-077-070,1,77,70,3073,2793
15um-077-071,1,77,71,3073,2833
15um-077-072,1,77,72,3073,2873
15um-077-073,1,77,73,3073,2913
15um-077-074,1,77,74,3073,2953
15um-077-075,1,77,75,3073,2993
15um-077-076,1,77,76,3073,3033
15um-077-077,1,77,77,3073,3073
15um-077-078,1,77,78,3073,3113
15um-077-079,1,77,79,3073,3153
15um-077-080,1,77,80,3073,3193
15um-077-081,1,77,81,3073,3233
15um-077-082,1,77,82,3073,3273
15um-077-083,1,77,83,3073,3313
15um-077-084,1,77,84,3073,3353
15um-077-085,1,77,85,3073,3393
15um-077-086,1,77,86,3073,3433
15um-077-087,1,77,87,3073,3473
15um-077-088,1,77,88,3073,3513
15um-077-089,1,77,89,3073,3553
15um-077-090,1,77,90,3073,3593
15um-077-091,1,77,91,3073,3633
15um-077-092,1,77,92,3073,3673
15um-077-093,1,77,93,3073,3713
15um-077-094,1,77,94,3073,3753
15um-077-095,1,77,95,3073,3793
15um-077-096,1,77,96,3073,3833
15um-078-001,1,78,1,3113,33
15um-078-002,1,78,2,3113,73
15um-078-003,1,78,3,3113,113
15um-078-004,1,78,4,3113,153
15um-078-005,1,78,5,3113,193
15um-078-006,1,78,6,3113,233
15um-078-007,1,78,7,3113,273
15um-078-008,1,78,8,3113,313
15um-078-009,1,78,9,3113,353
15um-078-010,1,78,10,3113,393
15um-078-011,1,78,11,3113,433
15um-078-012,1,78,12,3113,473
15um-078-013,1,78,13,3113,513
15um-078-014,1,78,14,3113,553
15um-078-015,1,78,15,3113,593
15um-078-016,1,78,16,3113,633
15um-078-017,1,78,17,3113,673
15um-078-018,1,78,18,3113,713
15um-078-019,1,78,19,3113,753
15um-078-020,1,78,20,3113,793
15um-078-021,1,78,21,3113,833
15um-078-022,1,78,22,3113,873
15um-078-023,1,78,23,3113,913
15um-078-024,1,78,24,3113,953
15um-078-025,1,78,25,3113,993
15um-078-026,1,78,26,3113,1033
15um-078-027,1,78,27,3113,1073
15um-078-028,1,78,28,3113,1113
15um-078-029,1,78,29,3113,1153
15um-078-030,1,78,30,3113,1193
15um-078-031,1,78,31,3113,1233
15um-078-032,1,78,32,3113,1273
15um-078-033,1,78,33,3113,1313
15um-078-034,1,78,34,3113,1353
15um-078-035,1,78,35,3113,1393
15um-078-036,1,78,36,3113,1433
15um-078-037,1,78,37,3113,1473
15um-078-038,1,78,38,3113,1513
15um-078-039,1,78,39,3113,1553
15um-078-040,1,78,40,3113,1593
15um-078-041,1,78,41,3113,1633
15um-078-042,1,78,42,3113,1673
15um-078-043,1,78,43,3113,1713
15um-078-044,1,78,44,3113,1753
15um-078-045,1,78,45,3113,1793
15um-078-046,1,78,46,3113,1833
15um-078-047,1,78,47,3113,1873
15um-078-048,1,78,48,3113,1913
15um-078-049,1,78,49,3113,1953
15um-078-050,1,78,50,3113,1993
15um-078-051,1,78,51,3113,2033
15um-078-052,1,78,52,3113,2073
15um-078-053,1,78,53,3113,2113
15um-078-054,1,78,54,3113,2153
15um-078-055,1,78,55,3113,2193
15um-078-056,1,78,56,3113,2233
15um-078-057,1,78,57,3113,2273
15um-078-058,1,78,58,3113,2313
15um-078-059,1,78,59,3113,2353
15um-078-060,1,78,60,3113,2393
15um-078-061,1,78,61,3113,2433
15um-078-062,1,78,62,3113,2473
15um-078-063,1,78,63,3113,2513
15um-078-064,1,78,64,3113,2553
15um-078-065,1,78,65,3113,2593
15um-078-066,1,78,66,3113,2633
15um-078-067,1,78,67,3113,2673
15um-078-068,1,78,68,3113,2713
15um-078-069,1,78,69,3113,2753
15um-078-070,1,78,70,3113,2793
15um-078-071,1,78,71,3113,2833
15um-078-072,1,78,72,3113,2873
15um-078-073,1,78,73,3113,2913
15um-078-074,1,78,74,3113,2953
15um-078-075,1,78,75,3113,2993
15um-078-076,1,78,76,3113,3033
15um-078-077,1,78,77,3113,3073
15um-078-078,1,78,78,3113,3113
15um-078-079,1,78,79,3113,3153
15um-078-080,1,78,80,3113,3193
15um-078-081,1,78,81,3113,3233
15um-078-082,1,78,82,3113,3273
15um-078-083,1,78,83,3113,3313
15um-078-084,1,78,84,3113,3353
15um-078-085,1,78,85,3113,3393
15um-078-086,1,78,86,3113,3433
15um-078-087,1,78,87,3113,3473
15um-078-088,1,78,88,3113,3513
15um-078-089,1,78,89,3113,3553
15um-078-090,1,78,90,3113,3593
15um-078-091,1,78,91,3113,3633
15um-078-092,1,78,92,3113,3673
15um-078-093,1,78,93,3113,3713
15um-078-094,1,78,94,3113,3753
15um-078-095,1,78,95,3113,3793
15um-078-096,1,78,96,3113,3833
15um-079-001,1,79,1,3153,33
15um-079-002,1,79,2,3153,73
15um-079-003,1,79,3,3153,113
15um-079-004,1,79,4,3153,153
15um-079-005,1,79,5,3153,193
15um-079-006,1,79,6,3153,233
15um-079-007,1,79,7,3153,273
15um-079-008,1,79,8,3153,313
15um-079-009,1,79,9,3153,353
15um-079-010,1,79,10,3153,393
15um-079-011,1,79,11,3153,433
15um-079-012,1,79,12,3153,473
15um-079-013,1,79,13,3153,513
15um-079-014,1,79,14,3153,553
15um-079-015,1,79,15,3153,593
15um-079-016,1,79,16,3153,633
15um-079-017,1,79,17,3153,673
15um-079-018,1,79,18,3153,713
15um-079-019,1,79,19,3153,753
15um-079-020,1,79,20,3153,793
15um-079-021,1,79,21,3153,833
15um-079-022,1,79,22,3153,873
15um-079-023,1,79,23,3153,913
15um-079-024,1,79,24,3153,953
15um-079-025,1,79,25,3153,993
15um-079-026,1,79,26,3153,1033
15um-079-027,1,79,27,3153,1073
15um-079-028,1,79,28,3153,1113
15um-079-029,1,79,29,3153,1153
15um-079-030,1,79,30,3153,1193
15um-079-031,1,79,31,3153,1233
15um-079-032,1,79,32,3153,1273
15um-079-033,1,79,33,3153,1313
15um-079-034,1,79,34,3153,1353
15um-079-035,1,79,35,3153,1393
15um-079-036,1,79,36,3153,1433
15um-079-037,1,79,37,3153,1473
15um-079-038,1,79,38,3153,1513
15um-079-039,1,79,39,3153,1553
15um-079-040,1,79,40,3153,1593
15um-079-041,1,79,41,3153,1633
15um-079-042,1,79,42,3153,1673
15um-079-043,1,79,43,3153,1713
15um-079-044,1,79,44,3153,1753
15um-079-045,1,79,45,3153,1793
15um-079-046,1,79,46,3153,1833
15um-079-047,1,79,47,3153,1873
15um-079-048,1,79,48,3153,1913
15um-079-049,1,79,49,3153,1953
15um-079-050,1,79,50,3153,1993
15um-079-051,1,79,51,3153,2033
15um-079-052,1,79,52,3153,2073
15um-079-053,1,79,53,3153,2113
15um-079-054,1,79,54,3153,2153
15um-079-055,1,79,55,3153,2193
15um-079-056,1,79,56,3153,2233
15um-079-057,1,79,57,3153,2273
15um-079-058,1,79,58,3153,2313
15um-079-059,1,79,59,3153,2353
15um-079-060,1,79,60,3153,2393
15um-079-061,1,79,61,3153,2433
15um-079-062,1,79,62,3153,2473
15um-079-063,1,79,63,3153,2513
15um-079-064,1,79,64,3153,2553
15um-079-065,1,79,65,3153,2593
15um-079-066,1,79,66,3153,2633
15um-079-067,1,79,67,3153,2673
15um-079-068,1,79,68,3153,2713
15um-079-069,1,79,69,3153,2753
15um-079-070,1,79,70,3153,2793
15um-079-071,1,79,71,3153,2833
15um-079-072,1,79,72,3153,2873
15um-079-073,1,79,73,3153,2913
15um-079-074,1,79,74,3153,2953
15um-079-075,1,79,75,3153,2993
15um-079-076,1,79,76,3153,3033
15um-079-077,1,79,77,3153,3073
15um-079-078,1,79,78,3153,3113
15um-079-079,1,79,79,3153,3153
15um-079-080,1,79,80,3153,3193
15um-079-081,1,79,81,3153,3233
15um-079-082,1,79,82,3153,3273
15um-079-083,1,79,83,3153,3313
15um-079-084,1,79,84,3153,3353
15um-079-085,1,79,85,3153,3393
15um-079-086,1,79,86,3153,3433
15um-079-087,1,79,87,3153,3473
15um-079-088,1,79,88,3153,3513
15um-079-089,1,79,89,3153,3553
15um-079-090,1,79,90,3153,3593
15um-079-091,1,79,91,3153,3633
15um-079-092,1,79,92,3153,3673
15um-079-093,1,79,93,3153,3713
15um-079-094,1,79,94,3153,3753
15um-079-095,1,79,95,3153,3793
15um-079-096,1,79,96,3153,3833
15um-080-001,1,80,1,3193,33
15um-080-002,1,80,2,3193,73
15um-080-003,1,80,3,3193,113
15um-080-004,1,80,4,3193,153
15um-080-005,1,80,5,3193,193
15um-080-006,1,80,6,3193,233
15um-080-007,1,80,7,3193,273
15um-080-008,1,80,8,3193,313
15um-080-009,1,80,9,3193,353
15um-080-010,1,80,10,3193,393
15um-080-011,1,80,11,3193,433
15um-080-012,1,80,12,3193,473
15um-080-013,1,80,13,3193,513
15um-080-014,1,80,14,3193,553
15um-080-015,1,80,15,3193,593
15um-080-016,1,80,16,3193,633
15um-080-017,1,80,17,3193,673
15um-080-018,1,80,18,3193,713
15um-080-019,1,80,19,3193,753
15um-080-020,1,80,20,3193,793
15um-080-021,1,80,21,3193,833
15um-080-022,1,80,22,3193,873
15um-080-023,1,80,23,3193,913
15um-080-024,1,80,24,3193,953
15um-080-025,1,80,25,3193,993
15um-080-026,1,80,26,3193,1033
15um-080-027,1,80,27,3193,1073
15um-080-028,1,80,28,3193,1113
15um-080-029,1,80,29,3193,1153
15um-080-030,1,80,30,3193,1193
15um-080-031,1,80,31,3193,1233
15um-080-032,1,80,32,3193,1273
15um-080-033,1,80,33,3193,1313
15um-080-034,1,80,34,3193,1353
15um-080-035,1,80,35,3193,1393
15um-080-036,1,80,36,3193,1433
15um-080-037,1,80,37,3193,1473
15um-080-038,1,80,38,3193,1513
15um-080-039,1,80,39,3193,1553
15um-080-040,1,80,40,3193,1593
15um-080-041,1,80,41,3193,1633
15um-080-042,1,80,42,3193,1673
15um-080-043,1,80,43,3193,1713
15um-080-044,1,80,44,3193,1753
15um-080-045,1,80,45,3193,1793
15um-080-046,1,80,46,3193,1833
15um-080-047,1,80,47,3193,1873
15um-080-048,1,80,48,3193,1913
15um-080-049,1,80,49,3193,1953
15um-080-050,1,80,50,3193,1993
15um-080-051,1,80,51,3193,2033
15um-080-052,1,80,52,3193,2073
15um-080-053,1,80,53,3193,2113
15um-080-054,1,80,54,3193,2153
15um-080-055,1,80,55,3193,2193
15um-080-056,1,80,56,3193,2233
15um-080-057,1,80,57,3193,2273
15um-080-058,1,80,58,3193,2313
15um-080-059,1,80,59,3193,2353
15um-080-060,1,80,60,3193,2393
15um-080-061,1,80,61,3193,2433
15um-080-062,1,80,62,3193,2473
15um-080-063,1,80,63,3193,2513
15um-080-064,1,80,64,3193,2553
15um-080-065,1,80,65,3193,2593
15um-080-066,1,80,66,3193,2633
15um-080-067,1,80,67,3193,2673
15um-080-068,1,80,68,3193,2713
15um-080-069,1,80,69,3193,2753
15um-080-070,1,80,70,3193,2793
15um-080-071,1,80,71,3193,2833
15um-080-072,1,80,72,3193,2873
15um-080-073,1,80,73,3193,2913
15um-080-074,1,80,74,3193,2953
15um-080-075,1,80,75,3193,2993
15um-080-076,1,80,76,3193,3033
15um-080-077,1,80,77,3193,3073
15um-080-078,1,80,78,3193,3113
15um-080-079,1,80,79,3193,3153
15um-080-080,1,80,80,3193,3193
15um-080-081,1,80,81,3193,3233
15um-080-082,1,80,82,3193,3273
15um-080-083,1,80,83,3193,3313
15um-080-084,1,80,84,3193,3353
15um-080-085,1,80,85,3193,3393
15um-080-086,1,80,86,3193,3433
15um-080-087,1,80,87,3193,3473
15um-080-088,1,80,88,3193,3513
15um-080-089,1,80,89,3193,3553
15um-080-090,1,80,90,3193,3593
15um-080-091,1,80,91,3193,3633
15um-080-092,1,80,92,3193,3673
15um-080-093,1,80,93,3193,3713
15um-080-094,1,80,94,3193,3753
15um-080-095,1,80,95,3193,3793
15um-080-096,1,80,96,3193,3833
15um-081-001,1,81,1,3233,33
15um-081-002,1,81,2,3233,73
15um-081-003,1,81,3,3233,113
15um-081-004,1,81,4,3233,153
15um-081-005,1,81,5,3233,193
15um-081-006,1,81,6,3233,233
15um-081-007,1,81,7,3233,273
15um-081-008,1,81,8,3233,313
15um-081-009,1,81,9,3233,353
15um-081-010,1,81,10,3233,393
15um-081-011,1,81,11,3233,433
15um-081-012,1,81,12,3233,473
15um-081-013,1,81,13,3233,513
15um-081-014,1,81,14,3233,553
15um-081-015,1,81,15,3233,593
15um-081-016,1,81,16,3233,633
15um-081-017,1,81,17,3233,673
15um-081-018,1,81,18,3233,713
15um-081-019,1,81,19,3233,753
15um-081-020,1,81,20,3233,793
15um-081-021,1,81,21,3233,833
15um-081-022,1,81,22,3233,873
15um-081-023,1,81,23,3233,913
15um-081-024,1,81,24,3233,953
15um-081-025,1,81,25,3233,993
15um-081-026,1,81,26,3233,1033
15um-081-027,1,81,27,3233,1073
15um-081-028,1,81,28,3233,1113
15um-081-029,1,81,29,3233,1153
15um-081-030,1,81,30,3233,1193
15um-081-031,1,81,31,3233,1233
15um-081-032,1,81,32,3233,1273
15um-081-033,1,81,33,3233,1313
15um-081-034,1,81,34,3233,1353
15um-081-035,1,81,35,3233,1393
15um-081-036,1,81,36,3233,1433
15um-081-037,1,81,37,3233,1473
15um-081-038,1,81,38,3233,1513
15um-081-039,1,81,39,3233,1553
15um-081-040,1,81,40,3233,1593
15um-081-041,1,81,41,3233,1633
15um-081-042,1,81,42,3233,1673
15um-081-043,1,81,43,3233,1713
15um-081-044,1,81,44,3233,1753
15um-081-045,1,81,45,3233,1793
15um-081-046,1,81,46,3233,1833
15um-081-047,1,81,47,3233,1873
15um-081-048,1,81,48,3233,1913
15um-081-049,1,81,49,3233,1953
15um-081-050,1,81,50,3233,1993
15um-081-051,1,81,51,3233,2033
15um-081-052,1,81,52,3233,2073
15um-081-053,1,81,53,3233,2113
15um-081-054,1,81,54,3233,2153
15um-081-055,1,81,55,3233,2193
15um-081-056,1,81,56,3233,2233
15um-081-057,1,81,57,3233,2273
15um-081-058,1,81,58,3233,2313
15um-081-059,1,81,59,3233,2353
15um-081-060,1,81,60,3233,2393
15um-081-061,1,81,61,3233,2433
15um-081-062,1,81,62,3233,2473
15um-081-063,1,81,63,3233,2513
15um-081-064,1,81,64,3233,2553
15um-081-065,1,81,65,3233,2593
15um-081-066,1,81,66,3233,2633
15um-081-067,1,81,67,3233,2673
15um-081-068,1,81,68,3233,2713
15um-081-069,1,81,69,3233,2753
15um-081-070,1,81,70,3233,2793
15um-081-071,1,81,71,3233,2833
15um-081-072,1,81,72,3233,2873
15um-081-073,1,81,73,3233,2913
15um-081-074,1,81,74,3233,2953
15um-081-075,1,81,75,3233,2993
15um-081-076,1,81,76,3233,3033
15um-081-077,1,81,77,3233,3073
15um-081-078,1,81,78,3233,3113
15um-081-079,1,81,79,3233,3153
15um-081-080,1,81,80,3233,3193
15um-081-081,1,81,81,3233,3233
15um-081-082,1,81,82,3233,3273
15um-081-083,1,81,83,3233,3313
15um-081-084,1,81,84,3233,3353
15um-081-085,1,81,85,3233,3393
15um-081-086,1,81,86,3233,3433
15um-081-087,1,81,87,3233,3473
15um-081-088,1,81,88,3233,3513
15um-081-089,1,81,89,3233,3553
15um-081-090,1,81,90,3233,3593
15um-081-091,1,81,91,3233,3633
15um-081-092,1,81,92,3233,3673
15um-081-093,1,81,93,3233,3713
15um-081-094,1,81,94,3233,3753
15um-081-095,1,81,95,3233,3793
15um-081-096,1,81,96,3233,3833
15um-082-001,1,82,1,3273,33
15um-082-002,1,82,2,3273,73
15um-082-003,1,82,3,3273,113
15um-082-004,1,82,4,3273,153
15um-082-005,1,82,5,3273,193
15um-082-006,1,82,6,3273,233
15um-082-007,1,82,7,3273,273
15um-082-008,1,82,8,3273,313
15um-082-009,1,82,9,3273,353
15um-082-010,1,82,10,3273,393
15um-082-011,1,82,11,3273,433
15um-082-012,1,82,12,3273,473
15um-082-013,1,82,13,3273,513
15um-082-014,1,82,14,3273,553
15um-082-015,1,82,15,3273,593
15um-082-016,1,82,16,3273,633
15um-082-017,1,82,17,3273,673
15um-082-018,1,82,18,3273,713
15um-082-019,1,82,19,3273,753
15um-082-020,1,82,20,3273,793
15um-082-021,1,82,21,3273,833
15um-082-022,1,82,22,3273,873
15um-082-023,1,82,23,3273,913
15um-082-024,1,82,24,3273,953
15um-082-025,1,82,25,3273,993
15um-082-026,1,82,26,3273,1033
15um-082-027,1,82,27,3273,1073
15um-082-028,1,82,28,3273,1113
15um-082-029,1,82,29,3273,1153
15um-082-030,1,82,30,3273,1193
15um-082-031,1,82,31,3273,1233
15um-082-032,1,82,32,3273,1273
15um-082-033,1,82,33,3273,1313
15um-082-034,1,82,34,3273,1353
15um-082-035,1,82,35,3273,1393
15um-082-036,1,82,36,3273,1433
15um-082-037,1,82,37,3273,1473
15um-082-038,1,82,38,3273,1513
15um-082-039,1,82,39,3273,1553
15um-082-040,1,82,40,3273,1593
15um-082-041,1,82,41,3273,1633
15um-082-042,1,82,42,3273,1673
15um-082-043,1,82,43,3273,1713
15um-082-044,1,82,44,3273,1753
15um-082-045,1,82,45,3273,1793
15um-082-046,1,82,46,3273,1833
15um-082-047,1,82,47,3273,1873
15um-082-048,1,82,48,3273,1913
15um-082-049,1,82,49,3273,1953
15um-082-050,1,82,50,3273,1993
15um-082-051,1,82,51,3273,2033
15um-082-052,1,82,52,3273,2073
15um-082-053,1,82,53,3273,2113
15um-082-054,1,82,54,3273,2153
15um-082-055,1,82,55,3273,2193
15um-082-056,1,82,56,3273,2233
15um-082-057,1,82,57,3273,2273
15um-082-058,1,82,58,3273,2313
15um-082-059,1,82,59,3273,2353
15um-082-060,1,82,60,3273,2393
15um-082-061,1,82,61,3273,2433
15um-082-062,1,82,62,3273,2473
15um-082-063,1,82,63,3273,2513
15um-082-064,1,82,64,3273,2553
15um-082-065,1,82,65,3273,2593
15um-082-066,1,82,66,3273,2633
15um-082-067,1,82,67,3273,2673
15um-082-068,1,82,68,3273,2713
15um-082-069,1,82,69,3273,2753
15um-082-070,1,82,70,3273,2793
15um-082-071,1,82,71,3273,2833
15um-082-072,1,82,72,3273,2873
15um-082-073,1,82,73,3273,2913
15um-082-074,1,82,74,3273,2953
15um-082-075,1,82,75,3273,2993
15um-082-076,1,82,76,3273,3033
15um-082-077,1,82,77,3273,3073
15um-082-078,1,82,78,3273,3113
15um-082-079,1,82,79,3273,3153
15um-082-080,1,82,80,3273,3193
15um-082-081,1,82,81,3273,3233
15um-082-082,1,82,82,3273,3273
15um-082-083,1,82,83,3273,3313
15um-082-084,1,82,84,3273,3353
15um-082-085,1,82,85,3273,3393
15um-082-086,1,82,86,3273,3433
15um-082-087,1,82,87,3273,3473
15um-082-088,1,82,88,3273,3513
15um-082-089,1,82,89,3273,3553
15um-082-090,1,82,90,3273,3593
15um-082-091,1,82,91,3273,3633
15um-082-092,1,82,92,3273,3673
15um-082-093,1,82,93,3273,3713
15um-082-094,1,82,94,3273,3753
15um-082-095,1,82,95,3273,3793
15um-082-096,1,82,96,3273,3833
15um-083-001,1,83,1,3313,33
15um-083-002,1,83,2,3313,73
15um-083-003,1,83,3,3313,113
15um-083-004,1,83,4,3313,153
15um-083-005,1,83,5,3313,193
15um-083-006,1,83,6,3313,233
15um-083-007,1,83,7,3313,273
15um-083-008,1,83,8,3313,313
15um-083-009,1,83,9,3313,353
15um-083-010,1,83,10,3313,393
15um-083-011,1,83,11,3313,433
15um-083-012,1,83,12,3313,473
15um-083-013,1,83,13,3313,513
15um-083-014,1,83,14,3313,553
15um-083-015,1,83,15,3313,593
15um-083-016,1,83,16,3313,633
15um-083-017,1,83,17,3313,673
15um-083-018,1,83,18,3313,713
15um-083-019,1,83,19,3313,753
15um-083-020,1,83,20,3313,793
15um-083-021,1,83,21,3313,833
15um-083-022,1,83,22,3313,873
15um-083-023,1,83,23,3313,913
15um-083-024,1,83,24,3313,953
15um-083-025,1,83,25,3313,993
15um-083-026,1,83,26,3313,1033
15um-083-027,1,83,27,3313,1073
15um-083-028,1,83,28,3313,1113
15um-083-029,1,83,29,3313,1153
15um-083-030,1,83,30,3313,1193
15um-083-031,1,83,31,3313,1233
15um-083-032,1,83,32,3313,1273
15um-083-033,1,83,33,3313,1313
15um-083-034,1,83,34,3313,1353
15um-083-035,1,83,35,3313,1393
15um-083-036,1,83,36,3313,1433
15um-083-037,1,83,37,3313,1473
15um-083-038,1,83,38,3313,1513
15um-083-039,1,83,39,3313,1553
15um-083-040,1,83,40,3313,1593
15um-083-041,1,83,41,3313,1633
15um-083-042,1,83,42,3313,1673
15um-083-043,1,83,43,3313,1713
15um-083-044,1,83,44,3313,1753
15um-083-045,1,83,45,3313,1793
15um-083-046,1,83,46,3313,1833
15um-083-047,1,83,47,3313,1873
15um-083-048,1,83,48,3313,1913
15um-083-049,1,83,49,3313,1953
15um-083-050,1,83,50,3313,1993
15um-083-051,1,83,51,3313,2033
15um-083-052,1,83,52,3313,2073
15um-083-053,1,83,53,3313,2113
15um-083-054,1,83,54,3313,2153
15um-083-055,1,83,55,3313,2193
15um-083-056,1,83,56,3313,2233
15um-083-057,1,83,57,3313,2273
15um-083-058,1,83,58,3313,2313
15um-083-059,1,83,59,3313,2353
15um-083-060,1,83,60,3313,2393
15um-083-061,1,83,61,3313,2433
15um-083-062,1,83,62,3313,2473
15um-083-063,1,83,63,3313,2513
15um-083-064,1,83,64,3313,2553
15um-083-065,1,83,65,3313,2593
15um-083-066,1,83,66,3313,2633
15um-083-067,1,83,67,3313,2673
15um-083-068,1,83,68,3313,2713
15um-083-069,1,83,69,3313,2753
15um-083-070,1,83,70,3313,2793
15um-083-071,1,83,71,3313,2833
15um-083-072,1,83,72,3313,2873
15um-083-073,1,83,73,3313,2913
15um-083-074,1,83,74,3313,2953
15um-083-075,1,83,75,3313,2993
15um-083-076,1,83,76,3313,3033
15um-083-077,1,83,77,3313,3073
15um-083-078,1,83,78,3313,3113
15um-083-079,1,83,79,3313,3153
15um-083-080,1,83,80,3313,3193
15um-083-081,1,83,81,3313,3233
15um-083-082,1,83,82,3313,3273
15um-083-083,1,83,83,3313,3313
15um-083-084,1,83,84,3313,3353
15um-083-085,1,83,85,3313,3393
15um-083-086,1,83,86,3313,3433
15um-083-087,1,83,87,3313,3473
15um-083-088,1,83,88,3313,3513
15um-083-089,1,83,89,3313,3553
15um-083-090,1,83,90,3313,3593
15um-083-091,1,83,91,3313,3633
15um-083-092,1,83,92,3313,3673
15um-083-093,1,83,93,3313,3713
15um-083-094,1,83,94,3313,3753
15um-083-095,1,83,95,3313,3793
15um-083-096,1,83,96,3313,3833
15um-084-001,1,84,1,3353,33
15um-084-002,1,84,2,3353,73
15um-084-003,1,84,3,3353,113
15um-084-004,1,84,4,3353,153
15um-084-005,1,84,5,3353,193
15um-084-006,1,84,6,3353,233
15um-084-007,1,84,7,3353,273
15um-084-008,1,84,8,3353,313
15um-084-009,1,84,9,3353,353
15um-084-010,1,84,10,3353,393
15um-084-011,1,84,11,3353,433
15um-084-012,1,84,12,3353,473
15um-084-013,1,84,13,3353,513
15um-084-014,1,84,14,3353,553
15um-084-015,1,84,15,3353,593
15um-084-016,1,84,16,3353,633
15um-084-017,1,84,17,3353,673
15um-084-018,1,84,18,3353,713
15um-084-019,1,84,19,3353,753
15um-084-020,1,84,20,3353,793
15um-084-021,1,84,21,3353,833
15um-084-022,1,84,22,3353,873
15um-084-023,1,84,23,3353,913
15um-084-024,1,84,24,3353,953
15um-084-025,1,84,25,3353,993
15um-084-026,1,84,26,3353,1033
15um-084-027,1,84,27,3353,1073
15um-084-028,1,84,28,3353,1113
15um-084-029,1,84,29,3353,1153
15um-084-030,1,84,30,3353,1193
15um-084-031,1,84,31,3353,1233
15um-084-032,1,84,32,3353,1273
15um-084-033,1,84,33,3353,1313
15um-084-034,1,84,34,3353,1353
15um-084-035,1,84,35,3353,1393
15um-084-036,1,84,36,3353,1433
15um-084-037,1,84,37,3353,1473
15um-084-038,1,84,38,3353,1513
15um-084-039,1,84,39,3353,1553
15um-084-040,1,84,40,3353,1593
15um-084-041,1,84,41,3353,1633
15um-084-042,1,84,42,3353,1673
15um-084-043,1,84,43,3353,1713
15um-084-044,1,84,44,3353,1753
15um-084-045,1,84,45,3353,1793
15um-084-046,1,84,46,3353,1833
15um-084-047,1,84,47,3353,1873
15um-084-048,1,84,48,3353,1913
15um-084-049,1,84,49,3353,1953
15um-084-050,1,84,50,3353,1993
15um-084-051,1,84,51,3353,2033
15um-084-052,1,84,52,3353,2073
15um-084-053,1,84,53,3353,2113
15um-084-054,1,84,54,3353,2153
15um-084-055,1,84,55,3353,2193
15um-084-056,1,84,56,3353,2233
15um-084-057,1,84,57,3353,2273
15um-084-058,1,84,58,3353,2313
15um-084-059,1,84,59,3353,2353
15um-084-060,1,84,60,3353,2393
15um-084-061,1,84,61,3353,2433
15um-084-062,1,84,62,3353,2473
15um-084-063,1,84,63,3353,2513
15um-084-064,1,84,64,3353,2553
15um-084-065,1,84,65,3353,2593
15um-084-066,1,84,66,3353,2633
15um-084-067,1,84,67,3353,2673
15um-084-068,1,84,68,3353,2713
15um-084-069,1,84,69,3353,2753
15um-084-070,1,84,70,3353,2793
15um-084-071,1,84,71,3353,2833
15um-084-072,1,84,72,3353,2873
15um-084-073,1,84,73,3353,2913
15um-084-074,1,84,74,3353,2953
15um-084-075,1,84,75,3353,2993
15um-084-076,1,84,76,3353,3033
15um-084-077,1,84,77,3353,3073
15um-084-078,1,84,78,3353,3113
15um-084-079,1,84,79,3353,3153
15um-084-080,1,84,80,3353,3193
15um-084-081,1,84,81,3353,3233
15um-084-082,1,84,82,3353,3273
15um-084-083,1,84,83,3353,3313
15um-084-084,1,84,84,3353,3353
15um-084-085,1,84,85,3353,3393
15um-084-086,1,84,86,3353,3433
15um-084-087,1,84,87,3353,3473
15um-084-088,1,84,88,3353,3513
15um-084-089,1,84,89,3353,3553
15um-084-090,1,84,90,3353,3593
15um-084-091,1,84,91,3353,3633
15um-084-092,1,84,92,3353,3673
15um-084-093,1,84,93,3353,3713
15um-084-094,1,84,94,3353,3753
15um-084-095,1,84,95,3353,3793
15um-084-096,1,84,96,3353,3833
15um-085-001,1,85,1,3393,33
15um-085-002,1,85,2,3393,73
15um-085-003,1,85,3,3393,113
15um-085-004,1,85,4,3393,153
15um-085-005,1,85,5,3393,193
15um-085-006,1,85,6,3393,233
15um-085-007,1,85,7,3393,273
15um-085-008,1,85,8,3393,313
15um-085-009,1,85,9,3393,353
15um-085-010,1,85,10,3393,393
15um-085-011,1,85,11,3393,433
15um-085-012,1,85,12,3393,473
15um-085-013,1,85,13,3393,513
15um-085-014,1,85,14,3393,553
15um-085-015,1,85,15,3393,593
15um-085-016,1,85,16,3393,633
15um-085-017,1,85,17,3393,673
15um-085-018,1,85,18,3393,713
15um-085-019,1,85,19,3393,753
15um-085-020,1,85,20,3393,793
15um-085-021,1,85,21,3393,833
15um-085-022,1,85,22,3393,873
15um-085-023,1,85,23,3393,913
15um-085-024,1,85,24,3393,953
15um-085-025,1,85,25,3393,993
15um-085-026,1,85,26,3393,1033
15um-085-027,1,85,27,3393,1073
15um-085-028,1,85,28,3393,1113
15um-085-029,1,85,29,3393,1153
15um-085-030,1,85,30,3393,1193
15um-085-031,1,85,31,3393,1233
15um-085-032,1,85,32,3393,1273
15um-085-033,1,85,33,3393,1313
15um-085-034,1,85,34,3393,1353
15um-085-035,1,85,35,3393,1393
15um-085-036,1,85,36,3393,1433
15um-085-037,1,85,37,3393,1473
15um-085-038,1,85,38,3393,1513
15um-085-039,1,85,39,3393,1553
15um-085-040,1,85,40,3393,1593
15um-085-041,1,85,41,3393,1633
15um-085-042,1,85,42,3393,1673
15um-085-043,1,85,43,3393,1713
15um-085-044,1,85,44,3393,1753
15um-085-045,1,85,45,3393,1793
15um-085-046,1,85,46,3393,1833
15um-085-047,1,85,47,3393,1873
15um-085-048,1,85,48,3393,1913
15um-085-049,1,85,49,3393,1953
15um-085-050,1,85,50,3393,1993
15um-085-051,1,85,51,3393,2033
15um-085-052,1,85,52,3393,2073
15um-085-053,1,85,53,3393,2113
15um-085-054,1,85,54,3393,2153
15um-085-055,1,85,55,3393,2193
15um-085-056,1,85,56,3393,2233
15um-085-057,1,85,57,3393,2273
15um-085-058,1,85,58,3393,2313
15um-085-059,1,85,59,3393,2353
15um-085-060,1,85,60,3393,2393
15um-085-061,1,85,61,3393,2433
15um-085-062,1,85,62,3393,2473
15um-085-063,1,85,63,3393,2513
15um-085-064,1,85,64,3393,2553
15um-085-065,1,85,65,3393,2593
15um-085-066,1,85,66,3393,2633
15um-085-067,1,85,67,3393,2673
15um-085-068,1,85,68,3393,2713
15um-085-069,1,85,69,3393,2753
15um-085-070,1,85,70,3393,2793
15um-085-071,1,85,71,3393,2833
15um-085-072,1,85,72,3393,2873
15um-085-073,1,85,73,3393,2913
15um-085-074,1,85,74,3393,2953
15um-085-075,1,85,75,3393,2993
15um-085-076,1,85,76,3393,3033
15um-085-077,1,85,77,3393,3073
15um-085-078,1,85,78,3393,3113
15um-085-079,1,85,79,3393,3153
15um-085-080,1,85,80,3393,3193
15um-085-081,1,85,81,3393,3233
15um-085-082,1,85,82,3393,3273
15um-085-083,1,85,83,3393,3313
15um-085-084,1,85,84,3393,3353
15um-085-085,1,85,85,3393,3393
15um-085-086,1,85,86,3393,3433
15um-085-087,1,85,87,3393,3473
15um-085-088,1,85,88,3393,3513
15um-085-089,1,85,89,3393,3553
15um-085-090,1,85,90,3393,3593
15um-085-091,1,85,91,3393,3633
15um-085-092,1,85,92,3393,3673
15um-085-093,1,85,93,3393,3713
15um-085-094,1,85,94,3393,3753
15um-085-095,1,85,95,3393,3793
15um-085-096,1,85,96,3393,3833
15um-086-001,1,86,1,3433,33
15um-086-002,1,86,2,3433,73
15um-086-003,1,86,3,3433,113
15um-086-004,1,86,4,3433,153
15um-086-005,1,86,5,3433,193
15um-086-006,1,86,6,3433,233
15um-086-007,1,86,7,3433,273
15um-086-008,1,86,8,3433,313
15um-086-009,1,86,9,3433,353
15um-086-010,1,86,10,3433,393
15um-086-011,1,86,11,3433,433
15um-086-012,1,86,12,3433,473
15um-086-013,1,86,13,3433,513
15um-086-014,1,86,14,3433,553
15um-086-015,1,86,15,3433,593
15um-086-016,1,86,16,3433,633
15um-086-017,1,86,17,3433,673
15um-086-018,1,86,18,3433,713
15um-086-019,1,86,19,3433,753
15um-086-020,1,86,20,3433,793
15um-086-021,1,86,21,3433,833
15um-086-022,1,86,22,3433,873
15um-086-023,1,86,23,3433,913
15um-086-024,1,86,24,3433,953
15um-086-025,1,86,25,3433,993
15um-086-026,1,86,26,3433,1033
15um-086-027,1,86,27,3433,1073
15um-086-028,1,86,28,3433,1113
15um-086-029,1,86,29,3433,1153
15um-086-030,1,86,30,3433,1193
15um-086-031,1,86,31,3433,1233
15um-086-032,1,86,32,3433,1273
15um-086-033,1,86,33,3433,1313
15um-086-034,1,86,34,3433,1353
15um-086-035,1,86,35,3433,1393
15um-086-036,1,86,36,3433,1433
15um-086-037,1,86,37,3433,1473
15um-086-038,1,86,38,3433,1513
15um-086-039,1,86,39,3433,1553
15um-086-040,1,86,40,3433,1593
15um-086-041,1,86,41,3433,1633
15um-086-042,1,86,42,3433,1673
15um-086-043,1,86,43,3433,1713
15um-086-044,1,86,44,3433,1753
15um-086-045,1,86,45,3433,1793
15um-086-046,1,86,46,3433,1833
15um-086-047,1,86,47,3433,1873
15um-086-048,1,86,48,3433,1913
15um-086-049,1,86,49,3433,1953
15um-086-050,1,86,50,3433,1993
15um-086-051,1,86,51,3433,2033
15um-086-052,1,86,52,3433,2073
15um-086-053,1,86,53,3433,2113
15um-086-054,1,86,54,3433,2153
15um-086-055,1,86,55,3433,2193
15um-086-056,1,86,56,3433,2233
15um-086-057,1,86,57,3433,2273
15um-086-058,1,86,58,3433,2313
15um-086-059,1,86,59,3433,2353
15um-086-060,1,86,60,3433,2393
15um-086-061,1,86,61,3433,2433
15um-086-062,1,86,62,3433,2473
15um-086-063,1,86,63,3433,2513
15um-086-064,1,86,64,3433,2553
15um-086-065,1,86,65,3433,2593
15um-086-066,1,86,66,3433,2633
15um-086-067,1,86,67,3433,2673
15um-086-068,1,86,68,3433,2713
15um-086-069,1,86,69,3433,2753
15um-086-070,1,86,70,3433,2793
15um-086-071,1,86,71,3433,2833
15um-086-072,1,86,72,3433,2873
15um-086-073,1,86,73,3433,2913
15um-086-074,1,86,74,3433,2953
15um-086-075,1,86,75,3433,2993
15um-086-076,1,86,76,3433,3033
15um-086-077,1,86,77,3433,3073
15um-086-078,1,86,78,3433,3113
15um-086-079,1,86,79,3433,3153
15um-086-080,1,86,80,3433,3193
15um-086-081,1,86,81,3433,3233
15um-086-082,1,86,82,3433,3273
15um-086-083,1,86,83,3433,3313
15um-086-084,1,86,84,3433,3353
15um-086-085,1,86,85,3433,3393
15um-086-086,1,86,86,3433,3433
15um-086-087,1,86,87,3433,3473
15um-086-088,1,86,88,3433,3513
15um-086-089,1,86,89,3433,3553
15um-086-090,1,86,90,3433,3593
15um-086-091,1,86,91,3433,3633
15um-086-092,1,86,92,3433,3673
15um-086-093,1,86,93,3433,3713
15um-086-094,1,86,94,3433,3753
15um-086-095,1,86,95,3433,3793
15um-086-096,1,86,96,3433,3833
15um-087-001,1,87,1,3473,33
15um-087-002,1,87,2,3473,73
15um-087-003,1,87,3,3473,113
15um-087-004,1,87,4,3473,153
15um-087-005,1,87,5,3473,193
15um-087-006,1,87,6,3473,233
15um-087-007,1,87,7,3473,273
15um-087-008,1,87,8,3473,313
15um-087-009,1,87,9,3473,353
15um-087-010,1,87,10,3473,393
15um-087-011,1,87,11,3473,433
15um-087-012,1,87,12,3473,473
15um-087-013,1,87,13,3473,513
15um-087-014,1,87,14,3473,553
15um-087-015,1,87,15,3473,593
15um-087-016,1,87,16,3473,633
15um-087-017,1,87,17,3473,673
15um-087-018,1,87,18,3473,713
15um-087-019,1,87,19,3473,753
15um-087-020,1,87,20,3473,793
15um-087-021,1,87,21,3473,833
15um-087-022,1,87,22,3473,873
15um-087-023,1,87,23,3473,913
15um-087-024,1,87,24,3473,953
15um-087-025,1,87,25,3473,993
15um-087-026,1,87,26,3473,1033
15um-087-027,1,87,27,3473,1073
15um-087-028,1,87,28,3473,1113
15um-087-029,1,87,29,3473,1153
15um-087-030,1,87,30,3473,1193
15um-087-031,1,87,31,3473,1233
15um-087-032,1,87,32,3473,1273
15um-087-033,1,87,33,3473,1313
15um-087-034,1,87,34,3473,1353
15um-087-035,1,87,35,3473,1393
15um-087-036,1,87,36,3473,1433
15um-087-037,1,87,37,3473,1473
15um-087-038,1,87,38,3473,1513
15um-087-039,1,87,39,3473,1553
15um-087-040,1,87,40,3473,1593
15um-087-041,1,87,41,3473,1633
15um-087-042,1,87,42,3473,1673
15um-087-043,1,87,43,3473,1713
15um-087-044,1,87,44,3473,1753
15um-087-045,1,87,45,3473,1793
15um-087-046,1,87,46,3473,1833
15um-087-047,1,87,47,3473,1873
15um-087-048,1,87,48,3473,1913
15um-087-049,1,87,49,3473,1953
15um-087-050,1,87,50,3473,1993
15um-087-051,1,87,51,3473,2033
15um-087-052,1,87,52,3473,2073
15um-087-053,1,87,53,3473,2113
15um-087-054,1,87,54,3473,2153
15um-087-055,1,87,55,3473,2193
15um-087-056,1,87,56,3473,2233
15um-087-057,1,87,57,3473,2273
15um-087-058,1,87,58,3473,2313
15um-087-059,1,87,59,3473,2353
15um-087-060,1,87,60,3473,2393
15um-087-061,1,87,61,3473,2433
15um-087-062,1,87,62,3473,2473
15um-087-063,1,87,63,3473,2513
15um-087-064,1,87,64,3473,2553
15um-087-065,1,87,65,3473,2593
15um-087-066,1,87,66,3473,2633
15um-087-067,1,87,67,3473,2673
15um-087-068,1,87,68,3473,2713
15um-087-069,1,87,69,3473,2753
15um-087-070,1,87,70,3473,2793
15um-087-071,1,87,71,3473,2833
15um-087-072,1,87,72,3473,2873
15um-087-073,1,87,73,3473,2913
15um-087-074,1,87,74,3473,2953
15um-087-075,1,87,75,3473,2993
15um-087-076,1,87,76,3473,3033
15um-087-077,1,87,77,3473,3073
15um-087-078,1,87,78,3473,3113
15um-087-079,1,87,79,3473,3153
15um-087-080,1,87,80,3473,3193
15um-087-081,1,87,81,3473,3233
15um-087-082,1,87,82,3473,3273
15um-087-083,1,87,83,3473,3313
15um-087-084,1,87,84,3473,3353
15um-087-085,1,87,85,3473,3393
15um-087-086,1,87,86,3473,3433
15um-087-087,1,87,87,3473,3473
15um-087-088,1,87,88,3473,3513
15um-087-089,1,87,89,3473,3553
15um-087-090,1,87,90,3473,3593
15um-087-091,1,87,91,3473,3633
15um-087-092,1,87,92,3473,3673
15um-087-093,1,87,93,3473,3713
15um-087-094,1,87,94,3473,3753
15um-087-095,1,87,95,3473,3793
15um-087-096,1,87,96,3473,3833
15um-088-001,1,88,1,3513,33
15um-088-002,1,88,2,3513,73
15um-088-003,1,88,3,3513,113
15um-088-004,1,88,4,3513,153
15um-088-005,1,88,5,3513,193
15um-088-006,1,88,6,3513,233
15um-088-007,1,88,7,3513,273
15um-088-008,1,88,8,3513,313
15um-088-009,1,88,9,3513,353
15um-088-010,1,88,10,3513,393
15um-088-011,1,88,11,3513,433
15um-088-012,1,88,12,3513,473
15um-088-013,1,88,13,3513,513
15um-088-014,1,88,14,3513,553
15um-088-015,1,88,15,3513,593
15um-088-016,1,88,16,3513,633
15um-088-017,1,88,17,3513,673
15um-088-018,1,88,18,3513,713
15um-088-019,1,88,19,3513,753
15um-088-020,1,88,20,3513,793
15um-088-021,1,88,21,3513,833
15um-088-022,1,88,22,3513,873
15um-088-023,1,88,23,3513,913
15um-088-024,1,88,24,3513,953
15um-088-025,1,88,25,3513,993
15um-088-026,1,88,26,3513,1033
15um-088-027,1,88,27,3513,1073
15um-088-028,1,88,28,3513,1113
15um-088-029,1,88,29,3513,1153
15um-088-030,1,88,30,3513,1193
15um-088-031,1,88,31,3513,1233
15um-088-032,1,88,32,3513,1273
15um-088-033,1,88,33,3513,1313
15um-088-034,1,88,34,3513,1353
15um-088-035,1,88,35,3513,1393
15um-088-036,1,88,36,3513,1433
15um-088-037,1,88,37,3513,1473
15um-088-038,1,88,38,3513,1513
15um-088-039,1,88,39,3513,1553
15um-088-040,1,88,40,3513,1593
15um-088-041,1,88,41,3513,1633
15um-088-042,1,88,42,3513,1673
15um-088-043,1,88,43,3513,1713
15um-088-044,1,88,44,3513,1753
15um-088-045,1,88,45,3513,1793
15um-088-046,1,88,46,3513,1833
15um-088-047,1,88,47,3513,1873
15um-088-048,1,88,48,3513,1913
15um-088-049,1,88,49,3513,1953
15um-088-050,1,88,50,3513,1993
15um-088-051,1,88,51,3513,2033
15um-088-052,1,88,52,3513,2073
15um-088-053,1,88,53,3513,2113
15um-088-054,1,88,54,3513,2153
15um-088-055,1,88,55,3513,2193
15um-088-056,1,88,56,3513,2233
15um-088-057,1,88,57,3513,2273
15um-088-058,1,88,58,3513,2313
15um-088-059,1,88,59,3513,2353
15um-088-060,1,88,60,3513,2393
15um-088-061,1,88,61,3513,2433
15um-088-062,1,88,62,3513,2473
15um-088-063,1,88,63,3513,2513
15um-088-064,1,88,64,3513,2553
15um-088-065,1,88,65,3513,2593
15um-088-066,1,88,66,3513,2633
15um-088-067,1,88,67,3513,2673
15um-088-068,1,88,68,3513,2713
15um-088-069,1,88,69,3513,2753
15um-088-070,1,88,70,3513,2793
15um-088-071,1,88,71,3513,2833
15um-088-072,1,88,72,3513,2873
15um-088-073,1,88,73,3513,2913
15um-088-074,1,88,74,3513,2953
15um-088-075,1,88,75,3513,2993
15um-088-076,1,88,76,3513,3033
15um-088-077,1,88,77,3513,3073
15um-088-078,1,88,78,3513,3113
15um-088-079,1,88,79,3513,3153
15um-088-080,1,88,80,3513,3193
15um-088-081,1,88,81,3513,3233
15um-088-082,1,88,82,3513,3273
15um-088-083,1,88,83,3513,3313
15um-088-084,1,88,84,3513,3353
15um-088-085,1,88,85,3513,3393
15um-088-086,1,88,86,3513,3433
15um-088-087,1,88,87,3513,3473
15um-088-088,1,88,88,3513,3513
15um-088-089,1,88,89,3513,3553
15um-088-090,1,88,90,3513,3593
15um-088-091,1,88,91,3513,3633
15um-088-092,1,88,92,3513,3673
15um-088-093,1,88,93,3513,3713
15um-088-094,1,88,94,3513,3753
15um-088-095,1,88,95,3513,3793
15um-088-096,1,88,96,3513,3833
15um-089-001,1,89,1,3553,33
15um-089-002,1,89,2,3553,73
15um-089-003,1,89,3,3553,113
15um-089-004,1,89,4,3553,153
15um-089-005,1,89,5,3553,193
15um-089-006,1,89,6,3553,233
15um-089-007,1,89,7,3553,273
15um-089-008,1,89,8,3553,313
15um-089-009,1,89,9,3553,353
15um-089-010,1,89,10,3553,393
15um-089-011,1,89,11,3553,433
15um-089-012,1,89,12,3553,473
15um-089-013,1,89,13,3553,513
15um-089-014,1,89,14,3553,553
15um-089-015,1,89,15,3553,593
15um-089-016,1,89,16,3553,633
15um-089-017,1,89,17,3553,673
15um-089-018,1,89,18,3553,713
15um-089-019,1,89,19,3553,753
15um-089-020,1,89,20,3553,793
15um-089-021,1,89,21,3553,833
15um-089-022,1,89,22,3553,873
15um-089-023,1,89,23,3553,913
15um-089-024,1,89,24,3553,953
15um-089-025,1,89,25,3553,993
15um-089-026,1,89,26,3553,1033
15um-089-027,1,89,27,3553,1073
15um-089-028,1,89,28,3553,1113
15um-089-029,1,89,29,3553,1153
15um-089-030,1,89,30,3553,1193
15um-089-031,1,89,31,3553,1233
15um-089-032,1,89,32,3553,1273
15um-089-033,1,89,33,3553,1313
15um-089-034,1,89,34,3553,1353
15um-089-035,1,89,35,3553,1393
15um-089-036,1,89,36,3553,1433
15um-089-037,1,89,37,3553,1473
15um-089-038,1,89,38,3553,1513
15um-089-039,1,89,39,3553,1553
15um-089-040,1,89,40,3553,1593
15um-089-041,1,89,41,3553,1633
15um-089-042,1,89,42,3553,1673
15um-089-043,1,89,43,3553,1713
15um-089-044,1,89,44,3553,1753
15um-089-045,1,89,45,3553,1793
15um-089-046,1,89,46,3553,1833
15um-089-047,1,89,47,3553,1873
15um-089-048,1,89,48,3553,1913
15um-089-049,1,89,49,3553,1953
15um-089-050,1,89,50,3553,1993
15um-089-051,1,89,51,3553,2033
15um-089-052,1,89,52,3553,2073
15um-089-053,1,89,53,3553,2113
15um-089-054,1,89,54,3553,2153
15um-089-055,1,89,55,3553,2193
15um-089-056,1,89,56,3553,2233
15um-089-057,1,89,57,3553,2273
15um-089-058,1,89,58,3553,2313
15um-089-059,1,89,59,3553,2353
15um-089-060,1,89,60,3553,2393
15um-089-061,1,89,61,3553,2433
15um-089-062,1,89,62,3553,2473
15um-089-063,1,89,63,3553,2513
15um-089-064,1,89,64,3553,2553
15um-089-065,1,89,65,3553,2593
15um-089-066,1,89,66,3553,2633
15um-089-067,1,89,67,3553,2673
15um-089-068,1,89,68,3553,2713
15um-089-069,1,89,69,3553,2753
15um-089-070,1,89,70,3553,2793
15um-089-071,1,89,71,3553,2833
15um-089-072,1,89,72,3553,2873
15um-089-073,1,89,73,3553,2913
15um-089-074,1,89,74,3553,2953
15um-089-075,1,89,75,3553,2993
15um-089-076,1,89,76,3553,3033
15um-089-077,1,89,77,3553,3073
15um-089-078,1,89,78,3553,3113
15um-089-079,1,89,79,3553,3153
15um-089-080,1,89,80,3553,3193
15um-089-081,1,89,81,3553,3233
15um-089-082,1,89,82,3553,3273
15um-089-083,1,89,83,3553,3313
15um-089-084,1,89,84,3553,3353
15um-089-085,1,89,85,3553,3393
15um-089-086,1,89,86,3553,3433
15um-089-087,1,89,87,3553,3473
15um-089-088,1,89,88,3553,3513
15um-089-089,1,89,89,3553,3553
15um-089-090,1,89,90,3553,3593
15um-089-091,1,89,91,3553,3633
15um-089-092,1,89,92,3553,3673
15um-089-093,1,89,93,3553,3713
15um-089-094,1,89,94,3553,3753
15um-089-095,1,89,95,3553,3793
15um-089-096,1,89,96,3553,3833
15um-090-001,1,90,1,3593,33
15um-090-002,1,90,2,3593,73
15um-090-003,1,90,3,3593,113
15um-090-004,1,90,4,3593,153
15um-090-005,1,90,5,3593,193
15um-090-006,1,90,6,3593,233
15um-090-007,1,90,7,3593,273
15um-090-008,1,90,8,3593,313
15um-090-009,1,90,9,3593,353
15um-090-010,1,90,10,3593,393
15um-090-011,1,90,11,3593,433
15um-090-012,1,90,12,3593,473
15um-090-013,1,90,13,3593,513
15um-090-014,1,90,14,3593,553
15um-090-015,1,90,15,3593,593
15um-090-016,1,90,16,3593,633
15um-090-017,1,90,17,3593,673
15um-090-018,1,90,18,3593,713
15um-090-019,1,90,19,3593,753
15um-090-020,1,90,20,3593,793
15um-090-021,1,90,21,3593,833
15um-090-022,1,90,22,3593,873
15um-090-023,1,90,23,3593,913
15um-090-024,1,90,24,3593,953
15um-090-025,1,90,25,3593,993
15um-090-026,1,90,26,3593,1033
15um-090-027,1,90,27,3593,1073
15um-090-028,1,90,28,3593,1113
15um-090-029,1,90,29,3593,1153
15um-090-030,1,90,30,3593,1193
15um-090-031,1,90,31,3593,1233
15um-090-032,1,90,32,3593,1273
15um-090-033,1,90,33,3593,1313
15um-090-034,1,90,34,3593,1353
15um-090-035,1,90,35,3593,1393
15um-090-036,1,90,36,3593,1433
15um-090-037,1,90,37,3593,1473
15um-090-038,1,90,38,3593,1513
15um-090-039,1,90,39,3593,1553
15um-090-040,1,90,40,3593,1593
15um-090-041,1,90,41,3593,1633
15um-090-042,1,90,42,3593,1673
15um-090-043,1,90,43,3593,1713
15um-090-044,1,90,44,3593,1753
15um-090-045,1,90,45,3593,1793
15um-090-046,1,90,46,3593,1833
15um-090-047,1,90,47,3593,1873
15um-090-048,1,90,48,3593,1913
15um-090-049,1,90,49,3593,1953
15um-090-050,1,90,50,3593,1993
15um-090-051,1,90,51,3593,2033
15um-090-052,1,90,52,3593,2073
15um-090-053,1,90,53,3593,2113
15um-090-054,1,90,54,3593,2153
15um-090-055,1,90,55,3593,2193
15um-090-056,1,90,56,3593,2233
15um-090-057,1,90,57,3593,2273
15um-090-058,1,90,58,3593,2313
15um-090-059,1,90,59,3593,2353
15um-090-060,1,90,60,3593,2393
15um-090-061,1,90,61,3593,2433
15um-090-062,1,90,62,3593,2473
15um-090-063,1,90,63,3593,2513
15um-090-064,1,90,64,3593,2553
15um-090-065,1,90,65,3593,2593
15um-090-066,1,90,66,3593,2633
15um-090-067,1,90,67,3593,2673
15um-090-068,1,90,68,3593,2713
15um-090-069,1,90,69,3593,2753
15um-090-070,1,90,70,3593,2793
15um-090-071,1,90,71,3593,2833
15um-090-072,1,90,72,3593,2873
15um-090-073,1,90,73,3593,2913
15um-090-074,1,90,74,3593,2953
15um-090-075,1,90,75,3593,2993
15um-090-076,1,90,76,3593,3033
15um-090-077,1,90,77,3593,3073
15um-090-078,1,90,78,3593,3113
15um-090-079,1,90,79,3593,3153
15um-090-080,1,90,80,3593,3193
15um-090-081,1,90,81,3593,3233
15um-090-082,1,90,82,3593,3273
15um-090-083,1,90,83,3593,3313
15um-090-084,1,90,84,3593,3353
15um-090-085,1,90,85,3593,3393
15um-090-086,1,90,86,3593,3433
15um-090-087,1,90,87,3593,3473
15um-090-088,1,90,88,3593,3513
15um-090-089,1,90,89,3593,3553
15um-090-090,1,90,90,3593,3593
15um-090-091,1,90,91,3593,3633
15um-090-092,1,90,92,3593,3673
15um-090-093,1,90,93,3593,3713
15um-090-094,1,90,94,3593,3753
15um-090-095,1,90,95,3593,3793
15um-090-096,1,90,96,3593,3833
15um-091-001,1,91,1,3633,33
15um-091-002,1,91,2,3633,73
15um-091-003,1,91,3,3633,113
15um-091-004,1,91,4,3633,153
15um-091-005,1,91,5,3633,193
15um-091-006,1,91,6,3633,233
15um-091-007,1,91,7,3633,273
15um-091-008,1,91,8,3633,313
15um-091-009,1,91,9,3633,353
15um-091-010,1,91,10,3633,393
15um-091-011,1,91,11,3633,433
15um-091-012,1,91,12,3633,473
15um-091-013,1,91,13,3633,513
15um-091-014,1,91,14,3633,553
15um-091-015,1,91,15,3633,593
15um-091-016,1,91,16,3633,633
15um-091-017,1,91,17,3633,673
15um-091-018,1,91,18,3633,713
15um-091-019,1,91,19,3633,753
15um-091-020,1,91,20,3633,793
15um-091-021,1,91,21,3633,833
15um-091-022,1,91,22,3633,873
15um-091-023,1,91,23,3633,913
15um-091-024,1,91,24,3633,953
15um-091-025,1,91,25,3633,993
15um-091-026,1,91,26,3633,1033
15um-091-027,1,91,27,3633,1073
15um-091-028,1,91,28,3633,1113
15um-091-029,1,91,29,3633,1153
15um-091-030,1,91,30,3633,1193
15um-091-031,1,91,31,3633,1233
15um-091-032,1,91,32,3633,1273
15um-091-033,1,91,33,3633,1313
15um-091-034,1,91,34,3633,1353
15um-091-035,1,91,35,3633,1393
15um-091-036,1,91,36,3633,1433
15um-091-037,1,91,37,3633,1473
15um-091-038,1,91,38,3633,1513
15um-091-039,1,91,39,3633,1553
15um-091-040,1,91,40,3633,1593
15um-091-041,1,91,41,3633,1633
15um-091-042,1,91,42,3633,1673
15um-091-043,1,91,43,3633,1713
15um-091-044,1,91,44,3633,1753
15um-091-045,1,91,45,3633,1793
15um-091-046,1,91,46,3633,1833
15um-091-047,1,91,47,3633,1873
15um-091-048,1,91,48,3633,1913
15um-091-049,1,91,49,3633,1953
15um-091-050,1,91,50,3633,1993
15um-091-051,1,91,51,3633,2033
15um-091-052,1,91,52,3633,2073
15um-091-053,1,91,53,3633,2113
15um-091-054,1,91,54,3633,2153
15um-091-055,1,91,55,3633,2193
15um-091-056,1,91,56,3633,2233
15um-091-057,1,91,57,3633,2273
15um-091-058,1,91,58,3633,2313
15um-091-059,1,91,59,3633,2353
15um-091-060,1,91,60,3633,2393
15um-091-061,1,91,61,3633,2433
15um-091-062,1,91,62,3633,2473
15um-091-063,1,91,63,3633,2513
15um-091-064,1,91,64,3633,2553
15um-091-065,1,91,65,3633,2593
15um-091-066,1,91,66,3633,2633
15um-091-067,1,91,67,3633,2673
15um-091-068,1,91,68,3633,2713
15um-091-069,1,91,69,3633,2753
15um-091-070,1,91,70,3633,2793
15um-091-071,1,91,71,3633,2833
15um-091-072,1,91,72,3633,2873
15um-091-073,1,91,73,3633,2913
15um-091-074,1,91,74,3633,2953
15um-091-075,1,91,75,3633,2993
15um-091-076,1,91,76,3633,3033
15um-091-077,1,91,77,3633,3073
15um-091-078,1,91,78,3633,3113
15um-091-079,1,91,79,3633,3153
15um-091-080,1,91,80,3633,3193
15um-091-081,1,91,81,3633,3233
15um-091-082,1,91,82,3633,3273
15um-091-083,1,91,83,3633,3313
15um-091-084,1,91,84,3633,3353
15um-091-085,1,91,85,3633,3393
15um-091-086,1,91,86,3633,3433
15um-091-087,1,91,87,3633,3473
15um-091-088,1,91,88,3633,3513
15um-091-089,1,91,89,3633,3553
15um-091-090,1,91,90,3633,3593
15um-091-091,1,91,91,3633,3633
15um-091-092,1,91,92,3633,3673
15um-091-093,1,91,93,3633,3713
15um-091-094,1,91,94,3633,3753
15um-091-095,1,91,95,3633,3793
15um-091-096,1,91,96,3633,3833
15um-092-001,1,92,1,3673,33
15um-092-002,1,92,2,3673,73
15um-092-003,1,92,3,3673,113
15um-092-004,1,92,4,3673,153
15um-092-005,1,92,5,3673,193
15um-092-006,1,92,6,3673,233
15um-092-007,1,92,7,3673,273
15um-092-008,1,92,8,3673,313
15um-092-009,1,92,9,3673,353
15um-092-010,1,92,10,3673,393
15um-092-011,1,92,11,3673,433
15um-092-012,1,92,12,3673,473
15um-092-013,1,92,13,3673,513
15um-092-014,1,92,14,3673,553
15um-092-015,1,92,15,3673,593
15um-092-016,1,92,16,3673,633
15um-092-017,1,92,17,3673,673
15um-092-018,1,92,18,3673,713
15um-092-019,1,92,19,3673,753
15um-092-020,1,92,20,3673,793
15um-092-021,1,92,21,3673,833
15um-092-022,1,92,22,3673,873
15um-092-023,1,92,23,3673,913
15um-092-024,1,92,24,3673,953
15um-092-025,1,92,25,3673,993
15um-092-026,1,92,26,3673,1033
15um-092-027,1,92,27,3673,1073
15um-092-028,1,92,28,3673,1113
15um-092-029,1,92,29,3673,1153
15um-092-030,1,92,30,3673,1193
15um-092-031,1,92,31,3673,1233
15um-092-032,1,92,32,3673,1273
15um-092-033,1,92,33,3673,1313
15um-092-034,1,92,34,3673,1353
15um-092-035,1,92,35,3673,1393
15um-092-036,1,92,36,3673,1433
15um-092-037,1,92,37,3673,1473
15um-092-038,1,92,38,3673,1513
15um-092-039,1,92,39,3673,1553
15um-092-040,1,92,40,3673,1593
15um-092-041,1,92,41,3673,1633
15um-092-042,1,92,42,3673,1673
15um-092-043,1,92,43,3673,1713
15um-092-044,1,92,44,3673,1753
15um-092-045,1,92,45,3673,1793
15um-092-046,1,92,46,3673,1833
15um-092-047,1,92,47,3673,1873
15um-092-048,1,92,48,3673,1913
15um-092-049,1,92,49,3673,1953
15um-092-050,1,92,50,3673,1993
15um-092-051,1,92,51,3673,2033
15um-092-052,1,92,52,3673,2073
15um-092-053,1,92,53,3673,2113
15um-092-054,1,92,54,3673,2153
15um-092-055,1,92,55,3673,2193
15um-092-056,1,92,56,3673,2233
15um-092-057,1,92,57,3673,2273
15um-092-058,1,92,58,3673,2313
15um-092-059,1,92,59,3673,2353
15um-092-060,1,92,60,3673,2393
15um-092-061,1,92,61,3673,2433
15um-092-062,1,92,62,3673,2473
15um-092-063,1,92,63,3673,2513
15um-092-064,1,92,64,3673,2553
15um-092-065,1,92,65,3673,2593
15um-092-066,1,92,66,3673,2633
15um-092-067,1,92,67,3673,2673
15um-092-068,1,92,68,3673,2713
15um-092-069,1,92,69,3673,2753
15um-092-070,1,92,70,3673,2793
15um-092-071,1,92,71,3673,2833
15um-092-072,1,92,72,3673,2873
15um-092-073,1,92,73,3673,2913
15um-092-074,1,92,74,3673,2953
15um-092-075,1,92,75,3673,2993
15um-092-076,1,92,76,3673,3033
15um-092-077,1,92,77,3673,3073
15um-092-078,1,92,78,3673,3113
15um-092-079,1,92,79,3673,3153
15um-092-080,1,92,80,3673,3193
15um-092-081,1,92,81,3673,3233
15um-092-082,1,92,82,3673,3273
15um-092-083,1,92,83,3673,3313
15um-092-084,1,92,84,3673,3353
15um-092-085,1,92,85,3673,3393
15um-092-086,1,92,86,3673,3433
15um-092-087,1,92,87,3673,3473
15um-092-088,1,92,88,3673,3513
15um-092-089,1,92,89,3673,3553
15um-092-090,1,92,90,3673,3593
15um-092-091,1,92,91,3673,3633
15um-092-092,1,92,92,3673,3673
15um-092-093,1,92,93,3673,3713
15um-092-094,1,92,94,3673,3753
15um-092-095,1,92,95,3673,3793
15um-092-096,1,92,96,3673,3833
15um-093-001,1,93,1,3713,33
15um-093-002,1,93,2,3713,73
15um-093-003,1,93,3,3713,113
15um-093-004,1,93,4,3713,153
15um-093-005,1,93,5,3713,193
15um-093-006,1,93,6,3713,233
15um-093-007,1,93,7,3713,273
15um-093-008,1,93,8,3713,313
15um-093-009,1,93,9,3713,353
15um-093-010,1,93,10,3713,393
15um-093-011,1,93,11,3713,433
15um-093-012,1,93,12,3713,473
15um-093-013,1,93,13,3713,513
15um-093-014,1,93,14,3713,553
15um-093-015,1,93,15,3713,593
15um-093-016,1,93,16,3713,633
15um-093-017,1,93,17,3713,673
15um-093-018,1,93,18,3713,713
15um-093-019,1,93,19,3713,753
15um-093-020,1,93,20,3713,793
15um-093-021,1,93,21,3713,833
15um-093-022,1,93,22,3713,873
15um-093-023,1,93,23,3713,913
15um-093-024,1,93,24,3713,953
15um-093-025,1,93,25,3713,993
15um-093-026,1,93,26,3713,1033
15um-093-027,1,93,27,3713,1073
15um-093-028,1,93,28,3713,1113
15um-093-029,1,93,29,3713,1153
15um-093-030,1,93,30,3713,1193
15um-093-031,1,93,31,3713,1233
15um-093-032,1,93,32,3713,1273
15um-093-033,1,93,33,3713,1313
15um-093-034,1,93,34,3713,1353
15um-093-035,1,93,35,3713,1393
15um-093-036,1,93,36,3713,1433
15um-093-037,1,93,37,3713,1473
15um-093-038,1,93,38,3713,1513
15um-093-039,1,93,39,3713,1553
15um-093-040,1,93,40,3713,1593
15um-093-041,1,93,41,3713,1633
15um-093-042,1,93,42,3713,1673
15um-093-043,1,93,43,3713,1713
15um-093-044,1,93,44,3713,1753
15um-093-045,1,93,45,3713,1793
15um-093-046,1,93,46,3713,1833
15um-093-047,1,93,47,3713,1873
15um-093-048,1,93,48,3713,1913
15um-093-049,1,93,49,3713,1953
15um-093-050,1,93,50,3713,1993
15um-093-051,1,93,51,3713,2033
15um-093-052,1,93,52,3713,2073
15um-093-053,1,93,53,3713,2113
15um-093-054,1,93,54,3713,2153
15um-093-055,1,93,55,3713,2193
15um-093-056,1,93,56,3713,2233
15um-093-057,1,93,57,3713,2273
15um-093-058,1,93,58,3713,2313
15um-093-059,1,93,59,3713,2353
15um-093-060,1,93,60,3713,2393
15um-093-061,1,93,61,3713,2433
15um-093-062,1,93,62,3713,2473
15um-093-063,1,93,63,3713,2513
15um-093-064,1,93,64,3713,2553
15um-093-065,1,93,65,3713,2593
15um-093-066,1,93,66,3713,2633
15um-093-067,1,93,67,3713,2673
15um-093-068,1,93,68,3713,2713
15um-093-069,1,93,69,3713,2753
15um-093-070,1,93,70,3713,2793
15um-093-071,1,93,71,3713,2833
15um-093-072,1,93,72,3713,2873
15um-093-073,1,93,73,3713,2913
15um-093-074,1,93,74,3713,2953
15um-093-075,1,93,75,3713,2993
15um-093-076,1,93,76,3713,3033
15um-093-077,1,93,77,3713,3073
15um-093-078,1,93,78,3713,3113
15um-093-079,1,93,79,3713,3153
15um-093-080,1,93,80,3713,3193
15um-093-081,1,93,81,3713,3233
15um-093-082,1,93,82,3713,3273
15um-093-083,1,93,83,3713,3313
15um-093-084,1,93,84,3713,3353
15um-093-085,1,93,85,3713,3393
15um-093-086,1,93,86,3713,3433
15um-093-087,1,93,87,3713,3473
15um-093-088,1,93,88,3713,3513
15um-093-089,1,93,89,3713,3553
15um-093-090,1,93,90,3713,3593
15um-093-091,1,93,91,3713,3633
15um-093-092,1,93,92,3713,3673
15um-093-093,1,93,93,3713,3713
15um-093-094,1,93,94,3713,3753
15um-093-095,1,93,95,3713,3793
15um-093-096,1,93,96,3713,3833
15um-094-001,1,94,1,3753,33
15um-094-002,1,94,2,3753,73
15um-094-003,1,94,3,3753,113
15um-094-004,1,94,4,3753,153
15um-094-005,1,94,5,3753,193
15um-094-006,1,94,6,3753,233
15um-094-007,1,94,7,3753,273
15um-094-008,1,94,8,3753,313
15um-094-009,1,94,9,3753,353
15um-094-010,1,94,10,3753,393
15um-094-011,1,94,11,3753,433
15um-094-012,1,94,12,3753,473
15um-094-013,1,94,13,3753,513
15um-094-014,1,94,14,3753,553
15um-094-015,1,94,15,3753,593
15um-094-016,1,94,16,3753,633
15um-094-017,1,94,17,3753,673
15um-094-018,1,94,18,3753,713
15um-094-019,1,94,19,3753,753
15um-094-020,1,94,20,3753,793
15um-094-021,1,94,21,3753,833
15um-094-022,1,94,22,3753,873
15um-094-023,1,94,23,3753,913
15um-094-024,1,94,24,3753,953
15um-094-025,1,94,25,3753,993
15um-094-026,1,94,26,3753,1033
15um-094-027,1,94,27,3753,1073
15um-094-028,1,94,28,3753,1113
15um-094-029,1,94,29,3753,1153
15um-094-030,1,94,30,3753,1193
15um-094-031,1,94,31,3753,1233
15um-094-032,1,94,32,3753,1273
15um-094-033,1,94,33,3753,1313
15um-094-034,1,94,34,3753,1353
15um-094-035,1,94,35,3753,1393
15um-094-036,1,94,36,3753,1433
15um-094-037,1,94,37,3753,1473
15um-094-038,1,94,38,3753,1513
15um-094-039,1,94,39,3753,1553
15um-094-040,1,94,40,3753,1593
15um-094-041,1,94,41,3753,1633
15um-094-042,1,94,42,3753,1673
15um-094-043,1,94,43,3753,1713
15um-094-044,1,94,44,3753,1753
15um-094-045,1,94,45,3753,1793
15um-094-046,1,94,46,3753,1833
15um-094-047,1,94,47,3753,1873
15um-094-048,1,94,48,3753,1913
15um-094-049,1,94,49,3753,1953
15um-094-050,1,94,50,3753,1993
15um-094-051,1,94,51,3753,2033
15um-094-052,1,94,52,3753,2073
15um-094-053,1,94,53,3753,2113
15um-094-054,1,94,54,3753,2153
15um-094-055,1,94,55,3753,2193
15um-094-056,1,94,56,3753,2233
15um-094-057,1,94,57,3753,2273
15um-094-058,1,94,58,3753,2313
15um-094-059,1,94,59,3753,2353
15um-094-060,1,94,60,3753,2393
15um-094-061,1,94,61,3753,2433
15um-094-062,1,94,62,3753,2473
15um-094-063,1,94,63,3753,2513
15um-094-064,1,94,64,3753,2553
15um-094-065,1,94,65,3753,2593
15um-094-066,1,94,66,3753,2633
15um-094-067,1,94,67,3753,2673
15um-094-068,1,94,68,3753,2713
15um-094-069,1,94,69,3753,2753
15um-094-070,1,94,70,3753,2793
15um-094-071,1,94,71,3753,2833
15um-094-072,1,94,72,3753,2873
15um-094-073,1,94,73,3753,2913
15um-094-074,1,94,74,3753,2953
15um-094-075,1,94,75,3753,2993
15um-094-076,1,94,76,3753,3033
15um-094-077,1,94,77,3753,3073
15um-094-078,1,94,78,3753,3113
15um-094-079,1,94,79,3753,3153
15um-094-080,1,94,80,3753,3193
15um-094-081,1,94,81,3753,3233
15um-094-082,1,94,82,3753,3273
15um-094-083,1,94,83,3753,3313
15um-094-084,1,94,84,3753,3353
15um-094-085,1,94,85,3753,3393
15um-094-086,1,94,86,3753,3433
15um-094-087,1,94,87,3753,3473
15um-094-088,1,94,88,3753,3513
15um-094-089,1,94,89,3753,3553
15um-094-090,1,94,90,3753,3593
15um-094-091,1,94,91,3753,3633
15um-094-092,1,94,92,3753,3673
15um-094-093,1,94,93,3753,3713
15um-094-094,1,94,94,3753,3753
15um-094-095,1,94,95,3753,3793
15um-094-096,1,94,96,3753,3833
15um-095-001,1,95,1,3793,33
15um-095-002,1,95,2,3793,73
15um-095-003,1,95,3,3793,113
15um-095-004,1,95,4,3793,153
15um-095-005,1,95,5,3793,193
15um-095-006,1,95,6,3793,233
15um-095-007,1,95,7,3793,273
15um-095-008,1,95,8,3793,313
15um-095-009,1,95,9,3793,353
15um-095-010,1,95,10,3793,393
15um-095-011,1,95,11,3793,433
15um-095-012,1,95,12,3793,473
15um-095-013,1,95,13,3793,513
15um-095-014,1,95,14,3793,553
15um-095-015,1,95,15,3793,593
15um-095-016,1,95,16,3793,633
15um-095-017,1,95,17,3793,673
15um-095-018,1,95,18,3793,713
15um-095-019,1,95,19,3793,753
15um-095-020,1,95,20,3793,793
15um-095-021,1,95,21,3793,833
15um-095-022,1,95,22,3793,873
15um-095-023,1,95,23,3793,913
15um-095-024,1,95,24,3793,953
15um-095-025,1,95,25,3793,993
15um-095-026,1,95,26,3793,1033
15um-095-027,1,95,27,3793,1073
15um-095-028,1,95,28,3793,1113
15um-095-029,1,95,29,3793,1153
15um-095-030,1,95,30,3793,1193
15um-095-031,1,95,31,3793,1233
15um-095-032,1,95,32,3793,1273
15um-095-033,1,95,33,3793,1313
15um-095-034,1,95,34,3793,1353
15um-095-035,1,95,35,3793,1393
15um-095-036,1,95,36,3793,1433
15um-095-037,1,95,37,3793,1473
15um-095-038,1,95,38,3793,1513
15um-095-039,1,95,39,3793,1553
15um-095-040,1,95,40,3793,1593
15um-095-041,1,95,41,3793,1633
15um-095-042,1,95,42,3793,1673
15um-095-043,1,95,43,3793,1713
15um-095-044,1,95,44,3793,1753
15um-095-045,1,95,45,3793,1793
15um-095-046,1,95,46,3793,1833
15um-095-047,1,95,47,3793,1873
15um-095-048,1,95,48,3793,1913
15um-095-049,1,95,49,3793,1953
15um-095-050,1,95,50,3793,1993
15um-095-051,1,95,51,3793,2033
15um-095-052,1,95,52,3793,2073
15um-095-053,1,95,53,3793,2113
15um-095-054,1,95,54,3793,2153
15um-095-055,1,95,55,3793,2193
15um-095-056,1,95,56,3793,2233
15um-095-057,1,95,57,3793,2273
15um-095-058,1,95,58,3793,2313
15um-095-059,1,95,59,3793,2353
15um-095-060,1,95,60,3793,2393
15um-095-061,1,95,61,3793,2433
15um-095-062,1,95,62,3793,2473
15um-095-063,1,95,63,3793,2513
15um-095-064,1,95,64,3793,2553
15um-095-065,1,95,65,3793,2593
15um-095-066,1,95,66,3793,2633
15um-095-067,1,95,67,3793,2673
15um-095-068,1,95,68,3793,2713
15um-095-069,1,95,69,3793,2753
15um-095-070,1,95,70,3793,2793
15um-095-071,1,95,71,3793,2833
15um-095-072,1,95,72,3793,2873
15um-095-073,1,95,73,3793,2913
15um-095-074,1,95,74,3793,2953
15um-095-075,1,95,75,3793,2993
15um-095-076,1,95,76,3793,3033
15um-095-077,1,95,77,3793,3073
15um-095-078,1,95,78,3793,3113
15um-095-079,1,95,79,3793,3153
15um-095-080,1,95,80,3793,3193
15um-095-081,1,95,81,3793,3233
15um-095-082,1,95,82,3793,3273
15um-095-083,1,95,83,3793,3313
15um-095-084,1,95,84,3793,3353
15um-095-085,1,95,85,3793,3393
15um-095-086,1,95,86,3793,3433
15um-095-087,1,95,87,3793,3473
15um-095-088,1,95,88,3793,3513
15um-095-089,1,95,89,3793,3553
15um-095-090,1,95,90,3793,3593
15um-095-091,1,95,91,3793,3633
15um-095-092,1,95,92,3793,3673
15um-095-093,1,95,93,3793,3713
15um-095-094,1,95,94,3793,3753
15um-095-095,1,95,95,3793,3793
15um-095-096,1,95,96,3793,3833
15um-096-001,1,96,1,3833,33
15um-096-002,1,96,2,3833,73
15um-096-003,1,96,3,3833,113
15um-096-004,1,96,4,3833,153
15um-096-005,1,96,5,3833,193
15um-096-006,1,96,6,3833,233
15um-096-007,1,96,7,3833,273
15um-096-008,1,96,8,3833,313
15um-096-009,1,96,9,3833,353
15um-096-010,1,96,10,3833,393
15um-096-011,1,96,11,3833,433
15um-096-012,1,96,12,3833,473
15um-096-013,1,96,13,3833,513
15um-096-014,1,96,14,3833,553
15um-096-015,1,96,15,3833,593
15um-096-016,1,96,16,3833,633
15um-096-017,1,96,17,3833,673
15um-096-018,1,96,18,3833,713
15um-096-019,1,96,19,3833,753
15um-096-020,1,96,20,3833,793
15um-096-021,1,96,21,3833,833
15um-096-022,1,96,22,3833,873
15um-096-023,1,96,23,3833,913
15um-096-024,1,96,24,3833,953
15um-096-025,1,96,25,3833,993
15um-096-026,1,96,26,3833,1033
15um-096-027,1,96,27,3833,1073
15um-096-028,1,96,28,3833,1113
15um-096-029,1,96,29,3833,1153
15um-096-030,1,96,30,3833,1193
15um-096-031,1,96,31,3833,1233
15um-096-032,1,96,32,3833,1273
15um-096-033,1,96,33,3833,1313
15um-096-034,1,96,34,3833,1353
15um-096-035,1,96,35,3833,1393
15um-096-036,1,96,36,3833,1433
15um-096-037,1,96,37,3833,1473
15um-096-038,1,96,38,3833,1513
15um-096-039,1,96,39,3833,1553
15um-096-040,1,96,40,3833,1593
15um-096-041,1,96,41,3833,1633
15um-096-042,1,96,42,3833,1673
15um-096-043,1,96,43,3833,1713
15um-096-044,1,96,44,3833,1753
15um-096-045,1,96,45,3833,1793
15um-096-046,1,96,46,3833,1833
15um-096-047,1,96,47,3833,1873
15um-096-048,1,96,48,3833,1913
15um-096-049,1,96,49,3833,1953
15um-096-050,1,96,50,3833,1993
15um-096-051,1,96,51,3833,2033
15um-096-052,1,96,52,3833,2073
15um-096-053,1,96,53,3833,2113
15um-096-054,1,96,54,3833,2153
15um-096-055,1,96,55,3833,2193
15um-096-056,1,96,56,3833,2233
15um-096-057,1,96,57,3833,2273
15um-096-058,1,96,58,3833,2313
15um-096-059,1,96,59,3833,2353
15um-096-060,1,96,60,3833,2393
15um-096-061,1,96,61,3833,2433
15um-096-062,1,96,62,3833,2473
15um-096-063,1,96,63,3833,2513
15um-096-064,1,96,64,3833,2553
15um-096-065,1,96,65,3833,2593
15um-096-066,1,96,66,3833,2633
15um-096-067,1,96,67,3833,2673
15um-096-068,1,96,68,3833,2713
15um-096-069,1,96,69,3833,2753
15um-096-070,1,96,70,3833,2793
15um-096-071,1,96,71,3833,2833
15um-096-072,1,96,72,3833,2873
15um-096-073,1,96,73,3833,2913
15um-096-074,1,96,74,3833,2953
15um-096-075,1,96,75,3833,2993
15um-096-076,1,96,76,3833,3033
15um-096-077,1,96,77,3833,3073
15um-096-078,1,96,78,3833,3113
15um-096-079,1,96,79,3833,3153
15um-096-080,1,96,80,3833,3193
15um-096-081,1,96,81,3833,3233
15um-096-082,1,96,82,3833,3273
15um-096-083,1,96,83,3833,3313
15um-096-084,1,96,84,3833,3353
15um-096-085,1,96,85,3833,3393
15um-096-086,1,96,86,3833,3433
15um-096-087,1,96,87,3833,3473
15um-096-088,1,96,88,3833,3513
15um-096-089,1,96,89,3833,3553
15um-096-090,1,96,90,3833,3593
15um-096-091,1,96,91,3833,3633
15um-096-092,1,96,92,3833,3673
15um-096-093,1,96,93,3833,3713
15um-096-094,1,96,94,3833,3753
15um-096-095,1,96,95,3833,3793
15um-096-096,1,96,96,3833,3833
